timestamp,asset,close
2026-04-06 00:00:00+00:00,AVAX,12.680537033631389
2026-04-06 00:00:00+00:00,BCH,152.78433480581813
2026-04-06 00:00:00+00:00,BTC,70014.93272944156
2026-04-06 00:00:00+00:00,CC,27.485944229196345
2026-04-06 00:00:00+00:00,ETH,83.91133888745213
2026-04-06 00:00:00+00:00,FARTCOIN,47.59503907635677
2026-04-06 00:00:00+00:00,SOL,76.23867051948602
2026-04-06 00:00:00+00:00,XPL,189.47264553533
2026-04-06 00:01:00+00:00,AVAX,12.674021305661821
2026-04-06 00:01:00+00:00,BCH,152.514363090685
2026-04-06 00:01:00+00:00,BTC,69963.98118570357
2026-04-06 00:01:00+00:00,CC,27.524514499529403
2026-04-06 00:01:00+00:00,ETH,83.8866509343901
2026-04-06 00:01:00+00:00,FARTCOIN,47.56205436089053
2026-04-06 00:01:00+00:00,SOL,76.2431195429034
2026-04-06 00:01:00+00:00,XPL,189.36609426728697
2026-04-06 00:02:00+00:00,AVAX,12.66903652222776
2026-04-06 00:02:00+00:00,BCH,152.56438826993852
2026-04-06 00:02:00+00:00,BTC,70000.7440282508
2026-04-06 00:02:00+00:00,CC,27.55268175440091
2026-04-06 00:02:00+00:00,ETH,83.81914110348048
2026-04-06 00:02:00+00:00,FARTCOIN,47.551707924001114
2026-04-06 00:02:00+00:00,SOL,76.35552749880732
2026-04-06 00:02:00+00:00,XPL,189.41610988709462
2026-04-06 00:03:00+00:00,AVAX,12.67108160098838
2026-04-06 00:03:00+00:00,BCH,152.67828057391603
2026-04-06 00:03:00+00:00,BTC,70046.84736466329
2026-04-06 00:03:00+00:00,CC,27.533393751113376
2026-04-06 00:03:00+00:00,ETH,83.97472548367138
2026-04-06 00:03:00+00:00,FARTCOIN,47.55225646654762
2026-04-06 00:03:00+00:00,SOL,76.39813885440552
2026-04-06 00:03:00+00:00,XPL,189.33035034420038
2026-04-06 00:04:00+00:00,AVAX,12.668290371138212
2026-04-06 00:04:00+00:00,BCH,152.4320929715628
2026-04-06 00:04:00+00:00,BTC,69951.24795591242
2026-04-06 00:04:00+00:00,CC,27.527189887849953
2026-04-06 00:04:00+00:00,ETH,83.86642676465564
2026-04-06 00:04:00+00:00,FARTCOIN,47.623188799705694
2026-04-06 00:04:00+00:00,SOL,76.33034682861668
2026-04-06 00:04:00+00:00,XPL,189.6542390753952
2026-04-06 00:05:00+00:00,AVAX,12.663857394846875
2026-04-06 00:05:00+00:00,BCH,152.42059166176307
2026-04-06 00:05:00+00:00,BTC,69887.51465049943
2026-04-06 00:05:00+00:00,CC,27.512261998841396
2026-04-06 00:05:00+00:00,ETH,83.82335057789032
2026-04-06 00:05:00+00:00,FARTCOIN,47.61622576964052
2026-04-06 00:05:00+00:00,SOL,76.30634970905463
2026-04-06 00:05:00+00:00,XPL,189.59578019250984
2026-04-06 00:06:00+00:00,AVAX,12.671301290036988
2026-04-06 00:06:00+00:00,BCH,152.44299716247136
2026-04-06 00:06:00+00:00,BTC,69893.76904397723
2026-04-06 00:06:00+00:00,CC,27.475531390310856
2026-04-06 00:06:00+00:00,ETH,84.00538316101245
2026-04-06 00:06:00+00:00,FARTCOIN,47.54652332024328
2026-04-06 00:06:00+00:00,SOL,76.3218839105163
2026-04-06 00:06:00+00:00,XPL,189.63318706796042
2026-04-06 00:07:00+00:00,AVAX,12.648737992499905
2026-04-06 00:07:00+00:00,BCH,152.56010566072737
2026-04-06 00:07:00+00:00,BTC,69878.298385711
2026-04-06 00:07:00+00:00,CC,27.480172610780393
2026-04-06 00:07:00+00:00,ETH,84.1042847358058
2026-04-06 00:07:00+00:00,FARTCOIN,47.47623841036255
2026-04-06 00:07:00+00:00,SOL,76.28025105649785
2026-04-06 00:07:00+00:00,XPL,189.89890970831104
2026-04-06 00:08:00+00:00,AVAX,12.669539598165978
2026-04-06 00:08:00+00:00,BCH,152.50954473538894
2026-04-06 00:08:00+00:00,BTC,69877.47656513553
2026-04-06 00:08:00+00:00,CC,27.466410048223032
2026-04-06 00:08:00+00:00,ETH,84.08024227448178
2026-04-06 00:08:00+00:00,FARTCOIN,47.48405951824513
2026-04-06 00:08:00+00:00,SOL,76.25666923246831
2026-04-06 00:08:00+00:00,XPL,190.03185036081945
2026-04-06 00:09:00+00:00,AVAX,12.649534314405805
2026-04-06 00:09:00+00:00,BCH,152.85051450569452
2026-04-06 00:09:00+00:00,BTC,69835.7630306514
2026-04-06 00:09:00+00:00,CC,27.43175640462353
2026-04-06 00:09:00+00:00,ETH,83.99272170640775
2026-04-06 00:09:00+00:00,FARTCOIN,47.414084498303346
2026-04-06 00:09:00+00:00,SOL,76.16191337861393
2026-04-06 00:09:00+00:00,XPL,189.99676539173402
2026-04-06 00:10:00+00:00,AVAX,12.673577925212328
2026-04-06 00:10:00+00:00,BCH,152.85283814830558
2026-04-06 00:10:00+00:00,BTC,69878.76566505132
2026-04-06 00:10:00+00:00,CC,27.38648084463034
2026-04-06 00:10:00+00:00,ETH,84.0120633651195
2026-04-06 00:10:00+00:00,FARTCOIN,47.331104387047915
2026-04-06 00:10:00+00:00,SOL,76.23069554496975
2026-04-06 00:10:00+00:00,XPL,190.27352318468132
2026-04-06 00:11:00+00:00,AVAX,12.691107147853307
2026-04-06 00:11:00+00:00,BCH,152.79931680737366
2026-04-06 00:11:00+00:00,BTC,69916.82182230591
2026-04-06 00:11:00+00:00,CC,27.338113254502193
2026-04-06 00:11:00+00:00,ETH,84.08953252834725
2026-04-06 00:11:00+00:00,FARTCOIN,47.37237303752752
2026-04-06 00:11:00+00:00,SOL,76.25952935283738
2026-04-06 00:11:00+00:00,XPL,190.87479764442025
2026-04-06 00:12:00+00:00,AVAX,12.698202034389903
2026-04-06 00:12:00+00:00,BCH,152.66424354382815
2026-04-06 00:12:00+00:00,BTC,69920.05355655446
2026-04-06 00:12:00+00:00,CC,27.32618367232921
2026-04-06 00:12:00+00:00,ETH,84.0848729658576
2026-04-06 00:12:00+00:00,FARTCOIN,47.41173888547322
2026-04-06 00:12:00+00:00,SOL,76.21702132280889
2026-04-06 00:12:00+00:00,XPL,190.9492794621926
2026-04-06 00:13:00+00:00,AVAX,12.696947796070093
2026-04-06 00:13:00+00:00,BCH,152.7376716095459
2026-04-06 00:13:00+00:00,BTC,69975.24706532346
2026-04-06 00:13:00+00:00,CC,27.32770577780665
2026-04-06 00:13:00+00:00,ETH,84.11136292985402
2026-04-06 00:13:00+00:00,FARTCOIN,47.398278229984896
2026-04-06 00:13:00+00:00,SOL,76.22271404606089
2026-04-06 00:13:00+00:00,XPL,191.00617666840088
2026-04-06 00:14:00+00:00,AVAX,12.702213028305033
2026-04-06 00:14:00+00:00,BCH,152.54390721592554
2026-04-06 00:14:00+00:00,BTC,69998.15067000686
2026-04-06 00:14:00+00:00,CC,27.300803706513193
2026-04-06 00:14:00+00:00,ETH,84.24593351329212
2026-04-06 00:14:00+00:00,FARTCOIN,47.418087381296196
2026-04-06 00:14:00+00:00,SOL,76.16090795360867
2026-04-06 00:14:00+00:00,XPL,191.05779423805538
2026-04-06 00:15:00+00:00,AVAX,12.690340635516042
2026-04-06 00:15:00+00:00,BCH,152.50635972941097
2026-04-06 00:15:00+00:00,BTC,69956.05911211086
2026-04-06 00:15:00+00:00,CC,27.31884420328476
2026-04-06 00:15:00+00:00,ETH,84.19421666875098
2026-04-06 00:15:00+00:00,FARTCOIN,47.423087646480695
2026-04-06 00:15:00+00:00,SOL,76.18906818513008
2026-04-06 00:15:00+00:00,XPL,191.33545268982846
2026-04-06 00:16:00+00:00,AVAX,12.693457033923604
2026-04-06 00:16:00+00:00,BCH,152.27847722759552
2026-04-06 00:16:00+00:00,BTC,69974.11888900973
2026-04-06 00:16:00+00:00,CC,27.318105764680265
2026-04-06 00:16:00+00:00,ETH,84.38716108168752
2026-04-06 00:16:00+00:00,FARTCOIN,47.459832401485784
2026-04-06 00:16:00+00:00,SOL,76.21117861235665
2026-04-06 00:16:00+00:00,XPL,191.20779568437516
2026-04-06 00:17:00+00:00,AVAX,12.683364416504263
2026-04-06 00:17:00+00:00,BCH,152.21376785877334
2026-04-06 00:17:00+00:00,BTC,69927.16677274338
2026-04-06 00:17:00+00:00,CC,27.333354035527634
2026-04-06 00:17:00+00:00,ETH,84.34591707913712
2026-04-06 00:17:00+00:00,FARTCOIN,47.48791112218469
2026-04-06 00:17:00+00:00,SOL,76.10858706431834
2026-04-06 00:17:00+00:00,XPL,191.1182884402681
2026-04-06 00:18:00+00:00,AVAX,12.666733847825059
2026-04-06 00:18:00+00:00,BCH,152.10825201753678
2026-04-06 00:18:00+00:00,BTC,69970.17927441359
2026-04-06 00:18:00+00:00,CC,27.330716223387395
2026-04-06 00:18:00+00:00,ETH,84.52572008805028
2026-04-06 00:18:00+00:00,FARTCOIN,47.34547322795578
2026-04-06 00:18:00+00:00,SOL,76.20381054705184
2026-04-06 00:18:00+00:00,XPL,190.7894757712709
2026-04-06 00:19:00+00:00,AVAX,12.679152061336872
2026-04-06 00:19:00+00:00,BCH,152.05154598873457
2026-04-06 00:19:00+00:00,BTC,69967.7339896834
2026-04-06 00:19:00+00:00,CC,27.30472257423392
2026-04-06 00:19:00+00:00,ETH,84.55039518830557
2026-04-06 00:19:00+00:00,FARTCOIN,47.33148052447423
2026-04-06 00:19:00+00:00,SOL,76.16312020906963
2026-04-06 00:19:00+00:00,XPL,190.5172931236523
2026-04-06 00:20:00+00:00,AVAX,12.6768321213111
2026-04-06 00:20:00+00:00,BCH,152.11756486708092
2026-04-06 00:20:00+00:00,BTC,69958.68049499961
2026-04-06 00:20:00+00:00,CC,27.30775521480167
2026-04-06 00:20:00+00:00,ETH,84.61439626585532
2026-04-06 00:20:00+00:00,FARTCOIN,47.359679754517046
2026-04-06 00:20:00+00:00,SOL,76.0584037154763
2026-04-06 00:20:00+00:00,XPL,190.39402246818392
2026-04-06 00:21:00+00:00,AVAX,12.66616939062854
2026-04-06 00:21:00+00:00,BCH,152.37158196136573
2026-04-06 00:21:00+00:00,BTC,69925.3425881932
2026-04-06 00:21:00+00:00,CC,27.26381039192553
2026-04-06 00:21:00+00:00,ETH,84.52498048681727
2026-04-06 00:21:00+00:00,FARTCOIN,47.33184622071252
2026-04-06 00:21:00+00:00,SOL,76.09750374928572
2026-04-06 00:21:00+00:00,XPL,190.36309460917585
2026-04-06 00:22:00+00:00,AVAX,12.668995751072693
2026-04-06 00:22:00+00:00,BCH,152.334592403512
2026-04-06 00:22:00+00:00,BTC,69985.20883603106
2026-04-06 00:22:00+00:00,CC,27.28613446499462
2026-04-06 00:22:00+00:00,ETH,84.52151746755656
2026-04-06 00:22:00+00:00,FARTCOIN,47.34200467538517
2026-04-06 00:22:00+00:00,SOL,76.11607569378315
2026-04-06 00:22:00+00:00,XPL,190.800299460765
2026-04-06 00:23:00+00:00,AVAX,12.671918427365167
2026-04-06 00:23:00+00:00,BCH,152.2999812329006
2026-04-06 00:23:00+00:00,BTC,69977.63890080906
2026-04-06 00:23:00+00:00,CC,27.254876655646363
2026-04-06 00:23:00+00:00,ETH,84.54872005004256
2026-04-06 00:23:00+00:00,FARTCOIN,47.383646345989085
2026-04-06 00:23:00+00:00,SOL,76.08107383357196
2026-04-06 00:23:00+00:00,XPL,190.91892963188917
2026-04-06 00:24:00+00:00,AVAX,12.658502984548875
2026-04-06 00:24:00+00:00,BCH,152.1620237441953
2026-04-06 00:24:00+00:00,BTC,69956.66068714028
2026-04-06 00:24:00+00:00,CC,27.283288668528467
2026-04-06 00:24:00+00:00,ETH,84.60241224287881
2026-04-06 00:24:00+00:00,FARTCOIN,47.385406415070314
2026-04-06 00:24:00+00:00,SOL,76.06450570980576
2026-04-06 00:24:00+00:00,XPL,190.69864852123774
2026-04-06 00:25:00+00:00,AVAX,12.630190060583663
2026-04-06 00:25:00+00:00,BCH,152.01109263756314
2026-04-06 00:25:00+00:00,BTC,69939.41895109974
2026-04-06 00:25:00+00:00,CC,27.270865444220007
2026-04-06 00:25:00+00:00,ETH,84.58775287858312
2026-04-06 00:25:00+00:00,FARTCOIN,47.468887876258016
2026-04-06 00:25:00+00:00,SOL,76.12681365719594
2026-04-06 00:25:00+00:00,XPL,190.52273863660955
2026-04-06 00:26:00+00:00,AVAX,12.638821206386131
2026-04-06 00:26:00+00:00,BCH,151.9614308182149
2026-04-06 00:26:00+00:00,BTC,69965.4843836003
2026-04-06 00:26:00+00:00,CC,27.307694054672858
2026-04-06 00:26:00+00:00,ETH,84.51664194512706
2026-04-06 00:26:00+00:00,FARTCOIN,47.53666990243733
2026-04-06 00:26:00+00:00,SOL,76.15230194704863
2026-04-06 00:26:00+00:00,XPL,190.85152544724804
2026-04-06 00:27:00+00:00,AVAX,12.647477109486092
2026-04-06 00:27:00+00:00,BCH,152.10724679640282
2026-04-06 00:27:00+00:00,BTC,69983.38460272262
2026-04-06 00:27:00+00:00,CC,27.27232659765292
2026-04-06 00:27:00+00:00,ETH,84.43159397536527
2026-04-06 00:27:00+00:00,FARTCOIN,47.5323388048912
2026-04-06 00:27:00+00:00,SOL,76.08670473633035
2026-04-06 00:27:00+00:00,XPL,191.1194961397455
2026-04-06 00:28:00+00:00,AVAX,12.648310697539111
2026-04-06 00:28:00+00:00,BCH,152.07779037318193
2026-04-06 00:28:00+00:00,BTC,70003.60662134904
2026-04-06 00:28:00+00:00,CC,27.251729016829742
2026-04-06 00:28:00+00:00,ETH,84.34392802287606
2026-04-06 00:28:00+00:00,FARTCOIN,47.52378979704455
2026-04-06 00:28:00+00:00,SOL,76.14265398639735
2026-04-06 00:28:00+00:00,XPL,191.1369963117304
2026-04-06 00:29:00+00:00,AVAX,12.63848963236415
2026-04-06 00:29:00+00:00,BCH,152.4250330509981
2026-04-06 00:29:00+00:00,BTC,70024.72112180176
2026-04-06 00:29:00+00:00,CC,27.265833715206067
2026-04-06 00:29:00+00:00,ETH,84.23144431820967
2026-04-06 00:29:00+00:00,FARTCOIN,47.364374321121346
2026-04-06 00:29:00+00:00,SOL,76.12893795110097
2026-04-06 00:29:00+00:00,XPL,191.04704608518443
2026-04-06 00:30:00+00:00,AVAX,12.655617816752441
2026-04-06 00:30:00+00:00,BCH,152.67653762392445
2026-04-06 00:30:00+00:00,BTC,70129.77764323686
2026-04-06 00:30:00+00:00,CC,27.312345970288618
2026-04-06 00:30:00+00:00,ETH,84.3471580979611
2026-04-06 00:30:00+00:00,FARTCOIN,47.36001832652331
2026-04-06 00:30:00+00:00,SOL,76.35563750946038
2026-04-06 00:30:00+00:00,XPL,191.3624860892976
2026-04-06 00:31:00+00:00,AVAX,12.63589175760531
2026-04-06 00:31:00+00:00,BCH,152.50093447770846
2026-04-06 00:31:00+00:00,BTC,70109.82922462835
2026-04-06 00:31:00+00:00,CC,27.365466339146426
2026-04-06 00:31:00+00:00,ETH,84.4121914166182
2026-04-06 00:31:00+00:00,FARTCOIN,47.28048148619664
2026-04-06 00:31:00+00:00,SOL,76.33709872679688
2026-04-06 00:31:00+00:00,XPL,191.1236444434186
2026-04-06 00:32:00+00:00,AVAX,12.62036810095799
2026-04-06 00:32:00+00:00,BCH,152.40415469568225
2026-04-06 00:32:00+00:00,BTC,70084.6944560038
2026-04-06 00:32:00+00:00,CC,27.36486226448316
2026-04-06 00:32:00+00:00,ETH,84.38544892213814
2026-04-06 00:32:00+00:00,FARTCOIN,47.289643509307645
2026-04-06 00:32:00+00:00,SOL,76.16048248374673
2026-04-06 00:32:00+00:00,XPL,191.19986493430144
2026-04-06 00:33:00+00:00,AVAX,12.605739193934797
2026-04-06 00:33:00+00:00,BCH,152.22048782935698
2026-04-06 00:33:00+00:00,BTC,70044.78271565198
2026-04-06 00:33:00+00:00,CC,27.422152108903884
2026-04-06 00:33:00+00:00,ETH,84.17318583789707
2026-04-06 00:33:00+00:00,FARTCOIN,47.29293104218345
2026-04-06 00:33:00+00:00,SOL,76.14810236235
2026-04-06 00:33:00+00:00,XPL,191.70017382635666
2026-04-06 00:34:00+00:00,AVAX,12.619941918374762
2026-04-06 00:34:00+00:00,BCH,152.38597586626673
2026-04-06 00:34:00+00:00,BTC,70074.99152935472
2026-04-06 00:34:00+00:00,CC,27.414985982399322
2026-04-06 00:34:00+00:00,ETH,84.18958633682797
2026-04-06 00:34:00+00:00,FARTCOIN,47.33652039382313
2026-04-06 00:34:00+00:00,SOL,76.30945162044085
2026-04-06 00:34:00+00:00,XPL,191.76395616952513
2026-04-06 00:35:00+00:00,AVAX,12.624301456011867
2026-04-06 00:35:00+00:00,BCH,152.2636341985372
2026-04-06 00:35:00+00:00,BTC,70130.39232425272
2026-04-06 00:35:00+00:00,CC,27.455496228392306
2026-04-06 00:35:00+00:00,ETH,84.23381595640885
2026-04-06 00:35:00+00:00,FARTCOIN,47.42341810843427
2026-04-06 00:35:00+00:00,SOL,76.46911026029257
2026-04-06 00:35:00+00:00,XPL,191.61584213535176
2026-04-06 00:36:00+00:00,AVAX,12.618358343130812
2026-04-06 00:36:00+00:00,BCH,152.0696742412533
2026-04-06 00:36:00+00:00,BTC,70124.7987214008
2026-04-06 00:36:00+00:00,CC,27.424034624372815
2026-04-06 00:36:00+00:00,ETH,84.38714296372291
2026-04-06 00:36:00+00:00,FARTCOIN,47.42116668959292
2026-04-06 00:36:00+00:00,SOL,76.59003155832667
2026-04-06 00:36:00+00:00,XPL,191.7071668854098
2026-04-06 00:37:00+00:00,AVAX,12.634259032370318
2026-04-06 00:37:00+00:00,BCH,151.91277605251048
2026-04-06 00:37:00+00:00,BTC,70083.56978346583
2026-04-06 00:37:00+00:00,CC,27.434639318882635
2026-04-06 00:37:00+00:00,ETH,84.23442942615205
2026-04-06 00:37:00+00:00,FARTCOIN,47.545519685573574
2026-04-06 00:37:00+00:00,SOL,76.48152854073257
2026-04-06 00:37:00+00:00,XPL,191.57653760060992
2026-04-06 00:38:00+00:00,AVAX,12.632069072428887
2026-04-06 00:38:00+00:00,BCH,151.93162743898262
2026-04-06 00:38:00+00:00,BTC,70043.13364241125
2026-04-06 00:38:00+00:00,CC,27.354497688532103
2026-04-06 00:38:00+00:00,ETH,84.16351906106092
2026-04-06 00:38:00+00:00,FARTCOIN,47.55329469663487
2026-04-06 00:38:00+00:00,SOL,76.50679998127255
2026-04-06 00:38:00+00:00,XPL,191.23423473375166
2026-04-06 00:39:00+00:00,AVAX,12.640815989397309
2026-04-06 00:39:00+00:00,BCH,152.15921764486257
2026-04-06 00:39:00+00:00,BTC,70075.03959739335
2026-04-06 00:39:00+00:00,CC,27.32019407453509
2026-04-06 00:39:00+00:00,ETH,84.32546810853418
2026-04-06 00:39:00+00:00,FARTCOIN,47.48291200284018
2026-04-06 00:39:00+00:00,SOL,76.48670486766038
2026-04-06 00:39:00+00:00,XPL,191.41261056475318
2026-04-06 00:40:00+00:00,AVAX,12.642200304839715
2026-04-06 00:40:00+00:00,BCH,152.41578001936156
2026-04-06 00:40:00+00:00,BTC,70111.50757914818
2026-04-06 00:40:00+00:00,CC,27.338342559360758
2026-04-06 00:40:00+00:00,ETH,84.39694032860181
2026-04-06 00:40:00+00:00,FARTCOIN,47.45583401750586
2026-04-06 00:40:00+00:00,SOL,76.53598557026227
2026-04-06 00:40:00+00:00,XPL,191.6894892965943
2026-04-06 00:41:00+00:00,AVAX,12.639500753742919
2026-04-06 00:41:00+00:00,BCH,152.53776114839897
2026-04-06 00:41:00+00:00,BTC,70138.16960260338
2026-04-06 00:41:00+00:00,CC,27.297396221680305
2026-04-06 00:41:00+00:00,ETH,84.46703226038254
2026-04-06 00:41:00+00:00,FARTCOIN,47.43821909830059
2026-04-06 00:41:00+00:00,SOL,76.47306210273145
2026-04-06 00:41:00+00:00,XPL,191.63255707834432
2026-04-06 00:42:00+00:00,AVAX,12.609659491213094
2026-04-06 00:42:00+00:00,BCH,152.4659969895429
2026-04-06 00:42:00+00:00,BTC,70105.50286929861
2026-04-06 00:42:00+00:00,CC,27.30884081984558
2026-04-06 00:42:00+00:00,ETH,84.44229951888444
2026-04-06 00:42:00+00:00,FARTCOIN,47.467515606620765
2026-04-06 00:42:00+00:00,SOL,76.39846168678918
2026-04-06 00:42:00+00:00,XPL,191.5279821922661
2026-04-06 00:43:00+00:00,AVAX,12.622401712148164
2026-04-06 00:43:00+00:00,BCH,152.59615162812085
2026-04-06 00:43:00+00:00,BTC,70116.89684551803
2026-04-06 00:43:00+00:00,CC,27.339450754633376
2026-04-06 00:43:00+00:00,ETH,84.47904710488126
2026-04-06 00:43:00+00:00,FARTCOIN,47.4151310310612
2026-04-06 00:43:00+00:00,SOL,76.3625257314029
2026-04-06 00:43:00+00:00,XPL,191.31332770857657
2026-04-06 00:44:00+00:00,AVAX,12.62837234330913
2026-04-06 00:44:00+00:00,BCH,152.44963471655595
2026-04-06 00:44:00+00:00,BTC,70122.6242322115
2026-04-06 00:44:00+00:00,CC,27.323455070977857
2026-04-06 00:44:00+00:00,ETH,84.5440598650479
2026-04-06 00:44:00+00:00,FARTCOIN,47.3989540868655
2026-04-06 00:44:00+00:00,SOL,76.42961123929422
2026-04-06 00:44:00+00:00,XPL,191.28203395092888
2026-04-06 00:45:00+00:00,AVAX,12.627979232252574
2026-04-06 00:45:00+00:00,BCH,152.21655419231834
2026-04-06 00:45:00+00:00,BTC,70133.35956668848
2026-04-06 00:45:00+00:00,CC,27.292538949636363
2026-04-06 00:45:00+00:00,ETH,84.49348231496987
2026-04-06 00:45:00+00:00,FARTCOIN,47.39124613011753
2026-04-06 00:45:00+00:00,SOL,76.49466269248198
2026-04-06 00:45:00+00:00,XPL,191.15884484218512
2026-04-06 00:46:00+00:00,AVAX,12.632968219939857
2026-04-06 00:46:00+00:00,BCH,152.3553588639379
2026-04-06 00:46:00+00:00,BTC,70176.15397713419
2026-04-06 00:46:00+00:00,CC,27.28034125869106
2026-04-06 00:46:00+00:00,ETH,84.60413579347339
2026-04-06 00:46:00+00:00,FARTCOIN,47.37154755440098
2026-04-06 00:46:00+00:00,SOL,76.55340543682048
2026-04-06 00:46:00+00:00,XPL,190.95035859306952
2026-04-06 00:47:00+00:00,AVAX,12.64302261915781
2026-04-06 00:47:00+00:00,BCH,152.23777507292175
2026-04-06 00:47:00+00:00,BTC,70187.13858971202
2026-04-06 00:47:00+00:00,CC,27.249595336809094
2026-04-06 00:47:00+00:00,ETH,84.51089732728597
2026-04-06 00:47:00+00:00,FARTCOIN,47.41917997793991
2026-04-06 00:47:00+00:00,SOL,76.47059345318458
2026-04-06 00:47:00+00:00,XPL,191.3904146536444
2026-04-06 00:48:00+00:00,AVAX,12.630445462091837
2026-04-06 00:48:00+00:00,BCH,152.29033319963344
2026-04-06 00:48:00+00:00,BTC,70220.50221718004
2026-04-06 00:48:00+00:00,CC,27.248875728893463
2026-04-06 00:48:00+00:00,ETH,84.57003209032257
2026-04-06 00:48:00+00:00,FARTCOIN,47.46019792276361
2026-04-06 00:48:00+00:00,SOL,76.48003647819164
2026-04-06 00:48:00+00:00,XPL,191.5157856592196
2026-04-06 00:49:00+00:00,AVAX,12.624249429255777
2026-04-06 00:49:00+00:00,BCH,152.3128546242645
2026-04-06 00:49:00+00:00,BTC,70223.82410109008
2026-04-06 00:49:00+00:00,CC,27.252471995401653
2026-04-06 00:49:00+00:00,ETH,84.58703883881897
2026-04-06 00:49:00+00:00,FARTCOIN,47.527132711465256
2026-04-06 00:49:00+00:00,SOL,76.4317702282448
2026-04-06 00:49:00+00:00,XPL,191.64919128413356
2026-04-06 00:50:00+00:00,AVAX,12.613515221385232
2026-04-06 00:50:00+00:00,BCH,152.3730809242937
2026-04-06 00:50:00+00:00,BTC,70238.03768819834
2026-04-06 00:50:00+00:00,CC,27.243569101718514
2026-04-06 00:50:00+00:00,ETH,84.55467883715899
2026-04-06 00:50:00+00:00,FARTCOIN,47.51018026455558
2026-04-06 00:50:00+00:00,SOL,76.50477710055914
2026-04-06 00:50:00+00:00,XPL,191.86022809718094
2026-04-06 00:51:00+00:00,AVAX,12.638388020474391
2026-04-06 00:51:00+00:00,BCH,152.55903290733235
2026-04-06 00:51:00+00:00,BTC,70269.08285949004
2026-04-06 00:51:00+00:00,CC,27.300775501351993
2026-04-06 00:51:00+00:00,ETH,84.58471797228493
2026-04-06 00:51:00+00:00,FARTCOIN,47.58299373233822
2026-04-06 00:51:00+00:00,SOL,76.61471556531386
2026-04-06 00:51:00+00:00,XPL,192.0548007880011
2026-04-06 00:52:00+00:00,AVAX,12.637390666883515
2026-04-06 00:52:00+00:00,BCH,152.54101064116762
2026-04-06 00:52:00+00:00,BTC,70197.44429956055
2026-04-06 00:52:00+00:00,CC,27.27165329862337
2026-04-06 00:52:00+00:00,ETH,84.46407684015458
2026-04-06 00:52:00+00:00,FARTCOIN,47.4954836064698
2026-04-06 00:52:00+00:00,SOL,76.62113149771375
2026-04-06 00:52:00+00:00,XPL,191.92046056715284
2026-04-06 00:53:00+00:00,AVAX,12.609964125844087
2026-04-06 00:53:00+00:00,BCH,152.53876764684975
2026-04-06 00:53:00+00:00,BTC,70181.73798524281
2026-04-06 00:53:00+00:00,CC,27.316004828866976
2026-04-06 00:53:00+00:00,ETH,84.36659945754859
2026-04-06 00:53:00+00:00,FARTCOIN,47.41429708180841
2026-04-06 00:53:00+00:00,SOL,76.55450761590265
2026-04-06 00:53:00+00:00,XPL,191.97464912308138
2026-04-06 00:54:00+00:00,AVAX,12.589272316838004
2026-04-06 00:54:00+00:00,BCH,152.43542935799894
2026-04-06 00:54:00+00:00,BTC,70158.6336898563
2026-04-06 00:54:00+00:00,CC,27.280098635010972
2026-04-06 00:54:00+00:00,ETH,84.31615277373693
2026-04-06 00:54:00+00:00,FARTCOIN,47.342167802140416
2026-04-06 00:54:00+00:00,SOL,76.34461917622939
2026-04-06 00:54:00+00:00,XPL,191.90004523594624
2026-04-06 00:55:00+00:00,AVAX,12.582988774038371
2026-04-06 00:55:00+00:00,BCH,152.392273918805
2026-04-06 00:55:00+00:00,BTC,70127.26474685287
2026-04-06 00:55:00+00:00,CC,27.280041079115183
2026-04-06 00:55:00+00:00,ETH,84.20040533260888
2026-04-06 00:55:00+00:00,FARTCOIN,47.33845684866751
2026-04-06 00:55:00+00:00,SOL,76.19433799464821
2026-04-06 00:55:00+00:00,XPL,191.98386886906587
2026-04-06 00:56:00+00:00,AVAX,12.575580760111567
2026-04-06 00:56:00+00:00,BCH,152.28559111885394
2026-04-06 00:56:00+00:00,BTC,70113.7595659943
2026-04-06 00:56:00+00:00,CC,27.31774648470501
2026-04-06 00:56:00+00:00,ETH,84.21108330120514
2026-04-06 00:56:00+00:00,FARTCOIN,47.40498254604049
2026-04-06 00:56:00+00:00,SOL,76.27939962599847
2026-04-06 00:56:00+00:00,XPL,192.0552058829711
2026-04-06 00:57:00+00:00,AVAX,12.571777801715616
2026-04-06 00:57:00+00:00,BCH,152.39416436215805
2026-04-06 00:57:00+00:00,BTC,70187.16913830883
2026-04-06 00:57:00+00:00,CC,27.36058477135974
2026-04-06 00:57:00+00:00,ETH,84.1988241660329
2026-04-06 00:57:00+00:00,FARTCOIN,47.38065682107271
2026-04-06 00:57:00+00:00,SOL,76.31971330714998
2026-04-06 00:57:00+00:00,XPL,192.00721718178522
2026-04-06 00:58:00+00:00,AVAX,12.587315005066378
2026-04-06 00:58:00+00:00,BCH,152.6750089148006
2026-04-06 00:58:00+00:00,BTC,70144.6428623375
2026-04-06 00:58:00+00:00,CC,27.343475370511296
2026-04-06 00:58:00+00:00,ETH,84.20940102833868
2026-04-06 00:58:00+00:00,FARTCOIN,47.347821637328266
2026-04-06 00:58:00+00:00,SOL,76.22888423002463
2026-04-06 00:58:00+00:00,XPL,191.67794348761961
2026-04-06 00:59:00+00:00,AVAX,12.598112142387851
2026-04-06 00:59:00+00:00,BCH,152.78804495552708
2026-04-06 00:59:00+00:00,BTC,70192.20265597018
2026-04-06 00:59:00+00:00,CC,27.365403854352046
2026-04-06 00:59:00+00:00,ETH,84.16838373436241
2026-04-06 00:59:00+00:00,FARTCOIN,47.34196684571889
2026-04-06 00:59:00+00:00,SOL,76.38565898176854
2026-04-06 00:59:00+00:00,XPL,191.73757292734325
2026-04-06 01:00:00+00:00,AVAX,12.590883243184583
2026-04-06 01:00:00+00:00,BCH,152.69699712726973
2026-04-06 01:00:00+00:00,BTC,70109.56430464383
2026-04-06 01:00:00+00:00,CC,27.37278839586292
2026-04-06 01:00:00+00:00,ETH,84.04130361578076
2026-04-06 01:00:00+00:00,FARTCOIN,47.36336039901306
2026-04-06 01:00:00+00:00,SOL,76.39615023639713
2026-04-06 01:00:00+00:00,XPL,191.64542200459408
2026-04-06 01:01:00+00:00,AVAX,12.580536908491787
2026-04-06 01:01:00+00:00,BCH,152.569672058891
2026-04-06 01:01:00+00:00,BTC,70093.13118036053
2026-04-06 01:01:00+00:00,CC,27.35377608935937
2026-04-06 01:01:00+00:00,ETH,83.9773389501895
2026-04-06 01:01:00+00:00,FARTCOIN,47.33400259487029
2026-04-06 01:01:00+00:00,SOL,76.38261000926106
2026-04-06 01:01:00+00:00,XPL,191.20221278033387
2026-04-06 01:02:00+00:00,AVAX,12.589936630180246
2026-04-06 01:02:00+00:00,BCH,152.7245942542941
2026-04-06 01:02:00+00:00,BTC,70101.11714562071
2026-04-06 01:02:00+00:00,CC,27.37462556674515
2026-04-06 01:02:00+00:00,ETH,84.08569506631316
2026-04-06 01:02:00+00:00,FARTCOIN,47.30479162593805
2026-04-06 01:02:00+00:00,SOL,76.36983801751524
2026-04-06 01:02:00+00:00,XPL,191.32308686001664
2026-04-06 01:03:00+00:00,AVAX,12.590017367213383
2026-04-06 01:03:00+00:00,BCH,152.88244753054738
2026-04-06 01:03:00+00:00,BTC,70129.88943687963
2026-04-06 01:03:00+00:00,CC,27.438127804989364
2026-04-06 01:03:00+00:00,ETH,84.14003729512312
2026-04-06 01:03:00+00:00,FARTCOIN,47.23235712596924
2026-04-06 01:03:00+00:00,SOL,76.38739831686104
2026-04-06 01:03:00+00:00,XPL,191.5605669049756
2026-04-06 01:04:00+00:00,AVAX,12.592134820545411
2026-04-06 01:04:00+00:00,BCH,153.0528224233324
2026-04-06 01:04:00+00:00,BTC,70164.81289861507
2026-04-06 01:04:00+00:00,CC,27.45639704580424
2026-04-06 01:04:00+00:00,ETH,84.15961217615956
2026-04-06 01:04:00+00:00,FARTCOIN,47.20466377200516
2026-04-06 01:04:00+00:00,SOL,76.43535610780616
2026-04-06 01:04:00+00:00,XPL,192.16178249246815
2026-04-06 01:05:00+00:00,AVAX,12.605009846877504
2026-04-06 01:05:00+00:00,BCH,153.1547043585048
2026-04-06 01:05:00+00:00,BTC,70203.78926246504
2026-04-06 01:05:00+00:00,CC,27.47811530161633
2026-04-06 01:05:00+00:00,ETH,84.23714954201134
2026-04-06 01:05:00+00:00,FARTCOIN,47.27665959961942
2026-04-06 01:05:00+00:00,SOL,76.58164675678655
2026-04-06 01:05:00+00:00,XPL,192.0929301216473
2026-04-06 01:06:00+00:00,AVAX,12.583931881045354
2026-04-06 01:06:00+00:00,BCH,153.26551811209342
2026-04-06 01:06:00+00:00,BTC,70186.6540789261
2026-04-06 01:06:00+00:00,CC,27.49894513197796
2026-04-06 01:06:00+00:00,ETH,84.06010388142265
2026-04-06 01:06:00+00:00,FARTCOIN,47.27950998116996
2026-04-06 01:06:00+00:00,SOL,76.59487579074118
2026-04-06 01:06:00+00:00,XPL,191.95941897758814
2026-04-06 01:07:00+00:00,AVAX,12.598565753088998
2026-04-06 01:07:00+00:00,BCH,153.3988277567434
2026-04-06 01:07:00+00:00,BTC,70163.94210671257
2026-04-06 01:07:00+00:00,CC,27.449000178428985
2026-04-06 01:07:00+00:00,ETH,84.03371991310354
2026-04-06 01:07:00+00:00,FARTCOIN,47.2344951064284
2026-04-06 01:07:00+00:00,SOL,76.62385916824758
2026-04-06 01:07:00+00:00,XPL,191.69162397751523
2026-04-06 01:08:00+00:00,AVAX,12.607068192102396
2026-04-06 01:08:00+00:00,BCH,153.51626646034748
2026-04-06 01:08:00+00:00,BTC,70206.09404235904
2026-04-06 01:08:00+00:00,CC,27.467462714491756
2026-04-06 01:08:00+00:00,ETH,84.22791549433177
2026-04-06 01:08:00+00:00,FARTCOIN,47.31029587482683
2026-04-06 01:08:00+00:00,SOL,76.74370352865165
2026-04-06 01:08:00+00:00,XPL,191.76265637265178
2026-04-06 01:09:00+00:00,AVAX,12.62017404239111
2026-04-06 01:09:00+00:00,BCH,153.48296054469117
2026-04-06 01:09:00+00:00,BTC,70196.69316122697
2026-04-06 01:09:00+00:00,CC,27.43323504099706
2026-04-06 01:09:00+00:00,ETH,84.22836070594659
2026-04-06 01:09:00+00:00,FARTCOIN,47.275817402717415
2026-04-06 01:09:00+00:00,SOL,76.65423154902615
2026-04-06 01:09:00+00:00,XPL,191.804081428892
2026-04-06 01:10:00+00:00,AVAX,12.598398930459616
2026-04-06 01:10:00+00:00,BCH,153.49003328361866
2026-04-06 01:10:00+00:00,BTC,70134.03686782582
2026-04-06 01:10:00+00:00,CC,27.408927339601686
2026-04-06 01:10:00+00:00,ETH,84.16959727175397
2026-04-06 01:10:00+00:00,FARTCOIN,47.347984625802475
2026-04-06 01:10:00+00:00,SOL,76.64812569556852
2026-04-06 01:10:00+00:00,XPL,191.58322128952096
2026-04-06 01:11:00+00:00,AVAX,12.579450657183475
2026-04-06 01:11:00+00:00,BCH,153.26180709323197
2026-04-06 01:11:00+00:00,BTC,70078.42152552308
2026-04-06 01:11:00+00:00,CC,27.475767807281194
2026-04-06 01:11:00+00:00,ETH,84.15436476533928
2026-04-06 01:11:00+00:00,FARTCOIN,47.420277071671734
2026-04-06 01:11:00+00:00,SOL,76.57615489475337
2026-04-06 01:11:00+00:00,XPL,191.51262131058388
2026-04-06 01:12:00+00:00,AVAX,12.5594302538779
2026-04-06 01:12:00+00:00,BCH,153.07903829052702
2026-04-06 01:12:00+00:00,BTC,70033.33240172414
2026-04-06 01:12:00+00:00,CC,27.463883337628122
2026-04-06 01:12:00+00:00,ETH,84.17616109459924
2026-04-06 01:12:00+00:00,FARTCOIN,47.4173603700833
2026-04-06 01:12:00+00:00,SOL,76.36115883581975
2026-04-06 01:12:00+00:00,XPL,191.0338413042634
2026-04-06 01:13:00+00:00,AVAX,12.565976408942054
2026-04-06 01:13:00+00:00,BCH,153.1169821523385
2026-04-06 01:13:00+00:00,BTC,70057.70911973144
2026-04-06 01:13:00+00:00,CC,27.44141042587263
2026-04-06 01:13:00+00:00,ETH,84.04983102051297
2026-04-06 01:13:00+00:00,FARTCOIN,47.33546282831065
2026-04-06 01:13:00+00:00,SOL,76.23758882652668
2026-04-06 01:13:00+00:00,XPL,191.259634241577
2026-04-06 01:14:00+00:00,AVAX,12.567787652089859
2026-04-06 01:14:00+00:00,BCH,152.89015776005783
2026-04-06 01:14:00+00:00,BTC,70064.69408247127
2026-04-06 01:14:00+00:00,CC,27.479938808706184
2026-04-06 01:14:00+00:00,ETH,83.92978016859618
2026-04-06 01:14:00+00:00,FARTCOIN,47.46663758305941
2026-04-06 01:14:00+00:00,SOL,76.17421885541513
2026-04-06 01:14:00+00:00,XPL,191.0866463608281
2026-04-06 01:15:00+00:00,AVAX,12.567698020812527
2026-04-06 01:15:00+00:00,BCH,153.0669511596937
2026-04-06 01:15:00+00:00,BTC,70098.56731952359
2026-04-06 01:15:00+00:00,CC,27.451359582343265
2026-04-06 01:15:00+00:00,ETH,83.98016162467906
2026-04-06 01:15:00+00:00,FARTCOIN,47.493292797644514
2026-04-06 01:15:00+00:00,SOL,76.24196324789598
2026-04-06 01:15:00+00:00,XPL,191.09717176583067
2026-04-06 01:16:00+00:00,AVAX,12.553041608314238
2026-04-06 01:16:00+00:00,BCH,152.89548404270425
2026-04-06 01:16:00+00:00,BTC,70077.6055953889
2026-04-06 01:16:00+00:00,CC,27.434983738895067
2026-04-06 01:16:00+00:00,ETH,83.90481449735432
2026-04-06 01:16:00+00:00,FARTCOIN,47.471997790729226
2026-04-06 01:16:00+00:00,SOL,76.23039092285043
2026-04-06 01:16:00+00:00,XPL,190.75887651665477
2026-04-06 01:17:00+00:00,AVAX,12.5399229383055
2026-04-06 01:17:00+00:00,BCH,152.845035206004
2026-04-06 01:17:00+00:00,BTC,70085.3830843049
2026-04-06 01:17:00+00:00,CC,27.47674569786731
2026-04-06 01:17:00+00:00,ETH,84.01187428912397
2026-04-06 01:17:00+00:00,FARTCOIN,47.5275511006879
2026-04-06 01:17:00+00:00,SOL,76.2502333142487
2026-04-06 01:17:00+00:00,XPL,190.62984723146727
2026-04-06 01:18:00+00:00,AVAX,12.544044118343322
2026-04-06 01:18:00+00:00,BCH,152.87259177477074
2026-04-06 01:18:00+00:00,BTC,70116.08112504466
2026-04-06 01:18:00+00:00,CC,27.4805625855137
2026-04-06 01:18:00+00:00,ETH,84.01931549436344
2026-04-06 01:18:00+00:00,FARTCOIN,47.571788742690146
2026-04-06 01:18:00+00:00,SOL,76.41267234139185
2026-04-06 01:18:00+00:00,XPL,190.58259085528235
2026-04-06 01:19:00+00:00,AVAX,12.536481220428206
2026-04-06 01:19:00+00:00,BCH,152.84986084397076
2026-04-06 01:19:00+00:00,BTC,70100.8996518693
2026-04-06 01:19:00+00:00,CC,27.42792663834216
2026-04-06 01:19:00+00:00,ETH,83.85772224031308
2026-04-06 01:19:00+00:00,FARTCOIN,47.64462059333542
2026-04-06 01:19:00+00:00,SOL,76.31139782997394
2026-04-06 01:19:00+00:00,XPL,190.57175510759043
2026-04-06 01:20:00+00:00,AVAX,12.532153559042015
2026-04-06 01:20:00+00:00,BCH,152.84412806028953
2026-04-06 01:20:00+00:00,BTC,70123.31748421109
2026-04-06 01:20:00+00:00,CC,27.447592269393077
2026-04-06 01:20:00+00:00,ETH,83.78484540059644
2026-04-06 01:20:00+00:00,FARTCOIN,47.609811348074395
2026-04-06 01:20:00+00:00,SOL,76.33025603822158
2026-04-06 01:20:00+00:00,XPL,190.69368904476403
2026-04-06 01:21:00+00:00,AVAX,12.544673597821305
2026-04-06 01:21:00+00:00,BCH,152.7746792624369
2026-04-06 01:21:00+00:00,BTC,70090.83350044778
2026-04-06 01:21:00+00:00,CC,27.431994703941932
2026-04-06 01:21:00+00:00,ETH,83.54484840442444
2026-04-06 01:21:00+00:00,FARTCOIN,47.623596310577454
2026-04-06 01:21:00+00:00,SOL,76.32110810265068
2026-04-06 01:21:00+00:00,XPL,191.0055793539526
2026-04-06 01:22:00+00:00,AVAX,12.541034788546956
2026-04-06 01:22:00+00:00,BCH,152.73348425048547
2026-04-06 01:22:00+00:00,BTC,70073.02304100027
2026-04-06 01:22:00+00:00,CC,27.48133415864337
2026-04-06 01:22:00+00:00,ETH,83.50920491501945
2026-04-06 01:22:00+00:00,FARTCOIN,47.553456935176484
2026-04-06 01:22:00+00:00,SOL,76.25407703394653
2026-04-06 01:22:00+00:00,XPL,191.16387882487106
2026-04-06 01:23:00+00:00,AVAX,12.55252644174398
2026-04-06 01:23:00+00:00,BCH,152.6373745918105
2026-04-06 01:23:00+00:00,BTC,70054.30087277881
2026-04-06 01:23:00+00:00,CC,27.459883250281184
2026-04-06 01:23:00+00:00,ETH,83.47608507295328
2026-04-06 01:23:00+00:00,FARTCOIN,47.58895256708433
2026-04-06 01:23:00+00:00,SOL,76.23870271374736
2026-04-06 01:23:00+00:00,XPL,191.37449566224237
2026-04-06 01:24:00+00:00,AVAX,12.537579620588913
2026-04-06 01:24:00+00:00,BCH,152.42270391086208
2026-04-06 01:24:00+00:00,BTC,69995.68381278373
2026-04-06 01:24:00+00:00,CC,27.48994227499755
2026-04-06 01:24:00+00:00,ETH,83.38485044257263
2026-04-06 01:24:00+00:00,FARTCOIN,47.57967591017286
2026-04-06 01:24:00+00:00,SOL,76.0748530693858
2026-04-06 01:24:00+00:00,XPL,191.6747885007922
2026-04-06 01:25:00+00:00,AVAX,12.54397601008268
2026-04-06 01:25:00+00:00,BCH,152.6153468773466
2026-04-06 01:25:00+00:00,BTC,70019.54806023718
2026-04-06 01:25:00+00:00,CC,27.550459551816964
2026-04-06 01:25:00+00:00,ETH,83.4900433355048
2026-04-06 01:25:00+00:00,FARTCOIN,47.59896801445364
2026-04-06 01:25:00+00:00,SOL,76.19352067848335
2026-04-06 01:25:00+00:00,XPL,191.81894869952023
2026-04-06 01:26:00+00:00,AVAX,12.539846926820543
2026-04-06 01:26:00+00:00,BCH,152.28403426571165
2026-04-06 01:26:00+00:00,BTC,69996.54470188115
2026-04-06 01:26:00+00:00,CC,27.52053265049379
2026-04-06 01:26:00+00:00,ETH,83.55680974245013
2026-04-06 01:26:00+00:00,FARTCOIN,47.587482056131364
2026-04-06 01:26:00+00:00,SOL,76.12552945817774
2026-04-06 01:26:00+00:00,XPL,191.79789485534252
2026-04-06 01:27:00+00:00,AVAX,12.52079550335046
2026-04-06 01:27:00+00:00,BCH,152.25697432890613
2026-04-06 01:27:00+00:00,BTC,69997.15688615621
2026-04-06 01:27:00+00:00,CC,27.514200727006745
2026-04-06 01:27:00+00:00,ETH,83.54461839153772
2026-04-06 01:27:00+00:00,FARTCOIN,47.57323471704683
2026-04-06 01:27:00+00:00,SOL,76.26540098858639
2026-04-06 01:27:00+00:00,XPL,192.03062607701898
2026-04-06 01:28:00+00:00,AVAX,12.540488013535354
2026-04-06 01:28:00+00:00,BCH,152.23627407669122
2026-04-06 01:28:00+00:00,BTC,70020.71647961657
2026-04-06 01:28:00+00:00,CC,27.528887732524684
2026-04-06 01:28:00+00:00,ETH,83.40811952972618
2026-04-06 01:28:00+00:00,FARTCOIN,47.52689371784916
2026-04-06 01:28:00+00:00,SOL,76.28498978359394
2026-04-06 01:28:00+00:00,XPL,192.290987726657
2026-04-06 01:29:00+00:00,AVAX,12.542294573399742
2026-04-06 01:29:00+00:00,BCH,152.33413229937696
2026-04-06 01:29:00+00:00,BTC,70042.60640353833
2026-04-06 01:29:00+00:00,CC,27.502299401714684
2026-04-06 01:29:00+00:00,ETH,83.47664570413264
2026-04-06 01:29:00+00:00,FARTCOIN,47.57496916155677
2026-04-06 01:29:00+00:00,SOL,76.37589431125774
2026-04-06 01:29:00+00:00,XPL,192.45273270181025
2026-04-06 01:30:00+00:00,AVAX,12.555692888498816
2026-04-06 01:30:00+00:00,BCH,152.1951208903929
2026-04-06 01:30:00+00:00,BTC,70075.23771739122
2026-04-06 01:30:00+00:00,CC,27.51378422497897
2026-04-06 01:30:00+00:00,ETH,83.5514515997558
2026-04-06 01:30:00+00:00,FARTCOIN,47.6645323032529
2026-04-06 01:30:00+00:00,SOL,76.40247251857018
2026-04-06 01:30:00+00:00,XPL,192.13498655406633
2026-04-06 01:31:00+00:00,AVAX,12.546462516191493
2026-04-06 01:31:00+00:00,BCH,152.11776369400954
2026-04-06 01:31:00+00:00,BTC,70070.40690829363
2026-04-06 01:31:00+00:00,CC,27.505979882965505
2026-04-06 01:31:00+00:00,ETH,83.56982270238785
2026-04-06 01:31:00+00:00,FARTCOIN,47.63204617746047
2026-04-06 01:31:00+00:00,SOL,76.395881690503
2026-04-06 01:31:00+00:00,XPL,191.9384292900976
2026-04-06 01:32:00+00:00,AVAX,12.541442145060937
2026-04-06 01:32:00+00:00,BCH,152.06544627271907
2026-04-06 01:32:00+00:00,BTC,70049.64750456474
2026-04-06 01:32:00+00:00,CC,27.496262558527324
2026-04-06 01:32:00+00:00,ETH,83.62261114343701
2026-04-06 01:32:00+00:00,FARTCOIN,47.66087165730748
2026-04-06 01:32:00+00:00,SOL,76.33650782507308
2026-04-06 01:32:00+00:00,XPL,191.86376312899148
2026-04-06 01:33:00+00:00,AVAX,12.53106714808445
2026-04-06 01:33:00+00:00,BCH,152.20474631664015
2026-04-06 01:33:00+00:00,BTC,70045.73865082656
2026-04-06 01:33:00+00:00,CC,27.497570463706698
2026-04-06 01:33:00+00:00,ETH,83.53102954312523
2026-04-06 01:33:00+00:00,FARTCOIN,47.68506377145319
2026-04-06 01:33:00+00:00,SOL,76.34107129691243
2026-04-06 01:33:00+00:00,XPL,192.04120104919636
2026-04-06 01:34:00+00:00,AVAX,12.53242602359145
2026-04-06 01:34:00+00:00,BCH,152.09748016387408
2026-04-06 01:34:00+00:00,BTC,69963.05408047784
2026-04-06 01:34:00+00:00,CC,27.49342664016736
2026-04-06 01:34:00+00:00,ETH,83.59820846200486
2026-04-06 01:34:00+00:00,FARTCOIN,47.674263877206904
2026-04-06 01:34:00+00:00,SOL,76.28629599566482
2026-04-06 01:34:00+00:00,XPL,191.99092307921353
2026-04-06 01:35:00+00:00,AVAX,12.525149760983814
2026-04-06 01:35:00+00:00,BCH,151.80479633121843
2026-04-06 01:35:00+00:00,BTC,69892.21887809361
2026-04-06 01:35:00+00:00,CC,27.493263362050904
2026-04-06 01:35:00+00:00,ETH,83.45416617616877
2026-04-06 01:35:00+00:00,FARTCOIN,47.57736868132904
2026-04-06 01:35:00+00:00,SOL,76.16685929560009
2026-04-06 01:35:00+00:00,XPL,192.21407827357126
2026-04-06 01:36:00+00:00,AVAX,12.51943135572754
2026-04-06 01:36:00+00:00,BCH,151.618837822425
2026-04-06 01:36:00+00:00,BTC,69827.53633959185
2026-04-06 01:36:00+00:00,CC,27.468427012370526
2026-04-06 01:36:00+00:00,ETH,83.4447609514082
2026-04-06 01:36:00+00:00,FARTCOIN,47.494319078363304
2026-04-06 01:36:00+00:00,SOL,76.0983744906746
2026-04-06 01:36:00+00:00,XPL,192.4820394668203
2026-04-06 01:37:00+00:00,AVAX,12.527308603650134
2026-04-06 01:37:00+00:00,BCH,151.6497840128528
2026-04-06 01:37:00+00:00,BTC,69778.80864694284
2026-04-06 01:37:00+00:00,CC,27.446301303219006
2026-04-06 01:37:00+00:00,ETH,83.26871368926545
2026-04-06 01:37:00+00:00,FARTCOIN,47.44320505746633
2026-04-06 01:37:00+00:00,SOL,76.01148548133399
2026-04-06 01:37:00+00:00,XPL,192.73231127047032
2026-04-06 01:38:00+00:00,AVAX,12.543335923954984
2026-04-06 01:38:00+00:00,BCH,151.52202261364292
2026-04-06 01:38:00+00:00,BTC,69798.33841792803
2026-04-06 01:38:00+00:00,CC,27.44393178201955
2026-04-06 01:38:00+00:00,ETH,83.21881966175202
2026-04-06 01:38:00+00:00,FARTCOIN,47.32423231279373
2026-04-06 01:38:00+00:00,SOL,76.18708932828032
2026-04-06 01:38:00+00:00,XPL,193.022131821278
2026-04-06 01:39:00+00:00,AVAX,12.545218170701972
2026-04-06 01:39:00+00:00,BCH,151.42969204068316
2026-04-06 01:39:00+00:00,BTC,69754.11178213556
2026-04-06 01:39:00+00:00,CC,27.438979251397132
2026-04-06 01:39:00+00:00,ETH,83.28758445034785
2026-04-06 01:39:00+00:00,FARTCOIN,47.39825175297634
2026-04-06 01:39:00+00:00,SOL,76.1399046929471
2026-04-06 01:39:00+00:00,XPL,192.7576490081524
2026-04-06 01:40:00+00:00,AVAX,12.52635731275772
2026-04-06 01:40:00+00:00,BCH,151.39438046359038
2026-04-06 01:40:00+00:00,BTC,69735.64935072705
2026-04-06 01:40:00+00:00,CC,27.423081270028508
2026-04-06 01:40:00+00:00,ETH,83.24929624319616
2026-04-06 01:40:00+00:00,FARTCOIN,47.41666012086082
2026-04-06 01:40:00+00:00,SOL,76.22871290054593
2026-04-06 01:40:00+00:00,XPL,192.85910860039965
2026-04-06 01:41:00+00:00,AVAX,12.528197941016243
2026-04-06 01:41:00+00:00,BCH,151.458863382196
2026-04-06 01:41:00+00:00,BTC,69799.09996954812
2026-04-06 01:41:00+00:00,CC,27.438733881252237
2026-04-06 01:41:00+00:00,ETH,83.37667937581087
2026-04-06 01:41:00+00:00,FARTCOIN,47.4235805517355
2026-04-06 01:41:00+00:00,SOL,76.27423356006764
2026-04-06 01:41:00+00:00,XPL,192.7536159732498
2026-04-06 01:42:00+00:00,AVAX,12.514230823507166
2026-04-06 01:42:00+00:00,BCH,151.79459507940857
2026-04-06 01:42:00+00:00,BTC,69781.69530669515
2026-04-06 01:42:00+00:00,CC,27.377679630313793
2026-04-06 01:42:00+00:00,ETH,83.37678633040535
2026-04-06 01:42:00+00:00,FARTCOIN,47.29674254018778
2026-04-06 01:42:00+00:00,SOL,76.2758644590241
2026-04-06 01:42:00+00:00,XPL,192.36296221629215
2026-04-06 01:43:00+00:00,AVAX,12.527923898482209
2026-04-06 01:43:00+00:00,BCH,151.80482083140137
2026-04-06 01:43:00+00:00,BTC,69817.7301682677
2026-04-06 01:43:00+00:00,CC,27.35651645382142
2026-04-06 01:43:00+00:00,ETH,83.40550285654358
2026-04-06 01:43:00+00:00,FARTCOIN,47.19821302371662
2026-04-06 01:43:00+00:00,SOL,76.21864807065431
2026-04-06 01:43:00+00:00,XPL,192.31647117217116
2026-04-06 01:44:00+00:00,AVAX,12.52288973999822
2026-04-06 01:44:00+00:00,BCH,151.78194346244362
2026-04-06 01:44:00+00:00,BTC,69772.11692767165
2026-04-06 01:44:00+00:00,CC,27.34375433752194
2026-04-06 01:44:00+00:00,ETH,83.4615670839399
2026-04-06 01:44:00+00:00,FARTCOIN,47.191911721122544
2026-04-06 01:44:00+00:00,SOL,76.1456756324784
2026-04-06 01:44:00+00:00,XPL,192.59726143383693
2026-04-06 01:45:00+00:00,AVAX,12.50569889992872
2026-04-06 01:45:00+00:00,BCH,151.65876075113252
2026-04-06 01:45:00+00:00,BTC,69762.08397977323
2026-04-06 01:45:00+00:00,CC,27.31489185622385
2026-04-06 01:45:00+00:00,ETH,83.4335930946975
2026-04-06 01:45:00+00:00,FARTCOIN,47.30227269043857
2026-04-06 01:45:00+00:00,SOL,76.15079628584574
2026-04-06 01:45:00+00:00,XPL,192.69823373249406
2026-04-06 01:46:00+00:00,AVAX,12.496508927389552
2026-04-06 01:46:00+00:00,BCH,151.64506811042287
2026-04-06 01:46:00+00:00,BTC,69715.7065394752
2026-04-06 01:46:00+00:00,CC,27.364705900044243
2026-04-06 01:46:00+00:00,ETH,83.2529110440735
2026-04-06 01:46:00+00:00,FARTCOIN,47.2563467015117
2026-04-06 01:46:00+00:00,SOL,76.21647726716225
2026-04-06 01:46:00+00:00,XPL,193.1397031643609
2026-04-06 01:47:00+00:00,AVAX,12.477198938376043
2026-04-06 01:47:00+00:00,BCH,151.7333488240478
2026-04-06 01:47:00+00:00,BTC,69699.16335129498
2026-04-06 01:47:00+00:00,CC,27.364026431488316
2026-04-06 01:47:00+00:00,ETH,83.17596758690105
2026-04-06 01:47:00+00:00,FARTCOIN,47.303110745791415
2026-04-06 01:47:00+00:00,SOL,76.21632939360163
2026-04-06 01:47:00+00:00,XPL,193.17161470887478
2026-04-06 01:48:00+00:00,AVAX,12.482841685895396
2026-04-06 01:48:00+00:00,BCH,151.72892065841492
2026-04-06 01:48:00+00:00,BTC,69740.17355343148
2026-04-06 01:48:00+00:00,CC,27.373051665666082
2026-04-06 01:48:00+00:00,ETH,83.25885677423501
2026-04-06 01:48:00+00:00,FARTCOIN,47.2814395458325
2026-04-06 01:48:00+00:00,SOL,76.34946831881818
2026-04-06 01:48:00+00:00,XPL,193.76265759675118
2026-04-06 01:49:00+00:00,AVAX,12.451454523788863
2026-04-06 01:49:00+00:00,BCH,151.56559850375223
2026-04-06 01:49:00+00:00,BTC,69655.89997404777
2026-04-06 01:49:00+00:00,CC,27.35056842086257
2026-04-06 01:49:00+00:00,ETH,83.20294246970519
2026-04-06 01:49:00+00:00,FARTCOIN,47.2731405968184
2026-04-06 01:49:00+00:00,SOL,76.31503488248802
2026-04-06 01:49:00+00:00,XPL,193.7570774310268
2026-04-06 01:50:00+00:00,AVAX,12.460602564711056
2026-04-06 01:50:00+00:00,BCH,151.48267393346393
2026-04-06 01:50:00+00:00,BTC,69677.08531398175
2026-04-06 01:50:00+00:00,CC,27.35171401262631
2026-04-06 01:50:00+00:00,ETH,83.10715864250021
2026-04-06 01:50:00+00:00,FARTCOIN,47.34497654654363
2026-04-06 01:50:00+00:00,SOL,76.4466499847801
2026-04-06 01:50:00+00:00,XPL,193.77408920935076
2026-04-06 01:51:00+00:00,AVAX,12.466605273634501
2026-04-06 01:51:00+00:00,BCH,151.34813972601577
2026-04-06 01:51:00+00:00,BTC,69688.68158554341
2026-04-06 01:51:00+00:00,CC,27.31276499922042
2026-04-06 01:51:00+00:00,ETH,83.06474695485645
2026-04-06 01:51:00+00:00,FARTCOIN,47.32690089387091
2026-04-06 01:51:00+00:00,SOL,76.45340164493885
2026-04-06 01:51:00+00:00,XPL,193.4832618743278
2026-04-06 01:52:00+00:00,AVAX,12.483616761780146
2026-04-06 01:52:00+00:00,BCH,151.43588602942336
2026-04-06 01:52:00+00:00,BTC,69659.70374302183
2026-04-06 01:52:00+00:00,CC,27.304928413377496
2026-04-06 01:52:00+00:00,ETH,82.99192542639867
2026-04-06 01:52:00+00:00,FARTCOIN,47.283791209373085
2026-04-06 01:52:00+00:00,SOL,76.5909640986445
2026-04-06 01:52:00+00:00,XPL,193.72516920557365
2026-04-06 01:53:00+00:00,AVAX,12.482401934500057
2026-04-06 01:53:00+00:00,BCH,151.2302236413253
2026-04-06 01:53:00+00:00,BTC,69589.22704551087
2026-04-06 01:53:00+00:00,CC,27.268722670087236
2026-04-06 01:53:00+00:00,ETH,82.89327955661714
2026-04-06 01:53:00+00:00,FARTCOIN,47.354733964800126
2026-04-06 01:53:00+00:00,SOL,76.4916700465846
2026-04-06 01:53:00+00:00,XPL,193.56928353480544
2026-04-06 01:54:00+00:00,AVAX,12.478187267002818
2026-04-06 01:54:00+00:00,BCH,150.90854657896682
2026-04-06 01:54:00+00:00,BTC,69592.74073989678
2026-04-06 01:54:00+00:00,CC,27.259922123942363
2026-04-06 01:54:00+00:00,ETH,82.79424770484403
2026-04-06 01:54:00+00:00,FARTCOIN,47.35780111263428
2026-04-06 01:54:00+00:00,SOL,76.44220369438449
2026-04-06 01:54:00+00:00,XPL,193.4209967929355
2026-04-06 01:55:00+00:00,AVAX,12.48344437278784
2026-04-06 01:55:00+00:00,BCH,151.1008921936057
2026-04-06 01:55:00+00:00,BTC,69566.95132537157
2026-04-06 01:55:00+00:00,CC,27.174296383399703
2026-04-06 01:55:00+00:00,ETH,82.7213726583727
2026-04-06 01:55:00+00:00,FARTCOIN,47.41633916464612
2026-04-06 01:55:00+00:00,SOL,76.3349468399111
2026-04-06 01:55:00+00:00,XPL,193.70424615879963
2026-04-06 01:56:00+00:00,AVAX,12.469477535813605
2026-04-06 01:56:00+00:00,BCH,151.01275908136503
2026-04-06 01:56:00+00:00,BTC,69578.28285041716
2026-04-06 01:56:00+00:00,CC,27.138422045657094
2026-04-06 01:56:00+00:00,ETH,82.67859137220653
2026-04-06 01:56:00+00:00,FARTCOIN,47.37890812553883
2026-04-06 01:56:00+00:00,SOL,76.50585063933255
2026-04-06 01:56:00+00:00,XPL,193.97997524715728
2026-04-06 01:57:00+00:00,AVAX,12.458842824369698
2026-04-06 01:57:00+00:00,BCH,150.98124091704997
2026-04-06 01:57:00+00:00,BTC,69579.34716289074
2026-04-06 01:57:00+00:00,CC,27.186221499083395
2026-04-06 01:57:00+00:00,ETH,82.73709740686931
2026-04-06 01:57:00+00:00,FARTCOIN,47.459096880804196
2026-04-06 01:57:00+00:00,SOL,76.56329020231327
2026-04-06 01:57:00+00:00,XPL,194.24426292137076
2026-04-06 01:58:00+00:00,AVAX,12.474462125645394
2026-04-06 01:58:00+00:00,BCH,151.34855243310344
2026-04-06 01:58:00+00:00,BTC,69657.40642719163
2026-04-06 01:58:00+00:00,CC,27.219428700182252
2026-04-06 01:58:00+00:00,ETH,82.87631761014696
2026-04-06 01:58:00+00:00,FARTCOIN,47.48533010954052
2026-04-06 01:58:00+00:00,SOL,76.61325254254432
2026-04-06 01:58:00+00:00,XPL,194.20340205025266
2026-04-06 01:59:00+00:00,AVAX,12.448481943563785
2026-04-06 01:59:00+00:00,BCH,151.3076961879288
2026-04-06 01:59:00+00:00,BTC,69645.73638031444
2026-04-06 01:59:00+00:00,CC,27.261633465757914
2026-04-06 01:59:00+00:00,ETH,82.85364193915248
2026-04-06 01:59:00+00:00,FARTCOIN,47.50851978750253
2026-04-06 01:59:00+00:00,SOL,76.68850099570913
2026-04-06 01:59:00+00:00,XPL,194.18501558212995
2026-04-06 02:00:00+00:00,AVAX,12.440487286917584
2026-04-06 02:00:00+00:00,BCH,151.19335322425377
2026-04-06 02:00:00+00:00,BTC,69595.8566849682
2026-04-06 02:00:00+00:00,CC,27.30315660478856
2026-04-06 02:00:00+00:00,ETH,82.77399022369356
2026-04-06 02:00:00+00:00,FARTCOIN,47.50921652998424
2026-04-06 02:00:00+00:00,SOL,76.68926343339322
2026-04-06 02:00:00+00:00,XPL,194.14324797941194
2026-04-06 02:01:00+00:00,AVAX,12.43039508183647
2026-04-06 02:01:00+00:00,BCH,151.04243380077824
2026-04-06 02:01:00+00:00,BTC,69604.59102198383
2026-04-06 02:01:00+00:00,CC,27.32590096084451
2026-04-06 02:01:00+00:00,ETH,82.79324576630282
2026-04-06 02:01:00+00:00,FARTCOIN,47.481599309924206
2026-04-06 02:01:00+00:00,SOL,76.83328164154855
2026-04-06 02:01:00+00:00,XPL,194.33051570623041
2026-04-06 02:02:00+00:00,AVAX,12.433155860612942
2026-04-06 02:02:00+00:00,BCH,150.8401042594298
2026-04-06 02:02:00+00:00,BTC,69615.31079282239
2026-04-06 02:02:00+00:00,CC,27.311896122141476
2026-04-06 02:02:00+00:00,ETH,82.74325212570572
2026-04-06 02:02:00+00:00,FARTCOIN,47.48296585776418
2026-04-06 02:02:00+00:00,SOL,76.7363675711321
2026-04-06 02:02:00+00:00,XPL,194.69913619556266
2026-04-06 02:03:00+00:00,AVAX,12.431151224157809
2026-04-06 02:03:00+00:00,BCH,150.93953596504352
2026-04-06 02:03:00+00:00,BTC,69681.57649728967
2026-04-06 02:03:00+00:00,CC,27.283113229827855
2026-04-06 02:03:00+00:00,ETH,82.72476667853017
2026-04-06 02:03:00+00:00,FARTCOIN,47.466785374674124
2026-04-06 02:03:00+00:00,SOL,76.7801115157283
2026-04-06 02:03:00+00:00,XPL,194.82223704526123
2026-04-06 02:04:00+00:00,AVAX,12.442079457872614
2026-04-06 02:04:00+00:00,BCH,151.06387378003032
2026-04-06 02:04:00+00:00,BTC,69722.32271351367
2026-04-06 02:04:00+00:00,CC,27.323877589390392
2026-04-06 02:04:00+00:00,ETH,82.6958753105608
2026-04-06 02:04:00+00:00,FARTCOIN,47.527029059157805
2026-04-06 02:04:00+00:00,SOL,76.78630192725333
2026-04-06 02:04:00+00:00,XPL,195.30732093768077
2026-04-06 02:05:00+00:00,AVAX,12.444938141988034
2026-04-06 02:05:00+00:00,BCH,151.13750682936623
2026-04-06 02:05:00+00:00,BTC,69739.74220460956
2026-04-06 02:05:00+00:00,CC,27.327360062367966
2026-04-06 02:05:00+00:00,ETH,82.6661933514104
2026-04-06 02:05:00+00:00,FARTCOIN,47.517823649073044
2026-04-06 02:05:00+00:00,SOL,76.66630384556508
2026-04-06 02:05:00+00:00,XPL,195.52747722795382
2026-04-06 02:06:00+00:00,AVAX,12.47148651445912
2026-04-06 02:06:00+00:00,BCH,151.2036485286311
2026-04-06 02:06:00+00:00,BTC,69811.2140595813
2026-04-06 02:06:00+00:00,CC,27.414884345648506
2026-04-06 02:06:00+00:00,ETH,82.65160726274762
2026-04-06 02:06:00+00:00,FARTCOIN,47.442285449388834
2026-04-06 02:06:00+00:00,SOL,76.8063445061966
2026-04-06 02:06:00+00:00,XPL,195.51244235538917
2026-04-06 02:07:00+00:00,AVAX,12.462743913662216
2026-04-06 02:07:00+00:00,BCH,151.09949270648414
2026-04-06 02:07:00+00:00,BTC,69753.14592873304
2026-04-06 02:07:00+00:00,CC,27.398315839576483
2026-04-06 02:07:00+00:00,ETH,82.60521468211992
2026-04-06 02:07:00+00:00,FARTCOIN,47.33889176988938
2026-04-06 02:07:00+00:00,SOL,76.73336164503009
2026-04-06 02:07:00+00:00,XPL,195.67439895202725
2026-04-06 02:08:00+00:00,AVAX,12.449385648838664
2026-04-06 02:08:00+00:00,BCH,150.7924474020681
2026-04-06 02:08:00+00:00,BTC,69721.91564470727
2026-04-06 02:08:00+00:00,CC,27.460797869233065
2026-04-06 02:08:00+00:00,ETH,82.62802446511445
2026-04-06 02:08:00+00:00,FARTCOIN,47.23667326235923
2026-04-06 02:08:00+00:00,SOL,76.75523499186399
2026-04-06 02:08:00+00:00,XPL,196.05781910104864
2026-04-06 02:09:00+00:00,AVAX,12.439759648484413
2026-04-06 02:09:00+00:00,BCH,150.77176577153364
2026-04-06 02:09:00+00:00,BTC,69676.70845231845
2026-04-06 02:09:00+00:00,CC,27.452070271175295
2026-04-06 02:09:00+00:00,ETH,82.46460748134291
2026-04-06 02:09:00+00:00,FARTCOIN,47.26558359398057
2026-04-06 02:09:00+00:00,SOL,76.87602616766256
2026-04-06 02:09:00+00:00,XPL,196.50302729845518
2026-04-06 02:10:00+00:00,AVAX,12.421837552800636
2026-04-06 02:10:00+00:00,BCH,150.75869871177235
2026-04-06 02:10:00+00:00,BTC,69657.69858121389
2026-04-06 02:10:00+00:00,CC,27.49461781696113
2026-04-06 02:10:00+00:00,ETH,82.44734771431423
2026-04-06 02:10:00+00:00,FARTCOIN,47.1977410591828
2026-04-06 02:10:00+00:00,SOL,76.83376703075017
2026-04-06 02:10:00+00:00,XPL,196.77236116699243
2026-04-06 02:11:00+00:00,AVAX,12.41620422629763
2026-04-06 02:11:00+00:00,BCH,150.9030689770156
2026-04-06 02:11:00+00:00,BTC,69590.60316357743
2026-04-06 02:11:00+00:00,CC,27.5453452200722
2026-04-06 02:11:00+00:00,ETH,82.36353557998109
2026-04-06 02:11:00+00:00,FARTCOIN,47.20564105847203
2026-04-06 02:11:00+00:00,SOL,76.74176255720414
2026-04-06 02:11:00+00:00,XPL,196.74050104426843
2026-04-06 02:12:00+00:00,AVAX,12.427492953517477
2026-04-06 02:12:00+00:00,BCH,150.96112447831035
2026-04-06 02:12:00+00:00,BTC,69621.55041897226
2026-04-06 02:12:00+00:00,CC,27.513999421512267
2026-04-06 02:12:00+00:00,ETH,82.41999639996972
2026-04-06 02:12:00+00:00,FARTCOIN,47.21757665137676
2026-04-06 02:12:00+00:00,SOL,76.778969270413
2026-04-06 02:12:00+00:00,XPL,196.70683950519756
2026-04-06 02:13:00+00:00,AVAX,12.45349424657044
2026-04-06 02:13:00+00:00,BCH,150.81316079773174
2026-04-06 02:13:00+00:00,BTC,69610.72121916978
2026-04-06 02:13:00+00:00,CC,27.49713551460904
2026-04-06 02:13:00+00:00,ETH,82.40813970262033
2026-04-06 02:13:00+00:00,FARTCOIN,47.21244147657552
2026-04-06 02:13:00+00:00,SOL,76.83705917747416
2026-04-06 02:13:00+00:00,XPL,196.83674277198335
2026-04-06 02:14:00+00:00,AVAX,12.435639007736984
2026-04-06 02:14:00+00:00,BCH,150.67435888304547
2026-04-06 02:14:00+00:00,BTC,69539.08937943971
2026-04-06 02:14:00+00:00,CC,27.45741744941433
2026-04-06 02:14:00+00:00,ETH,82.22840859810795
2026-04-06 02:14:00+00:00,FARTCOIN,47.22756006288558
2026-04-06 02:14:00+00:00,SOL,76.73070035502487
2026-04-06 02:14:00+00:00,XPL,197.19193125643702
2026-04-06 02:15:00+00:00,AVAX,12.425131794145646
2026-04-06 02:15:00+00:00,BCH,150.53891994179622
2026-04-06 02:15:00+00:00,BTC,69489.67123618239
2026-04-06 02:15:00+00:00,CC,27.413024131700723
2026-04-06 02:15:00+00:00,ETH,82.08542110284147
2026-04-06 02:15:00+00:00,FARTCOIN,47.22981679948161
2026-04-06 02:15:00+00:00,SOL,76.64081430585786
2026-04-06 02:15:00+00:00,XPL,197.2665513365607
2026-04-06 02:16:00+00:00,AVAX,12.421011782644669
2026-04-06 02:16:00+00:00,BCH,150.62592312278872
2026-04-06 02:16:00+00:00,BTC,69504.92309163604
2026-04-06 02:16:00+00:00,CC,27.436180701084435
2026-04-06 02:16:00+00:00,ETH,82.10290896249016
2026-04-06 02:16:00+00:00,FARTCOIN,47.0785564953866
2026-04-06 02:16:00+00:00,SOL,76.72808204831681
2026-04-06 02:16:00+00:00,XPL,197.38284073279164
2026-04-06 02:17:00+00:00,AVAX,12.42958011280054
2026-04-06 02:17:00+00:00,BCH,150.7047042301576
2026-04-06 02:17:00+00:00,BTC,69545.71280174474
2026-04-06 02:17:00+00:00,CC,27.4329265151669
2026-04-06 02:17:00+00:00,ETH,82.21995514400776
2026-04-06 02:17:00+00:00,FARTCOIN,47.065799343574156
2026-04-06 02:17:00+00:00,SOL,76.79251930021921
2026-04-06 02:17:00+00:00,XPL,197.4181784134795
2026-04-06 02:18:00+00:00,AVAX,12.448631549526723
2026-04-06 02:18:00+00:00,BCH,150.7128580046752
2026-04-06 02:18:00+00:00,BTC,69642.98561677607
2026-04-06 02:18:00+00:00,CC,27.442320661118224
2026-04-06 02:18:00+00:00,ETH,82.15381822951227
2026-04-06 02:18:00+00:00,FARTCOIN,47.10298028744587
2026-04-06 02:18:00+00:00,SOL,76.74245150532022
2026-04-06 02:18:00+00:00,XPL,197.39568844360616
2026-04-06 02:19:00+00:00,AVAX,12.469634039354332
2026-04-06 02:19:00+00:00,BCH,150.75228651130635
2026-04-06 02:19:00+00:00,BTC,69785.18164362632
2026-04-06 02:19:00+00:00,CC,27.47184876793353
2026-04-06 02:19:00+00:00,ETH,82.32198662939169
2026-04-06 02:19:00+00:00,FARTCOIN,47.215043256779175
2026-04-06 02:19:00+00:00,SOL,76.79088325237888
2026-04-06 02:19:00+00:00,XPL,197.43781309889158
2026-04-06 02:20:00+00:00,AVAX,12.484909548780113
2026-04-06 02:20:00+00:00,BCH,150.82514625981935
2026-04-06 02:20:00+00:00,BTC,69805.42832643325
2026-04-06 02:20:00+00:00,CC,27.41227627552796
2026-04-06 02:20:00+00:00,ETH,82.43049535114739
2026-04-06 02:20:00+00:00,FARTCOIN,47.31343633043099
2026-04-06 02:20:00+00:00,SOL,76.91366902347897
2026-04-06 02:20:00+00:00,XPL,197.48135856557246
2026-04-06 02:21:00+00:00,AVAX,12.470634271348162
2026-04-06 02:21:00+00:00,BCH,150.924124227228
2026-04-06 02:21:00+00:00,BTC,69757.09247630417
2026-04-06 02:21:00+00:00,CC,27.450833620287323
2026-04-06 02:21:00+00:00,ETH,82.37063147053492
2026-04-06 02:21:00+00:00,FARTCOIN,47.2295617775367
2026-04-06 02:21:00+00:00,SOL,76.89620854727427
2026-04-06 02:21:00+00:00,XPL,197.86151712512407
2026-04-06 02:22:00+00:00,AVAX,12.4658837288982
2026-04-06 02:22:00+00:00,BCH,150.74355284907628
2026-04-06 02:22:00+00:00,BTC,69653.06237985844
2026-04-06 02:22:00+00:00,CC,27.431147468912943
2026-04-06 02:22:00+00:00,ETH,82.30695186338701
2026-04-06 02:22:00+00:00,FARTCOIN,47.19565572115824
2026-04-06 02:22:00+00:00,SOL,76.74605831925496
2026-04-06 02:22:00+00:00,XPL,197.7455759615838
2026-04-06 02:23:00+00:00,AVAX,12.473913550114016
2026-04-06 02:23:00+00:00,BCH,150.87796382415468
2026-04-06 02:23:00+00:00,BTC,69666.11644920416
2026-04-06 02:23:00+00:00,CC,27.4497071077722
2026-04-06 02:23:00+00:00,ETH,82.26799089801018
2026-04-06 02:23:00+00:00,FARTCOIN,47.108808022122695
2026-04-06 02:23:00+00:00,SOL,76.7465126287601
2026-04-06 02:23:00+00:00,XPL,197.76547295485415
2026-04-06 02:24:00+00:00,AVAX,12.46774638960845
2026-04-06 02:24:00+00:00,BCH,150.94252749507228
2026-04-06 02:24:00+00:00,BTC,69626.48361267164
2026-04-06 02:24:00+00:00,CC,27.46703453784671
2026-04-06 02:24:00+00:00,ETH,82.2193742299193
2026-04-06 02:24:00+00:00,FARTCOIN,47.18943537391366
2026-04-06 02:24:00+00:00,SOL,76.71031316582487
2026-04-06 02:24:00+00:00,XPL,197.5377259705044
2026-04-06 02:25:00+00:00,AVAX,12.461133000538515
2026-04-06 02:25:00+00:00,BCH,150.94146714133848
2026-04-06 02:25:00+00:00,BTC,69606.24264951657
2026-04-06 02:25:00+00:00,CC,27.510653987758467
2026-04-06 02:25:00+00:00,ETH,82.07923086140082
2026-04-06 02:25:00+00:00,FARTCOIN,47.24407825495256
2026-04-06 02:25:00+00:00,SOL,76.74215627562195
2026-04-06 02:25:00+00:00,XPL,197.69617666894328
2026-04-06 02:26:00+00:00,AVAX,12.48383045877575
2026-04-06 02:26:00+00:00,BCH,150.77593896448667
2026-04-06 02:26:00+00:00,BTC,69576.42500709771
2026-04-06 02:26:00+00:00,CC,27.504835483121777
2026-04-06 02:26:00+00:00,ETH,81.87640910160235
2026-04-06 02:26:00+00:00,FARTCOIN,47.25990823542475
2026-04-06 02:26:00+00:00,SOL,76.620491055947
2026-04-06 02:26:00+00:00,XPL,198.003699011789
2026-04-06 02:27:00+00:00,AVAX,12.473609409849981
2026-04-06 02:27:00+00:00,BCH,150.78981199913426
2026-04-06 02:27:00+00:00,BTC,69569.56833639283
2026-04-06 02:27:00+00:00,CC,27.43429160395394
2026-04-06 02:27:00+00:00,ETH,81.93904546466518
2026-04-06 02:27:00+00:00,FARTCOIN,47.26839702417806
2026-04-06 02:27:00+00:00,SOL,76.55610903516005
2026-04-06 02:27:00+00:00,XPL,198.38615300406175
2026-04-06 02:28:00+00:00,AVAX,12.484870651536381
2026-04-06 02:28:00+00:00,BCH,151.0494878821017
2026-04-06 02:28:00+00:00,BTC,69621.49955832053
2026-04-06 02:28:00+00:00,CC,27.440267179118397
2026-04-06 02:28:00+00:00,ETH,81.91837999586997
2026-04-06 02:28:00+00:00,FARTCOIN,47.353840623834074
2026-04-06 02:28:00+00:00,SOL,76.62350181113473
2026-04-06 02:28:00+00:00,XPL,198.46418859502356
2026-04-06 02:29:00+00:00,AVAX,12.477609649525006
2026-04-06 02:29:00+00:00,BCH,151.1356628339273
2026-04-06 02:29:00+00:00,BTC,69629.15374877903
2026-04-06 02:29:00+00:00,CC,27.44748039044545
2026-04-06 02:29:00+00:00,ETH,81.89245437913846
2026-04-06 02:29:00+00:00,FARTCOIN,47.423766441267766
2026-04-06 02:29:00+00:00,SOL,76.62377710264511
2026-04-06 02:29:00+00:00,XPL,198.60538890121114
2026-04-06 02:30:00+00:00,AVAX,12.496498449781829
2026-04-06 02:30:00+00:00,BCH,151.22320072357377
2026-04-06 02:30:00+00:00,BTC,69621.422251436
2026-04-06 02:30:00+00:00,CC,27.412827280769715
2026-04-06 02:30:00+00:00,ETH,81.78261322345529
2026-04-06 02:30:00+00:00,FARTCOIN,47.48866018132079
2026-04-06 02:30:00+00:00,SOL,76.65598773625827
2026-04-06 02:30:00+00:00,XPL,198.56438722571863
2026-04-06 02:31:00+00:00,AVAX,12.498772140977874
2026-04-06 02:31:00+00:00,BCH,151.0671425012664
2026-04-06 02:31:00+00:00,BTC,69570.96796119478
2026-04-06 02:31:00+00:00,CC,27.413704430162582
2026-04-06 02:31:00+00:00,ETH,81.6285829609507
2026-04-06 02:31:00+00:00,FARTCOIN,47.50780312292579
2026-04-06 02:31:00+00:00,SOL,76.52404074100248
2026-04-06 02:31:00+00:00,XPL,198.66143562751077
2026-04-06 02:32:00+00:00,AVAX,12.47870335265005
2026-04-06 02:32:00+00:00,BCH,150.88920647930385
2026-04-06 02:32:00+00:00,BTC,69489.45922653601
2026-04-06 02:32:00+00:00,CC,27.39540701917671
2026-04-06 02:32:00+00:00,ETH,81.53452838862552
2026-04-06 02:32:00+00:00,FARTCOIN,47.476765511802654
2026-04-06 02:32:00+00:00,SOL,76.47240287170617
2026-04-06 02:32:00+00:00,XPL,198.68970767205218
2026-04-06 02:33:00+00:00,AVAX,12.480849653163824
2026-04-06 02:33:00+00:00,BCH,150.8294348426931
2026-04-06 02:33:00+00:00,BTC,69465.8079608602
2026-04-06 02:33:00+00:00,CC,27.34943811619377
2026-04-06 02:33:00+00:00,ETH,81.45743542191177
2026-04-06 02:33:00+00:00,FARTCOIN,47.51725512857787
2026-04-06 02:33:00+00:00,SOL,76.52542212781071
2026-04-06 02:33:00+00:00,XPL,198.69007210059027
2026-04-06 02:34:00+00:00,AVAX,12.483345143110972
2026-04-06 02:34:00+00:00,BCH,150.81763971511143
2026-04-06 02:34:00+00:00,BTC,69463.1927762457
2026-04-06 02:34:00+00:00,CC,27.371278584478304
2026-04-06 02:34:00+00:00,ETH,81.48254229543855
2026-04-06 02:34:00+00:00,FARTCOIN,47.56345107152327
2026-04-06 02:34:00+00:00,SOL,76.55650817452347
2026-04-06 02:34:00+00:00,XPL,198.72142287472226
2026-04-06 02:35:00+00:00,AVAX,12.49067446838796
2026-04-06 02:35:00+00:00,BCH,151.13515515821618
2026-04-06 02:35:00+00:00,BTC,69549.21023023932
2026-04-06 02:35:00+00:00,CC,27.359539918892438
2026-04-06 02:35:00+00:00,ETH,81.60152864697257
2026-04-06 02:35:00+00:00,FARTCOIN,47.56434266744297
2026-04-06 02:35:00+00:00,SOL,76.64667734398925
2026-04-06 02:35:00+00:00,XPL,198.87843841706407
2026-04-06 02:36:00+00:00,AVAX,12.500169253378393
2026-04-06 02:36:00+00:00,BCH,150.8279164425336
2026-04-06 02:36:00+00:00,BTC,69555.5528624912
2026-04-06 02:36:00+00:00,CC,27.346699909903577
2026-04-06 02:36:00+00:00,ETH,81.63142296795715
2026-04-06 02:36:00+00:00,FARTCOIN,47.545165724705214
2026-04-06 02:36:00+00:00,SOL,76.64600424333321
2026-04-06 02:36:00+00:00,XPL,198.8118760971675
2026-04-06 02:37:00+00:00,AVAX,12.511863689321002
2026-04-06 02:37:00+00:00,BCH,150.9202837488643
2026-04-06 02:37:00+00:00,BTC,69603.41781718368
2026-04-06 02:37:00+00:00,CC,27.335284742692764
2026-04-06 02:37:00+00:00,ETH,81.69671099498056
2026-04-06 02:37:00+00:00,FARTCOIN,47.61642077819907
2026-04-06 02:37:00+00:00,SOL,76.63323332166802
2026-04-06 02:37:00+00:00,XPL,198.78137818601903
2026-04-06 02:38:00+00:00,AVAX,12.510575633752193
2026-04-06 02:38:00+00:00,BCH,150.86466061670976
2026-04-06 02:38:00+00:00,BTC,69579.09519178263
2026-04-06 02:38:00+00:00,CC,27.37392784817712
2026-04-06 02:38:00+00:00,ETH,81.78850061596228
2026-04-06 02:38:00+00:00,FARTCOIN,47.70826789594397
2026-04-06 02:38:00+00:00,SOL,76.60550633396737
2026-04-06 02:38:00+00:00,XPL,199.1751427098866
2026-04-06 02:39:00+00:00,AVAX,12.50128661270892
2026-04-06 02:39:00+00:00,BCH,150.57235835112704
2026-04-06 02:39:00+00:00,BTC,69521.40599996274
2026-04-06 02:39:00+00:00,CC,27.3680433183663
2026-04-06 02:39:00+00:00,ETH,81.65236454556175
2026-04-06 02:39:00+00:00,FARTCOIN,47.65747767511916
2026-04-06 02:39:00+00:00,SOL,76.63835367417506
2026-04-06 02:39:00+00:00,XPL,199.79089922777396
2026-04-06 02:40:00+00:00,AVAX,12.498957897062771
2026-04-06 02:40:00+00:00,BCH,150.57692769246617
2026-04-06 02:40:00+00:00,BTC,69474.45446956149
2026-04-06 02:40:00+00:00,CC,27.366943239224508
2026-04-06 02:40:00+00:00,ETH,81.60145499835407
2026-04-06 02:40:00+00:00,FARTCOIN,47.635980978885
2026-04-06 02:40:00+00:00,SOL,76.5861523754323
2026-04-06 02:40:00+00:00,XPL,199.47540770481757
2026-04-06 02:41:00+00:00,AVAX,12.49614519046251
2026-04-06 02:41:00+00:00,BCH,150.41385696909293
2026-04-06 02:41:00+00:00,BTC,69439.19414077656
2026-04-06 02:41:00+00:00,CC,27.349699425712778
2026-04-06 02:41:00+00:00,ETH,81.64944352341428
2026-04-06 02:41:00+00:00,FARTCOIN,47.651207301754404
2026-04-06 02:41:00+00:00,SOL,76.4918308546521
2026-04-06 02:41:00+00:00,XPL,199.15393372126707
2026-04-06 02:42:00+00:00,AVAX,12.512646282416501
2026-04-06 02:42:00+00:00,BCH,150.55608182394138
2026-04-06 02:42:00+00:00,BTC,69542.73070876251
2026-04-06 02:42:00+00:00,CC,27.37305033162403
2026-04-06 02:42:00+00:00,ETH,81.8460079049743
2026-04-06 02:42:00+00:00,FARTCOIN,47.69324965470217
2026-04-06 02:42:00+00:00,SOL,76.55484147547416
2026-04-06 02:42:00+00:00,XPL,198.98460588221212
2026-04-06 02:43:00+00:00,AVAX,12.499319415636423
2026-04-06 02:43:00+00:00,BCH,150.7331161189375
2026-04-06 02:43:00+00:00,BTC,69502.75717082105
2026-04-06 02:43:00+00:00,CC,27.414255514792693
2026-04-06 02:43:00+00:00,ETH,81.70140648561639
2026-04-06 02:43:00+00:00,FARTCOIN,47.65788231165599
2026-04-06 02:43:00+00:00,SOL,76.5312692911288
2026-04-06 02:43:00+00:00,XPL,198.9370661338973
2026-04-06 02:44:00+00:00,AVAX,12.524634773805934
2026-04-06 02:44:00+00:00,BCH,150.94547931623686
2026-04-06 02:44:00+00:00,BTC,69543.56326312567
2026-04-06 02:44:00+00:00,CC,27.438797357844347
2026-04-06 02:44:00+00:00,ETH,81.71920145185898
2026-04-06 02:44:00+00:00,FARTCOIN,47.77132913675944
2026-04-06 02:44:00+00:00,SOL,76.5437248869457
2026-04-06 02:44:00+00:00,XPL,199.17440525609976
2026-04-06 02:45:00+00:00,AVAX,12.5060792633382
2026-04-06 02:45:00+00:00,BCH,150.94242973126217
2026-04-06 02:45:00+00:00,BTC,69499.62220970656
2026-04-06 02:45:00+00:00,CC,27.457951671314653
2026-04-06 02:45:00+00:00,ETH,81.77520378630182
2026-04-06 02:45:00+00:00,FARTCOIN,47.78949068601558
2026-04-06 02:45:00+00:00,SOL,76.53603502347458
2026-04-06 02:45:00+00:00,XPL,199.29057646815082
2026-04-06 02:46:00+00:00,AVAX,12.517829971501193
2026-04-06 02:46:00+00:00,BCH,151.07788359531654
2026-04-06 02:46:00+00:00,BTC,69544.95777050364
2026-04-06 02:46:00+00:00,CC,27.481517858324644
2026-04-06 02:46:00+00:00,ETH,81.85796592961043
2026-04-06 02:46:00+00:00,FARTCOIN,47.82621095318232
2026-04-06 02:46:00+00:00,SOL,76.61451282827805
2026-04-06 02:46:00+00:00,XPL,199.3577203189631
2026-04-06 02:47:00+00:00,AVAX,12.517089302859477
2026-04-06 02:47:00+00:00,BCH,151.09009628903593
2026-04-06 02:47:00+00:00,BTC,69563.70027469809
2026-04-06 02:47:00+00:00,CC,27.437516791089347
2026-04-06 02:47:00+00:00,ETH,81.89110731313069
2026-04-06 02:47:00+00:00,FARTCOIN,47.92984549180352
2026-04-06 02:47:00+00:00,SOL,76.69339976003293
2026-04-06 02:47:00+00:00,XPL,199.49504847109338
2026-04-06 02:48:00+00:00,AVAX,12.535758593888668
2026-04-06 02:48:00+00:00,BCH,151.34811230940602
2026-04-06 02:48:00+00:00,BTC,69556.07327460773
2026-04-06 02:48:00+00:00,CC,27.40808467236818
2026-04-06 02:48:00+00:00,ETH,81.86743472454611
2026-04-06 02:48:00+00:00,FARTCOIN,47.90297381396026
2026-04-06 02:48:00+00:00,SOL,76.7845659660609
2026-04-06 02:48:00+00:00,XPL,199.32506482965988
2026-04-06 02:49:00+00:00,AVAX,12.525265694167064
2026-04-06 02:49:00+00:00,BCH,151.45374430361605
2026-04-06 02:49:00+00:00,BTC,69554.08860604459
2026-04-06 02:49:00+00:00,CC,27.40118715503214
2026-04-06 02:49:00+00:00,ETH,81.83717601186784
2026-04-06 02:49:00+00:00,FARTCOIN,47.89761736315348
2026-04-06 02:49:00+00:00,SOL,76.85155278056975
2026-04-06 02:49:00+00:00,XPL,199.26554447429055
2026-04-06 02:50:00+00:00,AVAX,12.512104355967473
2026-04-06 02:50:00+00:00,BCH,151.29265392890377
2026-04-06 02:50:00+00:00,BTC,69522.21569812813
2026-04-06 02:50:00+00:00,CC,27.374820530537754
2026-04-06 02:50:00+00:00,ETH,81.82652138063463
2026-04-06 02:50:00+00:00,FARTCOIN,47.82125014116251
2026-04-06 02:50:00+00:00,SOL,76.75705171630175
2026-04-06 02:50:00+00:00,XPL,199.24247410082538
2026-04-06 02:51:00+00:00,AVAX,12.504506520071365
2026-04-06 02:51:00+00:00,BCH,151.14224110813757
2026-04-06 02:51:00+00:00,BTC,69543.92743716872
2026-04-06 02:51:00+00:00,CC,27.34158047636872
2026-04-06 02:51:00+00:00,ETH,81.82965345275213
2026-04-06 02:51:00+00:00,FARTCOIN,47.814346663694835
2026-04-06 02:51:00+00:00,SOL,76.71501816973834
2026-04-06 02:51:00+00:00,XPL,198.87648155723735
2026-04-06 02:52:00+00:00,AVAX,12.50476165681056
2026-04-06 02:52:00+00:00,BCH,151.17843479280725
2026-04-06 02:52:00+00:00,BTC,69521.78202718507
2026-04-06 02:52:00+00:00,CC,27.27848590053868
2026-04-06 02:52:00+00:00,ETH,81.80436905681145
2026-04-06 02:52:00+00:00,FARTCOIN,47.72595229241915
2026-04-06 02:52:00+00:00,SOL,76.68902312654971
2026-04-06 02:52:00+00:00,XPL,198.58687590835376
2026-04-06 02:53:00+00:00,AVAX,12.480214163035301
2026-04-06 02:53:00+00:00,BCH,151.0606344548276
2026-04-06 02:53:00+00:00,BTC,69462.16319732346
2026-04-06 02:53:00+00:00,CC,27.22977134266988
2026-04-06 02:53:00+00:00,ETH,81.75051889043974
2026-04-06 02:53:00+00:00,FARTCOIN,47.76060600613746
2026-04-06 02:53:00+00:00,SOL,76.60200799936106
2026-04-06 02:53:00+00:00,XPL,198.2857559844285
2026-04-06 02:54:00+00:00,AVAX,12.465358471332612
2026-04-06 02:54:00+00:00,BCH,150.75181746515648
2026-04-06 02:54:00+00:00,BTC,69400.05316608488
2026-04-06 02:54:00+00:00,CC,27.216520696318636
2026-04-06 02:54:00+00:00,ETH,81.63854534057154
2026-04-06 02:54:00+00:00,FARTCOIN,47.776134779031516
2026-04-06 02:54:00+00:00,SOL,76.4654055548247
2026-04-06 02:54:00+00:00,XPL,198.43214857563302
2026-04-06 02:55:00+00:00,AVAX,12.442512487443187
2026-04-06 02:55:00+00:00,BCH,150.82546525385112
2026-04-06 02:55:00+00:00,BTC,69408.43800003307
2026-04-06 02:55:00+00:00,CC,27.214910904917723
2026-04-06 02:55:00+00:00,ETH,81.68604063902384
2026-04-06 02:55:00+00:00,FARTCOIN,47.761406670678824
2026-04-06 02:55:00+00:00,SOL,76.442864368022
2026-04-06 02:55:00+00:00,XPL,198.49537679729949
2026-04-06 02:56:00+00:00,AVAX,12.456903582875022
2026-04-06 02:56:00+00:00,BCH,150.93069288052374
2026-04-06 02:56:00+00:00,BTC,69485.20199858952
2026-04-06 02:56:00+00:00,CC,27.19503517679066
2026-04-06 02:56:00+00:00,ETH,81.97755625041695
2026-04-06 02:56:00+00:00,FARTCOIN,47.766210005892155
2026-04-06 02:56:00+00:00,SOL,76.48205119764994
2026-04-06 02:56:00+00:00,XPL,198.68490053028097
2026-04-06 02:57:00+00:00,AVAX,12.45248218733801
2026-04-06 02:57:00+00:00,BCH,151.0171697560901
2026-04-06 02:57:00+00:00,BTC,69492.98436908235
2026-04-06 02:57:00+00:00,CC,27.19822014886218
2026-04-06 02:57:00+00:00,ETH,81.85434706700778
2026-04-06 02:57:00+00:00,FARTCOIN,47.81094768806836
2026-04-06 02:57:00+00:00,SOL,76.44309596744118
2026-04-06 02:57:00+00:00,XPL,198.25121085551487
2026-04-06 02:58:00+00:00,AVAX,12.434938538755157
2026-04-06 02:58:00+00:00,BCH,151.06655687871867
2026-04-06 02:58:00+00:00,BTC,69487.21343677513
2026-04-06 02:58:00+00:00,CC,27.183612924153415
2026-04-06 02:58:00+00:00,ETH,81.87244063439681
2026-04-06 02:58:00+00:00,FARTCOIN,47.745034869753844
2026-04-06 02:58:00+00:00,SOL,76.41597874176583
2026-04-06 02:58:00+00:00,XPL,197.89529522466418
2026-04-06 02:59:00+00:00,AVAX,12.449211028001068
2026-04-06 02:59:00+00:00,BCH,151.00955948632293
2026-04-06 02:59:00+00:00,BTC,69501.11771107838
2026-04-06 02:59:00+00:00,CC,27.220300305317753
2026-04-06 02:59:00+00:00,ETH,81.83036045978618
2026-04-06 02:59:00+00:00,FARTCOIN,47.758644960617275
2026-04-06 02:59:00+00:00,SOL,76.51007966330583
2026-04-06 02:59:00+00:00,XPL,198.06077994640842
2026-04-06 03:00:00+00:00,AVAX,12.444234465214603
2026-04-06 03:00:00+00:00,BCH,151.2130506724471
2026-04-06 03:00:00+00:00,BTC,69564.68476973925
2026-04-06 03:00:00+00:00,CC,27.219997871142475
2026-04-06 03:00:00+00:00,ETH,81.9365414470699
2026-04-06 03:00:00+00:00,FARTCOIN,47.80749129387656
2026-04-06 03:00:00+00:00,SOL,76.58328777876716
2026-04-06 03:00:00+00:00,XPL,197.43756142812714
2026-04-06 03:01:00+00:00,AVAX,12.454788935382037
2026-04-06 03:01:00+00:00,BCH,151.16503575623616
2026-04-06 03:01:00+00:00,BTC,69575.36848224107
2026-04-06 03:01:00+00:00,CC,27.243589061218213
2026-04-06 03:01:00+00:00,ETH,81.95067133661487
2026-04-06 03:01:00+00:00,FARTCOIN,47.70681851589368
2026-04-06 03:01:00+00:00,SOL,76.76386629501584
2026-04-06 03:01:00+00:00,XPL,197.73399314542547
2026-04-06 03:02:00+00:00,AVAX,12.44389030557272
2026-04-06 03:02:00+00:00,BCH,151.06921308777143
2026-04-06 03:02:00+00:00,BTC,69555.3580709138
2026-04-06 03:02:00+00:00,CC,27.24866574227647
2026-04-06 03:02:00+00:00,ETH,81.98683329329428
2026-04-06 03:02:00+00:00,FARTCOIN,47.743299348458606
2026-04-06 03:02:00+00:00,SOL,76.7568776980034
2026-04-06 03:02:00+00:00,XPL,197.29047755623284
2026-04-06 03:03:00+00:00,AVAX,12.470045643795057
2026-04-06 03:03:00+00:00,BCH,151.09628674127364
2026-04-06 03:03:00+00:00,BTC,69609.24274757484
2026-04-06 03:03:00+00:00,CC,27.207072326180672
2026-04-06 03:03:00+00:00,ETH,82.12765971655955
2026-04-06 03:03:00+00:00,FARTCOIN,47.6548655355459
2026-04-06 03:03:00+00:00,SOL,76.78737024833046
2026-04-06 03:03:00+00:00,XPL,197.520829059698
2026-04-06 03:04:00+00:00,AVAX,12.481644505565061
2026-04-06 03:04:00+00:00,BCH,151.28875283743702
2026-04-06 03:04:00+00:00,BTC,69630.13767071262
2026-04-06 03:04:00+00:00,CC,27.205745635315576
2026-04-06 03:04:00+00:00,ETH,82.1628416304239
2026-04-06 03:04:00+00:00,FARTCOIN,47.65100147929165
2026-04-06 03:04:00+00:00,SOL,76.80724767075942
2026-04-06 03:04:00+00:00,XPL,197.32216862971848
2026-04-06 03:05:00+00:00,AVAX,12.481726032581294
2026-04-06 03:05:00+00:00,BCH,151.38882707148684
2026-04-06 03:05:00+00:00,BTC,69705.03235128967
2026-04-06 03:05:00+00:00,CC,27.17127759246934
2026-04-06 03:05:00+00:00,ETH,82.32178487457925
2026-04-06 03:05:00+00:00,FARTCOIN,47.59475584274339
2026-04-06 03:05:00+00:00,SOL,76.8952129316199
2026-04-06 03:05:00+00:00,XPL,197.61317476882334
2026-04-06 03:06:00+00:00,AVAX,12.47278795232705
2026-04-06 03:06:00+00:00,BCH,151.59246430446612
2026-04-06 03:06:00+00:00,BTC,69713.97357835877
2026-04-06 03:06:00+00:00,CC,27.168449422022803
2026-04-06 03:06:00+00:00,ETH,82.15723652964655
2026-04-06 03:06:00+00:00,FARTCOIN,47.67779293226795
2026-04-06 03:06:00+00:00,SOL,76.9337280866348
2026-04-06 03:06:00+00:00,XPL,198.38049984334427
2026-04-06 03:07:00+00:00,AVAX,12.470498328402302
2026-04-06 03:07:00+00:00,BCH,151.7254050768552
2026-04-06 03:07:00+00:00,BTC,69654.24535818263
2026-04-06 03:07:00+00:00,CC,27.1395146127771
2026-04-06 03:07:00+00:00,ETH,82.21500087595413
2026-04-06 03:07:00+00:00,FARTCOIN,47.60347494333679
2026-04-06 03:07:00+00:00,SOL,77.02151960373061
2026-04-06 03:07:00+00:00,XPL,197.8061803439361
2026-04-06 03:08:00+00:00,AVAX,12.45740874740622
2026-04-06 03:08:00+00:00,BCH,151.50118392133896
2026-04-06 03:08:00+00:00,BTC,69587.56862422713
2026-04-06 03:08:00+00:00,CC,27.146756763758717
2026-04-06 03:08:00+00:00,ETH,82.17583485979668
2026-04-06 03:08:00+00:00,FARTCOIN,47.50020331873276
2026-04-06 03:08:00+00:00,SOL,76.90031825340115
2026-04-06 03:08:00+00:00,XPL,197.93339286134997
2026-04-06 03:09:00+00:00,AVAX,12.46775136552309
2026-04-06 03:09:00+00:00,BCH,151.25192829955415
2026-04-06 03:09:00+00:00,BTC,69668.0339526767
2026-04-06 03:09:00+00:00,CC,27.10932833704164
2026-04-06 03:09:00+00:00,ETH,82.3364284837755
2026-04-06 03:09:00+00:00,FARTCOIN,47.51878677532734
2026-04-06 03:09:00+00:00,SOL,77.03543097945321
2026-04-06 03:09:00+00:00,XPL,197.55003797032168
2026-04-06 03:10:00+00:00,AVAX,12.494843209845419
2026-04-06 03:10:00+00:00,BCH,151.5495274839981
2026-04-06 03:10:00+00:00,BTC,69752.1437658644
2026-04-06 03:10:00+00:00,CC,27.11634935279325
2026-04-06 03:10:00+00:00,ETH,82.33047519340154
2026-04-06 03:10:00+00:00,FARTCOIN,47.50666483583557
2026-04-06 03:10:00+00:00,SOL,77.12889745818286
2026-04-06 03:10:00+00:00,XPL,197.69893534774218
2026-04-06 03:11:00+00:00,AVAX,12.485093117558025
2026-04-06 03:11:00+00:00,BCH,151.48670979422758
2026-04-06 03:11:00+00:00,BTC,69743.3790215984
2026-04-06 03:11:00+00:00,CC,27.134299969988014
2026-04-06 03:11:00+00:00,ETH,82.26015328996685
2026-04-06 03:11:00+00:00,FARTCOIN,47.419775890271474
2026-04-06 03:11:00+00:00,SOL,77.01168883250756
2026-04-06 03:11:00+00:00,XPL,197.64491965828248
2026-04-06 03:12:00+00:00,AVAX,12.483272523449163
2026-04-06 03:12:00+00:00,BCH,151.33415407218763
2026-04-06 03:12:00+00:00,BTC,69724.6741853182
2026-04-06 03:12:00+00:00,CC,27.162411233394156
2026-04-06 03:12:00+00:00,ETH,82.25220306655163
2026-04-06 03:12:00+00:00,FARTCOIN,47.44716074930817
2026-04-06 03:12:00+00:00,SOL,77.04755632357434
2026-04-06 03:12:00+00:00,XPL,197.66509876454654
2026-04-06 03:13:00+00:00,AVAX,12.504871324662984
2026-04-06 03:13:00+00:00,BCH,151.38557299384482
2026-04-06 03:13:00+00:00,BTC,69796.03979197632
2026-04-06 03:13:00+00:00,CC,27.143067646840493
2026-04-06 03:13:00+00:00,ETH,82.32249499386086
2026-04-06 03:13:00+00:00,FARTCOIN,47.34359257107835
2026-04-06 03:13:00+00:00,SOL,77.20261012424744
2026-04-06 03:13:00+00:00,XPL,197.489369369695
2026-04-06 03:14:00+00:00,AVAX,12.505740612983548
2026-04-06 03:14:00+00:00,BCH,151.22941994614993
2026-04-06 03:14:00+00:00,BTC,69741.97356037505
2026-04-06 03:14:00+00:00,CC,27.139439262166896
2026-04-06 03:14:00+00:00,ETH,82.28924914623772
2026-04-06 03:14:00+00:00,FARTCOIN,47.27742998798352
2026-04-06 03:14:00+00:00,SOL,77.0922776533316
2026-04-06 03:14:00+00:00,XPL,197.64379983839123
2026-04-06 03:15:00+00:00,AVAX,12.497289414421864
2026-04-06 03:15:00+00:00,BCH,151.3254979522152
2026-04-06 03:15:00+00:00,BTC,69698.30721644279
2026-04-06 03:15:00+00:00,CC,27.142037026648655
2026-04-06 03:15:00+00:00,ETH,82.32576907538143
2026-04-06 03:15:00+00:00,FARTCOIN,47.23888984035283
2026-04-06 03:15:00+00:00,SOL,77.05062800559934
2026-04-06 03:15:00+00:00,XPL,197.27587476996382
2026-04-06 03:16:00+00:00,AVAX,12.498823727712443
2026-04-06 03:16:00+00:00,BCH,151.40522201860716
2026-04-06 03:16:00+00:00,BTC,69729.7014367761
2026-04-06 03:16:00+00:00,CC,27.194923643422065
2026-04-06 03:16:00+00:00,ETH,82.22655071602756
2026-04-06 03:16:00+00:00,FARTCOIN,47.28864594605004
2026-04-06 03:16:00+00:00,SOL,76.96052845586998
2026-04-06 03:16:00+00:00,XPL,197.5878230414405
2026-04-06 03:17:00+00:00,AVAX,12.47634952487013
2026-04-06 03:17:00+00:00,BCH,151.54464691815488
2026-04-06 03:17:00+00:00,BTC,69710.4431085191
2026-04-06 03:17:00+00:00,CC,27.14512532821707
2026-04-06 03:17:00+00:00,ETH,82.27932807559918
2026-04-06 03:17:00+00:00,FARTCOIN,47.35959980999529
2026-04-06 03:17:00+00:00,SOL,76.8553402705393
2026-04-06 03:17:00+00:00,XPL,197.47990138935637
2026-04-06 03:18:00+00:00,AVAX,12.464456901229
2026-04-06 03:18:00+00:00,BCH,151.61160664501116
2026-04-06 03:18:00+00:00,BTC,69710.19317564814
2026-04-06 03:18:00+00:00,CC,27.115443711569938
2026-04-06 03:18:00+00:00,ETH,82.27969061625319
2026-04-06 03:18:00+00:00,FARTCOIN,47.42228008335582
2026-04-06 03:18:00+00:00,SOL,76.92763203416668
2026-04-06 03:18:00+00:00,XPL,197.1476357613526
2026-04-06 03:19:00+00:00,AVAX,12.466816331841324
2026-04-06 03:19:00+00:00,BCH,151.55467866025268
2026-04-06 03:19:00+00:00,BTC,69702.21808665138
2026-04-06 03:19:00+00:00,CC,27.206227987138632
2026-04-06 03:19:00+00:00,ETH,82.25660188020035
2026-04-06 03:19:00+00:00,FARTCOIN,47.412473669393236
2026-04-06 03:19:00+00:00,SOL,76.8878689299478
2026-04-06 03:19:00+00:00,XPL,197.52080298297483
2026-04-06 03:20:00+00:00,AVAX,12.467773357379816
2026-04-06 03:20:00+00:00,BCH,151.5318767576389
2026-04-06 03:20:00+00:00,BTC,69718.69081922069
2026-04-06 03:20:00+00:00,CC,27.198598898856837
2026-04-06 03:20:00+00:00,ETH,82.16426749878542
2026-04-06 03:20:00+00:00,FARTCOIN,47.276807247256684
2026-04-06 03:20:00+00:00,SOL,76.82660865506016
2026-04-06 03:20:00+00:00,XPL,197.5141761237464
2026-04-06 03:21:00+00:00,AVAX,12.479060377880641
2026-04-06 03:21:00+00:00,BCH,151.7355055476786
2026-04-06 03:21:00+00:00,BTC,69787.41412294861
2026-04-06 03:21:00+00:00,CC,27.1422978072756
2026-04-06 03:21:00+00:00,ETH,82.27034388263677
2026-04-06 03:21:00+00:00,FARTCOIN,47.308307451127575
2026-04-06 03:21:00+00:00,SOL,76.90685490500984
2026-04-06 03:21:00+00:00,XPL,198.0058489148322
2026-04-06 03:22:00+00:00,AVAX,12.491411100032082
2026-04-06 03:22:00+00:00,BCH,151.85577035427443
2026-04-06 03:22:00+00:00,BTC,69791.83944373854
2026-04-06 03:22:00+00:00,CC,27.123674315565587
2026-04-06 03:22:00+00:00,ETH,82.09621409463561
2026-04-06 03:22:00+00:00,FARTCOIN,47.39246660407434
2026-04-06 03:22:00+00:00,SOL,76.87484730723948
2026-04-06 03:22:00+00:00,XPL,198.29877925875113
2026-04-06 03:23:00+00:00,AVAX,12.482851830866434
2026-04-06 03:23:00+00:00,BCH,152.05030927046167
2026-04-06 03:23:00+00:00,BTC,69823.30570603759
2026-04-06 03:23:00+00:00,CC,27.036138690564336
2026-04-06 03:23:00+00:00,ETH,82.17561472842155
2026-04-06 03:23:00+00:00,FARTCOIN,47.46696443915428
2026-04-06 03:23:00+00:00,SOL,76.87172656620214
2026-04-06 03:23:00+00:00,XPL,198.1268052099066
2026-04-06 03:24:00+00:00,AVAX,12.464984010872842
2026-04-06 03:24:00+00:00,BCH,151.82920094690712
2026-04-06 03:24:00+00:00,BTC,69723.1727193208
2026-04-06 03:24:00+00:00,CC,27.036194946360514
2026-04-06 03:24:00+00:00,ETH,81.96528898573563
2026-04-06 03:24:00+00:00,FARTCOIN,47.4797117290444
2026-04-06 03:24:00+00:00,SOL,76.82911616128195
2026-04-06 03:24:00+00:00,XPL,198.04974652317662
2026-04-06 03:25:00+00:00,AVAX,12.466739857664857
2026-04-06 03:25:00+00:00,BCH,151.8487422917639
2026-04-06 03:25:00+00:00,BTC,69720.79499877794
2026-04-06 03:25:00+00:00,CC,27.062295332685096
2026-04-06 03:25:00+00:00,ETH,81.96685656000949
2026-04-06 03:25:00+00:00,FARTCOIN,47.4116640015301
2026-04-06 03:25:00+00:00,SOL,76.7466039682939
2026-04-06 03:25:00+00:00,XPL,198.07716344724864
2026-04-06 03:26:00+00:00,AVAX,12.45259233252769
2026-04-06 03:26:00+00:00,BCH,151.85237370029506
2026-04-06 03:26:00+00:00,BTC,69679.65366267113
2026-04-06 03:26:00+00:00,CC,27.02951442641297
2026-04-06 03:26:00+00:00,ETH,81.91695607400966
2026-04-06 03:26:00+00:00,FARTCOIN,47.376193408628176
2026-04-06 03:26:00+00:00,SOL,76.64562965643061
2026-04-06 03:26:00+00:00,XPL,198.41686192045623
2026-04-06 03:27:00+00:00,AVAX,12.459606805840268
2026-04-06 03:27:00+00:00,BCH,151.68986292496987
2026-04-06 03:27:00+00:00,BTC,69620.23048493551
2026-04-06 03:27:00+00:00,CC,27.009641459232917
2026-04-06 03:27:00+00:00,ETH,81.9437793028607
2026-04-06 03:27:00+00:00,FARTCOIN,47.47815911631138
2026-04-06 03:27:00+00:00,SOL,76.60068850621721
2026-04-06 03:27:00+00:00,XPL,198.4871908228443
2026-04-06 03:28:00+00:00,AVAX,12.463285766987607
2026-04-06 03:28:00+00:00,BCH,151.45584256735634
2026-04-06 03:28:00+00:00,BTC,69577.44761660915
2026-04-06 03:28:00+00:00,CC,27.036271057864212
2026-04-06 03:28:00+00:00,ETH,81.8878070372937
2026-04-06 03:28:00+00:00,FARTCOIN,47.39168448219604
2026-04-06 03:28:00+00:00,SOL,76.6275009992048
2026-04-06 03:28:00+00:00,XPL,198.5047795151476
2026-04-06 03:29:00+00:00,AVAX,12.464062460123076
2026-04-06 03:29:00+00:00,BCH,151.31589430375368
2026-04-06 03:29:00+00:00,BTC,69561.17630016821
2026-04-06 03:29:00+00:00,CC,26.978285485761894
2026-04-06 03:29:00+00:00,ETH,81.82039788335037
2026-04-06 03:29:00+00:00,FARTCOIN,47.32423791249252
2026-04-06 03:29:00+00:00,SOL,76.69768872958372
2026-04-06 03:29:00+00:00,XPL,198.4478896907519
2026-04-06 03:30:00+00:00,AVAX,12.491011066885822
2026-04-06 03:30:00+00:00,BCH,151.3655386158435
2026-04-06 03:30:00+00:00,BTC,69605.78848053917
2026-04-06 03:30:00+00:00,CC,26.93898898986139
2026-04-06 03:30:00+00:00,ETH,81.82768182552506
2026-04-06 03:30:00+00:00,FARTCOIN,47.38387030699519
2026-04-06 03:30:00+00:00,SOL,76.69357833941669
2026-04-06 03:30:00+00:00,XPL,198.46129686887502
2026-04-06 03:31:00+00:00,AVAX,12.464331203106372
2026-04-06 03:31:00+00:00,BCH,151.3362950092506
2026-04-06 03:31:00+00:00,BTC,69541.19124596812
2026-04-06 03:31:00+00:00,CC,26.92661516667452
2026-04-06 03:31:00+00:00,ETH,81.85684965780949
2026-04-06 03:31:00+00:00,FARTCOIN,47.35056707652895
2026-04-06 03:31:00+00:00,SOL,76.69775331424569
2026-04-06 03:31:00+00:00,XPL,198.73532585812626
2026-04-06 03:32:00+00:00,AVAX,12.464471702900253
2026-04-06 03:32:00+00:00,BCH,151.51062965259814
2026-04-06 03:32:00+00:00,BTC,69542.68236729367
2026-04-06 03:32:00+00:00,CC,26.902432108266343
2026-04-06 03:32:00+00:00,ETH,81.89786145205595
2026-04-06 03:32:00+00:00,FARTCOIN,47.283669306677034
2026-04-06 03:32:00+00:00,SOL,76.64504155224661
2026-04-06 03:32:00+00:00,XPL,198.73706178497824
2026-04-06 03:33:00+00:00,AVAX,12.464990515662302
2026-04-06 03:33:00+00:00,BCH,151.28224464282889
2026-04-06 03:33:00+00:00,BTC,69519.11705210111
2026-04-06 03:33:00+00:00,CC,26.891124057467803
2026-04-06 03:33:00+00:00,ETH,81.84586072166364
2026-04-06 03:33:00+00:00,FARTCOIN,47.367235702647385
2026-04-06 03:33:00+00:00,SOL,76.74900493418427
2026-04-06 03:33:00+00:00,XPL,198.6294190929489
2026-04-06 03:34:00+00:00,AVAX,12.452306802196485
2026-04-06 03:34:00+00:00,BCH,151.17145948484907
2026-04-06 03:34:00+00:00,BTC,69503.17319975977
2026-04-06 03:34:00+00:00,CC,26.849142851556277
2026-04-06 03:34:00+00:00,ETH,81.81249346204943
2026-04-06 03:34:00+00:00,FARTCOIN,47.39127560197877
2026-04-06 03:34:00+00:00,SOL,76.65578396848444
2026-04-06 03:34:00+00:00,XPL,198.48580578697945
2026-04-06 03:35:00+00:00,AVAX,12.46311117312232
2026-04-06 03:35:00+00:00,BCH,151.21297152363618
2026-04-06 03:35:00+00:00,BTC,69551.97672166237
2026-04-06 03:35:00+00:00,CC,26.859819180080223
2026-04-06 03:35:00+00:00,ETH,81.74594002822592
2026-04-06 03:35:00+00:00,FARTCOIN,47.37621821763506
2026-04-06 03:35:00+00:00,SOL,76.7932951630506
2026-04-06 03:35:00+00:00,XPL,198.38180026564
2026-04-06 03:36:00+00:00,AVAX,12.454692125978106
2026-04-06 03:36:00+00:00,BCH,151.36962215150965
2026-04-06 03:36:00+00:00,BTC,69578.180551236
2026-04-06 03:36:00+00:00,CC,26.857032791864302
2026-04-06 03:36:00+00:00,ETH,81.80071224698045
2026-04-06 03:36:00+00:00,FARTCOIN,47.314688376217596
2026-04-06 03:36:00+00:00,SOL,76.77251319361827
2026-04-06 03:36:00+00:00,XPL,198.06322127082717
2026-04-06 03:37:00+00:00,AVAX,12.472356095695995
2026-04-06 03:37:00+00:00,BCH,151.41813668189968
2026-04-06 03:37:00+00:00,BTC,69643.34865986517
2026-04-06 03:37:00+00:00,CC,26.879770560399457
2026-04-06 03:37:00+00:00,ETH,81.73627195201996
2026-04-06 03:37:00+00:00,FARTCOIN,47.439959804517756
2026-04-06 03:37:00+00:00,SOL,76.97297210799479
2026-04-06 03:37:00+00:00,XPL,197.92201004571362
2026-04-06 03:38:00+00:00,AVAX,12.48308843865363
2026-04-06 03:38:00+00:00,BCH,151.34567168250626
2026-04-06 03:38:00+00:00,BTC,69635.81686214649
2026-04-06 03:38:00+00:00,CC,26.88565380444866
2026-04-06 03:38:00+00:00,ETH,81.78407597483452
2026-04-06 03:38:00+00:00,FARTCOIN,47.43754171013899
2026-04-06 03:38:00+00:00,SOL,77.00686751838131
2026-04-06 03:38:00+00:00,XPL,198.27392575060807
2026-04-06 03:39:00+00:00,AVAX,12.48097915228036
2026-04-06 03:39:00+00:00,BCH,151.0908872131043
2026-04-06 03:39:00+00:00,BTC,69601.90135137743
2026-04-06 03:39:00+00:00,CC,26.889702984519623
2026-04-06 03:39:00+00:00,ETH,81.75968126315297
2026-04-06 03:39:00+00:00,FARTCOIN,47.512521941968465
2026-04-06 03:39:00+00:00,SOL,76.9046317638102
2026-04-06 03:39:00+00:00,XPL,198.20546345899197
2026-04-06 03:40:00+00:00,AVAX,12.458524701107814
2026-04-06 03:40:00+00:00,BCH,151.1365039929546
2026-04-06 03:40:00+00:00,BTC,69590.99550637668
2026-04-06 03:40:00+00:00,CC,26.842233274381325
2026-04-06 03:40:00+00:00,ETH,81.92459808035115
2026-04-06 03:40:00+00:00,FARTCOIN,47.56200918260611
2026-04-06 03:40:00+00:00,SOL,76.85825606118068
2026-04-06 03:40:00+00:00,XPL,198.36685921822607
2026-04-06 03:41:00+00:00,AVAX,12.449485228787527
2026-04-06 03:41:00+00:00,BCH,151.13635685010328
2026-04-06 03:41:00+00:00,BTC,69602.8094242195
2026-04-06 03:41:00+00:00,CC,26.859016509661917
2026-04-06 03:41:00+00:00,ETH,81.85533257039592
2026-04-06 03:41:00+00:00,FARTCOIN,47.53390204995687
2026-04-06 03:41:00+00:00,SOL,76.92340940255636
2026-04-06 03:41:00+00:00,XPL,197.78440669720734
2026-04-06 03:42:00+00:00,AVAX,12.457122841795561
2026-04-06 03:42:00+00:00,BCH,151.06328809257462
2026-04-06 03:42:00+00:00,BTC,69611.41295718518
2026-04-06 03:42:00+00:00,CC,26.849018237819475
2026-04-06 03:42:00+00:00,ETH,81.85636929654973
2026-04-06 03:42:00+00:00,FARTCOIN,47.505826883945616
2026-04-06 03:42:00+00:00,SOL,77.00440937839652
2026-04-06 03:42:00+00:00,XPL,197.9242291192579
2026-04-06 03:43:00+00:00,AVAX,12.449325478358574
2026-04-06 03:43:00+00:00,BCH,150.93059609476182
2026-04-06 03:43:00+00:00,BTC,69558.59295667241
2026-04-06 03:43:00+00:00,CC,26.839576231527584
2026-04-06 03:43:00+00:00,ETH,81.93607462677096
2026-04-06 03:43:00+00:00,FARTCOIN,47.58112449191812
2026-04-06 03:43:00+00:00,SOL,76.94984376458814
2026-04-06 03:43:00+00:00,XPL,197.8558704609511
2026-04-06 03:44:00+00:00,AVAX,12.419846061968574
2026-04-06 03:44:00+00:00,BCH,151.09189683533836
2026-04-06 03:44:00+00:00,BTC,69562.99913554179
2026-04-06 03:44:00+00:00,CC,26.873699890459477
2026-04-06 03:44:00+00:00,ETH,82.02839416320695
2026-04-06 03:44:00+00:00,FARTCOIN,47.66530752263065
2026-04-06 03:44:00+00:00,SOL,76.95707999663925
2026-04-06 03:44:00+00:00,XPL,197.74410171098685
2026-04-06 03:45:00+00:00,AVAX,12.435434586080962
2026-04-06 03:45:00+00:00,BCH,150.9758118640007
2026-04-06 03:45:00+00:00,BTC,69574.11339631685
2026-04-06 03:45:00+00:00,CC,26.85136716839866
2026-04-06 03:45:00+00:00,ETH,81.98814491618712
2026-04-06 03:45:00+00:00,FARTCOIN,47.55959139697458
2026-04-06 03:45:00+00:00,SOL,77.02008079441369
2026-04-06 03:45:00+00:00,XPL,197.79336667670904
2026-04-06 03:46:00+00:00,AVAX,12.455607376130887
2026-04-06 03:46:00+00:00,BCH,151.08763625852978
2026-04-06 03:46:00+00:00,BTC,69696.8272065627
2026-04-06 03:46:00+00:00,CC,26.90442055393102
2026-04-06 03:46:00+00:00,ETH,82.12759958915439
2026-04-06 03:46:00+00:00,FARTCOIN,47.60775476253014
2026-04-06 03:46:00+00:00,SOL,77.14468564506407
2026-04-06 03:46:00+00:00,XPL,197.74539891176445
2026-04-06 03:47:00+00:00,AVAX,12.460335865804577
2026-04-06 03:47:00+00:00,BCH,151.42701970745452
2026-04-06 03:47:00+00:00,BTC,69788.45446312247
2026-04-06 03:47:00+00:00,CC,26.95817887380491
2026-04-06 03:47:00+00:00,ETH,82.21951250691143
2026-04-06 03:47:00+00:00,FARTCOIN,47.61333950255121
2026-04-06 03:47:00+00:00,SOL,77.14102661825076
2026-04-06 03:47:00+00:00,XPL,197.29389060007472
2026-04-06 03:48:00+00:00,AVAX,12.465168674863154
2026-04-06 03:48:00+00:00,BCH,151.36048481161518
2026-04-06 03:48:00+00:00,BTC,69746.78433422587
2026-04-06 03:48:00+00:00,CC,26.97931933144769
2026-04-06 03:48:00+00:00,ETH,82.19863801867461
2026-04-06 03:48:00+00:00,FARTCOIN,47.54865591226983
2026-04-06 03:48:00+00:00,SOL,77.04548061200109
2026-04-06 03:48:00+00:00,XPL,197.48876388119075
2026-04-06 03:49:00+00:00,AVAX,12.455439930032139
2026-04-06 03:49:00+00:00,BCH,151.42585419914997
2026-04-06 03:49:00+00:00,BTC,69732.75489967485
2026-04-06 03:49:00+00:00,CC,26.94650604658739
2026-04-06 03:49:00+00:00,ETH,82.13292138027795
2026-04-06 03:49:00+00:00,FARTCOIN,47.56167944854461
2026-04-06 03:49:00+00:00,SOL,77.04860986608695
2026-04-06 03:49:00+00:00,XPL,197.5384163094007
2026-04-06 03:50:00+00:00,AVAX,12.436890730017842
2026-04-06 03:50:00+00:00,BCH,151.3487721299933
2026-04-06 03:50:00+00:00,BTC,69661.35658677341
2026-04-06 03:50:00+00:00,CC,26.87039732374723
2026-04-06 03:50:00+00:00,ETH,82.05483891235548
2026-04-06 03:50:00+00:00,FARTCOIN,47.47498711898516
2026-04-06 03:50:00+00:00,SOL,77.06580797040483
2026-04-06 03:50:00+00:00,XPL,197.4235588373836
2026-04-06 03:51:00+00:00,AVAX,12.436530646359055
2026-04-06 03:51:00+00:00,BCH,151.29077553309446
2026-04-06 03:51:00+00:00,BTC,69632.55792487718
2026-04-06 03:51:00+00:00,CC,26.902981376961808
2026-04-06 03:51:00+00:00,ETH,81.90811524181791
2026-04-06 03:51:00+00:00,FARTCOIN,47.444496826760826
2026-04-06 03:51:00+00:00,SOL,77.15085178041676
2026-04-06 03:51:00+00:00,XPL,197.1784870404471
2026-04-06 03:52:00+00:00,AVAX,12.458820937298627
2026-04-06 03:52:00+00:00,BCH,151.27176186333497
2026-04-06 03:52:00+00:00,BTC,69647.94309287291
2026-04-06 03:52:00+00:00,CC,26.907766410902184
2026-04-06 03:52:00+00:00,ETH,81.93346121267648
2026-04-06 03:52:00+00:00,FARTCOIN,47.40115313699883
2026-04-06 03:52:00+00:00,SOL,77.21949729508749
2026-04-06 03:52:00+00:00,XPL,196.8397015541691
2026-04-06 03:53:00+00:00,AVAX,12.485994703211597
2026-04-06 03:53:00+00:00,BCH,151.49367149611
2026-04-06 03:53:00+00:00,BTC,69706.75756901414
2026-04-06 03:53:00+00:00,CC,26.88825412552217
2026-04-06 03:53:00+00:00,ETH,82.02548328444375
2026-04-06 03:53:00+00:00,FARTCOIN,47.38073095818141
2026-04-06 03:53:00+00:00,SOL,77.294903761666
2026-04-06 03:53:00+00:00,XPL,196.92583594402169
2026-04-06 03:54:00+00:00,AVAX,12.484620513643677
2026-04-06 03:54:00+00:00,BCH,151.5864591763147
2026-04-06 03:54:00+00:00,BTC,69671.19119636218
2026-04-06 03:54:00+00:00,CC,26.923398593657613
2026-04-06 03:54:00+00:00,ETH,81.97312817640459
2026-04-06 03:54:00+00:00,FARTCOIN,47.371831516613824
2026-04-06 03:54:00+00:00,SOL,77.31346663111457
2026-04-06 03:54:00+00:00,XPL,197.28734064248883
2026-04-06 03:55:00+00:00,AVAX,12.484956728515876
2026-04-06 03:55:00+00:00,BCH,151.67539865607407
2026-04-06 03:55:00+00:00,BTC,69639.29588620327
2026-04-06 03:55:00+00:00,CC,26.89311466825128
2026-04-06 03:55:00+00:00,ETH,81.82221022997479
2026-04-06 03:55:00+00:00,FARTCOIN,47.30980272297248
2026-04-06 03:55:00+00:00,SOL,77.23701878862066
2026-04-06 03:55:00+00:00,XPL,197.3173738633158
2026-04-06 03:56:00+00:00,AVAX,12.477901127533938
2026-04-06 03:56:00+00:00,BCH,151.32020291636312
2026-04-06 03:56:00+00:00,BTC,69534.69952814394
2026-04-06 03:56:00+00:00,CC,26.871350631785283
2026-04-06 03:56:00+00:00,ETH,81.7904727815098
2026-04-06 03:56:00+00:00,FARTCOIN,47.38495219815881
2026-04-06 03:56:00+00:00,SOL,77.12776367145679
2026-04-06 03:56:00+00:00,XPL,196.93102349061226
2026-04-06 03:57:00+00:00,AVAX,12.46258677788123
2026-04-06 03:57:00+00:00,BCH,151.4833585607287
2026-04-06 03:57:00+00:00,BTC,69526.78233076687
2026-04-06 03:57:00+00:00,CC,26.887669052910937
2026-04-06 03:57:00+00:00,ETH,81.80939198606495
2026-04-06 03:57:00+00:00,FARTCOIN,47.41192980936857
2026-04-06 03:57:00+00:00,SOL,77.06311884923944
2026-04-06 03:57:00+00:00,XPL,196.9797437219306
2026-04-06 03:58:00+00:00,AVAX,12.461933717165085
2026-04-06 03:58:00+00:00,BCH,151.3388702302665
2026-04-06 03:58:00+00:00,BTC,69475.09517387136
2026-04-06 03:58:00+00:00,CC,26.847768847505865
2026-04-06 03:58:00+00:00,ETH,81.70428948060959
2026-04-06 03:58:00+00:00,FARTCOIN,47.50707362585235
2026-04-06 03:58:00+00:00,SOL,76.92791437762945
2026-04-06 03:58:00+00:00,XPL,196.93784082326084
2026-04-06 03:59:00+00:00,AVAX,12.449780755197244
2026-04-06 03:59:00+00:00,BCH,151.1884320307649
2026-04-06 03:59:00+00:00,BTC,69449.35194626036
2026-04-06 03:59:00+00:00,CC,26.8422522351371
2026-04-06 03:59:00+00:00,ETH,81.65793080734201
2026-04-06 03:59:00+00:00,FARTCOIN,47.49442809560535
2026-04-06 03:59:00+00:00,SOL,76.92677413369987
2026-04-06 03:59:00+00:00,XPL,197.1275302497806
2026-04-06 04:00:00+00:00,AVAX,12.446854132091909
2026-04-06 04:00:00+00:00,BCH,151.08654615889463
2026-04-06 04:00:00+00:00,BTC,69406.7368372759
2026-04-06 04:00:00+00:00,CC,26.874057769007795
2026-04-06 04:00:00+00:00,ETH,81.50518287828514
2026-04-06 04:00:00+00:00,FARTCOIN,47.45733478949961
2026-04-06 04:00:00+00:00,SOL,76.89948764815071
2026-04-06 04:00:00+00:00,XPL,197.24689147136206
2026-04-06 04:01:00+00:00,AVAX,12.44360832763574
2026-04-06 04:01:00+00:00,BCH,151.19112355380074
2026-04-06 04:01:00+00:00,BTC,69402.15726895856
2026-04-06 04:01:00+00:00,CC,26.88051197627867
2026-04-06 04:01:00+00:00,ETH,81.4254319873434
2026-04-06 04:01:00+00:00,FARTCOIN,47.55695257664151
2026-04-06 04:01:00+00:00,SOL,76.9427789389989
2026-04-06 04:01:00+00:00,XPL,196.53882931984825
2026-04-06 04:02:00+00:00,AVAX,12.436209556434788
2026-04-06 04:02:00+00:00,BCH,151.10656626289355
2026-04-06 04:02:00+00:00,BTC,69316.81668209827
2026-04-06 04:02:00+00:00,CC,26.914155954167654
2026-04-06 04:02:00+00:00,ETH,81.30095620177622
2026-04-06 04:02:00+00:00,FARTCOIN,47.512281749348
2026-04-06 04:02:00+00:00,SOL,76.90013770312433
2026-04-06 04:02:00+00:00,XPL,196.61907455135665
2026-04-06 04:03:00+00:00,AVAX,12.42667962636436
2026-04-06 04:03:00+00:00,BCH,150.9400268962639
2026-04-06 04:03:00+00:00,BTC,69245.6695855169
2026-04-06 04:03:00+00:00,CC,26.94525805213485
2026-04-06 04:03:00+00:00,ETH,81.31987606304409
2026-04-06 04:03:00+00:00,FARTCOIN,47.492362279798584
2026-04-06 04:03:00+00:00,SOL,76.84982210216924
2026-04-06 04:03:00+00:00,XPL,196.34212308491172
2026-04-06 04:04:00+00:00,AVAX,12.408068156791996
2026-04-06 04:04:00+00:00,BCH,151.24535510053983
2026-04-06 04:04:00+00:00,BTC,69348.95533809747
2026-04-06 04:04:00+00:00,CC,26.953541774703535
2026-04-06 04:04:00+00:00,ETH,81.3761159148445
2026-04-06 04:04:00+00:00,FARTCOIN,47.547587683230816
2026-04-06 04:04:00+00:00,SOL,76.98580176136905
2026-04-06 04:04:00+00:00,XPL,196.0658718469834
2026-04-06 04:05:00+00:00,AVAX,12.400563373620988
2026-04-06 04:05:00+00:00,BCH,151.14856759174265
2026-04-06 04:05:00+00:00,BTC,69286.48650288848
2026-04-06 04:05:00+00:00,CC,26.873223451127355
2026-04-06 04:05:00+00:00,ETH,81.36067022945244
2026-04-06 04:05:00+00:00,FARTCOIN,47.468462604324706
2026-04-06 04:05:00+00:00,SOL,76.92389688119334
2026-04-06 04:05:00+00:00,XPL,195.9862054440355
2026-04-06 04:06:00+00:00,AVAX,12.399637709065853
2026-04-06 04:06:00+00:00,BCH,150.97208960975559
2026-04-06 04:06:00+00:00,BTC,69233.31222434934
2026-04-06 04:06:00+00:00,CC,26.833467704997048
2026-04-06 04:06:00+00:00,ETH,81.26820986629761
2026-04-06 04:06:00+00:00,FARTCOIN,47.501702333577875
2026-04-06 04:06:00+00:00,SOL,76.90228544384146
2026-04-06 04:06:00+00:00,XPL,196.05277667142911
2026-04-06 04:07:00+00:00,AVAX,12.418180326732
2026-04-06 04:07:00+00:00,BCH,151.04090807129072
2026-04-06 04:07:00+00:00,BTC,69322.39240896916
2026-04-06 04:07:00+00:00,CC,26.864966365888723
2026-04-06 04:07:00+00:00,ETH,81.37523870212385
2026-04-06 04:07:00+00:00,FARTCOIN,47.54719198827987
2026-04-06 04:07:00+00:00,SOL,76.93608631705298
2026-04-06 04:07:00+00:00,XPL,195.71747750970042
2026-04-06 04:08:00+00:00,AVAX,12.438515431058693
2026-04-06 04:08:00+00:00,BCH,151.3580831173185
2026-04-06 04:08:00+00:00,BTC,69463.50618548611
2026-04-06 04:08:00+00:00,CC,26.825944025779606
2026-04-06 04:08:00+00:00,ETH,81.50564591659302
2026-04-06 04:08:00+00:00,FARTCOIN,47.6390419059517
2026-04-06 04:08:00+00:00,SOL,77.09483440152196
2026-04-06 04:08:00+00:00,XPL,195.96270865845594
2026-04-06 04:09:00+00:00,AVAX,12.448232005407602
2026-04-06 04:09:00+00:00,BCH,151.24137836230216
2026-04-06 04:09:00+00:00,BTC,69406.5627501999
2026-04-06 04:09:00+00:00,CC,26.81103159436871
2026-04-06 04:09:00+00:00,ETH,81.51287324449262
2026-04-06 04:09:00+00:00,FARTCOIN,47.682128696191306
2026-04-06 04:09:00+00:00,SOL,77.08747171633347
2026-04-06 04:09:00+00:00,XPL,196.1101255453513
2026-04-06 04:10:00+00:00,AVAX,12.448992960293813
2026-04-06 04:10:00+00:00,BCH,151.02117064819572
2026-04-06 04:10:00+00:00,BTC,69388.67382992172
2026-04-06 04:10:00+00:00,CC,26.820541058896293
2026-04-06 04:10:00+00:00,ETH,81.45579849438823
2026-04-06 04:10:00+00:00,FARTCOIN,47.75410760669558
2026-04-06 04:10:00+00:00,SOL,77.02414560622402
2026-04-06 04:10:00+00:00,XPL,196.11107012805016
2026-04-06 04:11:00+00:00,AVAX,12.456428866305796
2026-04-06 04:11:00+00:00,BCH,151.1670778352806
2026-04-06 04:11:00+00:00,BTC,69405.26587403267
2026-04-06 04:11:00+00:00,CC,26.869165198194096
2026-04-06 04:11:00+00:00,ETH,81.35712981199494
2026-04-06 04:11:00+00:00,FARTCOIN,47.750063554032224
2026-04-06 04:11:00+00:00,SOL,77.04339437640814
2026-04-06 04:11:00+00:00,XPL,195.91636372510578
2026-04-06 04:12:00+00:00,AVAX,12.480974966952727
2026-04-06 04:12:00+00:00,BCH,151.25724981521893
2026-04-06 04:12:00+00:00,BTC,69489.30321381893
2026-04-06 04:12:00+00:00,CC,26.857130347940178
2026-04-06 04:12:00+00:00,ETH,81.33962534709862
2026-04-06 04:12:00+00:00,FARTCOIN,47.71220385500298
2026-04-06 04:12:00+00:00,SOL,77.07940769913519
2026-04-06 04:12:00+00:00,XPL,195.73361282237852
2026-04-06 04:13:00+00:00,AVAX,12.47771977585793
2026-04-06 04:13:00+00:00,BCH,151.38522637350283
2026-04-06 04:13:00+00:00,BTC,69441.31658278238
2026-04-06 04:13:00+00:00,CC,26.83269221237532
2026-04-06 04:13:00+00:00,ETH,81.25297409220376
2026-04-06 04:13:00+00:00,FARTCOIN,47.82655521622271
2026-04-06 04:13:00+00:00,SOL,76.99766704614777
2026-04-06 04:13:00+00:00,XPL,195.9476585015681
2026-04-06 04:14:00+00:00,AVAX,12.46581975910976
2026-04-06 04:14:00+00:00,BCH,151.17213052649907
2026-04-06 04:14:00+00:00,BTC,69429.39491466848
2026-04-06 04:14:00+00:00,CC,26.8300822208945
2026-04-06 04:14:00+00:00,ETH,81.14984066206014
2026-04-06 04:14:00+00:00,FARTCOIN,47.73737624094686
2026-04-06 04:14:00+00:00,SOL,76.90852637897213
2026-04-06 04:14:00+00:00,XPL,195.58591953321942
2026-04-06 04:15:00+00:00,AVAX,12.44424779776711
2026-04-06 04:15:00+00:00,BCH,151.2174705388489
2026-04-06 04:15:00+00:00,BTC,69467.18424929577
2026-04-06 04:15:00+00:00,CC,26.844303861697664
2026-04-06 04:15:00+00:00,ETH,81.21736160087526
2026-04-06 04:15:00+00:00,FARTCOIN,47.66091507851534
2026-04-06 04:15:00+00:00,SOL,77.031810494365
2026-04-06 04:15:00+00:00,XPL,195.8572271324808
2026-04-06 04:16:00+00:00,AVAX,12.442123459823165
2026-04-06 04:16:00+00:00,BCH,151.1613348060438
2026-04-06 04:16:00+00:00,BTC,69488.32884916692
2026-04-06 04:16:00+00:00,CC,26.84096922935133
2026-04-06 04:16:00+00:00,ETH,81.20432681098214
2026-04-06 04:16:00+00:00,FARTCOIN,47.696150509081676
2026-04-06 04:16:00+00:00,SOL,77.12567716750604
2026-04-06 04:16:00+00:00,XPL,195.83032373221977
2026-04-06 04:17:00+00:00,AVAX,12.447861075446909
2026-04-06 04:17:00+00:00,BCH,150.9948931025326
2026-04-06 04:17:00+00:00,BTC,69470.03433808625
2026-04-06 04:17:00+00:00,CC,26.873371331608247
2026-04-06 04:17:00+00:00,ETH,81.3598464648641
2026-04-06 04:17:00+00:00,FARTCOIN,47.78673133981583
2026-04-06 04:17:00+00:00,SOL,77.14572300850183
2026-04-06 04:17:00+00:00,XPL,195.7974929361195
2026-04-06 04:18:00+00:00,AVAX,12.442915136872088
2026-04-06 04:18:00+00:00,BCH,150.9167377975698
2026-04-06 04:18:00+00:00,BTC,69463.52696272559
2026-04-06 04:18:00+00:00,CC,26.847109866562672
2026-04-06 04:18:00+00:00,ETH,81.22623587015394
2026-04-06 04:18:00+00:00,FARTCOIN,47.79670670456899
2026-04-06 04:18:00+00:00,SOL,77.27662307006894
2026-04-06 04:18:00+00:00,XPL,195.39291604531672
2026-04-06 04:19:00+00:00,AVAX,12.441708201897065
2026-04-06 04:19:00+00:00,BCH,151.0338112425483
2026-04-06 04:19:00+00:00,BTC,69396.7055448151
2026-04-06 04:19:00+00:00,CC,26.845813389368832
2026-04-06 04:19:00+00:00,ETH,81.1746903745125
2026-04-06 04:19:00+00:00,FARTCOIN,47.84484687352662
2026-04-06 04:19:00+00:00,SOL,77.20028181544025
2026-04-06 04:19:00+00:00,XPL,195.32091815896786
2026-04-06 04:20:00+00:00,AVAX,12.44161043509756
2026-04-06 04:20:00+00:00,BCH,151.03189611204274
2026-04-06 04:20:00+00:00,BTC,69385.13657801496
2026-04-06 04:20:00+00:00,CC,26.85926411919791
2026-04-06 04:20:00+00:00,ETH,81.08083602042493
2026-04-06 04:20:00+00:00,FARTCOIN,47.72880581709131
2026-04-06 04:20:00+00:00,SOL,77.4002476558907
2026-04-06 04:20:00+00:00,XPL,195.45826888884733
2026-04-06 04:21:00+00:00,AVAX,12.454067719883604
2026-04-06 04:21:00+00:00,BCH,150.9003989006456
2026-04-06 04:21:00+00:00,BTC,69372.19945158961
2026-04-06 04:21:00+00:00,CC,26.84536606956627
2026-04-06 04:21:00+00:00,ETH,81.03199452542152
2026-04-06 04:21:00+00:00,FARTCOIN,47.698424259473136
2026-04-06 04:21:00+00:00,SOL,77.37213503041615
2026-04-06 04:21:00+00:00,XPL,195.1377875614791
2026-04-06 04:22:00+00:00,AVAX,12.452479255636048
2026-04-06 04:22:00+00:00,BCH,150.673069171462
2026-04-06 04:22:00+00:00,BTC,69383.47466290525
2026-04-06 04:22:00+00:00,CC,26.87330395768616
2026-04-06 04:22:00+00:00,ETH,81.05350477928563
2026-04-06 04:22:00+00:00,FARTCOIN,47.59283046320337
2026-04-06 04:22:00+00:00,SOL,77.40059890447027
2026-04-06 04:22:00+00:00,XPL,195.2609323579034
2026-04-06 04:23:00+00:00,AVAX,12.453605429691912
2026-04-06 04:23:00+00:00,BCH,150.39012314414646
2026-04-06 04:23:00+00:00,BTC,69356.50853209248
2026-04-06 04:23:00+00:00,CC,26.87601841775657
2026-04-06 04:23:00+00:00,ETH,80.85732934252658
2026-04-06 04:23:00+00:00,FARTCOIN,47.63371823334973
2026-04-06 04:23:00+00:00,SOL,77.34733313498853
2026-04-06 04:23:00+00:00,XPL,195.26660845970414
2026-04-06 04:24:00+00:00,AVAX,12.46277293702541
2026-04-06 04:24:00+00:00,BCH,150.35970960556625
2026-04-06 04:24:00+00:00,BTC,69379.40529662537
2026-04-06 04:24:00+00:00,CC,26.903247671233512
2026-04-06 04:24:00+00:00,ETH,80.89725918380587
2026-04-06 04:24:00+00:00,FARTCOIN,47.54849865723129
2026-04-06 04:24:00+00:00,SOL,77.39496733397532
2026-04-06 04:24:00+00:00,XPL,195.1287030114028
2026-04-06 04:25:00+00:00,AVAX,12.48714909786944
2026-04-06 04:25:00+00:00,BCH,150.3645582920817
2026-04-06 04:25:00+00:00,BTC,69428.6058685564
2026-04-06 04:25:00+00:00,CC,26.913330345427326
2026-04-06 04:25:00+00:00,ETH,81.08476808781616
2026-04-06 04:25:00+00:00,FARTCOIN,47.48237607119368
2026-04-06 04:25:00+00:00,SOL,77.49987909577158
2026-04-06 04:25:00+00:00,XPL,195.35662691372926
2026-04-06 04:26:00+00:00,AVAX,12.469136987293108
2026-04-06 04:26:00+00:00,BCH,150.3481446130783
2026-04-06 04:26:00+00:00,BTC,69436.16014857555
2026-04-06 04:26:00+00:00,CC,26.92607535983359
2026-04-06 04:26:00+00:00,ETH,81.05918063640681
2026-04-06 04:26:00+00:00,FARTCOIN,47.51270754209615
2026-04-06 04:26:00+00:00,SOL,77.49910066735204
2026-04-06 04:26:00+00:00,XPL,194.84527775233704
2026-04-06 04:27:00+00:00,AVAX,12.466602613682838
2026-04-06 04:27:00+00:00,BCH,150.0724081387877
2026-04-06 04:27:00+00:00,BTC,69453.25948368423
2026-04-06 04:27:00+00:00,CC,26.90697474278156
2026-04-06 04:27:00+00:00,ETH,81.09510771297417
2026-04-06 04:27:00+00:00,FARTCOIN,47.57562915503685
2026-04-06 04:27:00+00:00,SOL,77.63937240924975
2026-04-06 04:27:00+00:00,XPL,194.9359531032848
2026-04-06 04:28:00+00:00,AVAX,12.476521145635772
2026-04-06 04:28:00+00:00,BCH,150.06477174796126
2026-04-06 04:28:00+00:00,BTC,69455.84380026732
2026-04-06 04:28:00+00:00,CC,26.886815943012362
2026-04-06 04:28:00+00:00,ETH,81.17251398367868
2026-04-06 04:28:00+00:00,FARTCOIN,47.56690839096348
2026-04-06 04:28:00+00:00,SOL,77.65854096943544
2026-04-06 04:28:00+00:00,XPL,195.31659828462142
2026-04-06 04:29:00+00:00,AVAX,12.493892523329427
2026-04-06 04:29:00+00:00,BCH,150.2036469343689
2026-04-06 04:29:00+00:00,BTC,69455.8479033828
2026-04-06 04:29:00+00:00,CC,26.926349443966604
2026-04-06 04:29:00+00:00,ETH,81.16054127672643
2026-04-06 04:29:00+00:00,FARTCOIN,47.59946570178427
2026-04-06 04:29:00+00:00,SOL,77.6774521215848
2026-04-06 04:29:00+00:00,XPL,195.6543861021751
2026-04-06 04:30:00+00:00,AVAX,12.491228326565903
2026-04-06 04:30:00+00:00,BCH,150.35862134852232
2026-04-06 04:30:00+00:00,BTC,69420.77526403722
2026-04-06 04:30:00+00:00,CC,26.944169660433985
2026-04-06 04:30:00+00:00,ETH,81.08329770472595
2026-04-06 04:30:00+00:00,FARTCOIN,47.62538246127204
2026-04-06 04:30:00+00:00,SOL,77.58061573998242
2026-04-06 04:30:00+00:00,XPL,195.72615549643515
2026-04-06 04:31:00+00:00,AVAX,12.490290024955392
2026-04-06 04:31:00+00:00,BCH,150.13074716554897
2026-04-06 04:31:00+00:00,BTC,69436.15686174828
2026-04-06 04:31:00+00:00,CC,26.91230685308617
2026-04-06 04:31:00+00:00,ETH,80.93263518887936
2026-04-06 04:31:00+00:00,FARTCOIN,47.615182052338525
2026-04-06 04:31:00+00:00,SOL,77.62445832056173
2026-04-06 04:31:00+00:00,XPL,195.66398166002372
2026-04-06 04:32:00+00:00,AVAX,12.498080411636348
2026-04-06 04:32:00+00:00,BCH,150.0138200010989
2026-04-06 04:32:00+00:00,BTC,69431.42837750088
2026-04-06 04:32:00+00:00,CC,26.917781803342383
2026-04-06 04:32:00+00:00,ETH,80.9746506241543
2026-04-06 04:32:00+00:00,FARTCOIN,47.55202592841338
2026-04-06 04:32:00+00:00,SOL,77.61060281329331
2026-04-06 04:32:00+00:00,XPL,195.51209128604737
2026-04-06 04:33:00+00:00,AVAX,12.523443064266209
2026-04-06 04:33:00+00:00,BCH,150.0853373305007
2026-04-06 04:33:00+00:00,BTC,69533.23510967252
2026-04-06 04:33:00+00:00,CC,26.849081561704566
2026-04-06 04:33:00+00:00,ETH,81.0673048734453
2026-04-06 04:33:00+00:00,FARTCOIN,47.59821724077354
2026-04-06 04:33:00+00:00,SOL,77.66479543027387
2026-04-06 04:33:00+00:00,XPL,195.4983145447824
2026-04-06 04:34:00+00:00,AVAX,12.531115404413512
2026-04-06 04:34:00+00:00,BCH,150.24560824140042
2026-04-06 04:34:00+00:00,BTC,69609.85761540706
2026-04-06 04:34:00+00:00,CC,26.83650682655962
2026-04-06 04:34:00+00:00,ETH,81.06930974949147
2026-04-06 04:34:00+00:00,FARTCOIN,47.64374215650062
2026-04-06 04:34:00+00:00,SOL,77.68322896459482
2026-04-06 04:34:00+00:00,XPL,195.6690274692531
2026-04-06 04:35:00+00:00,AVAX,12.537719228202203
2026-04-06 04:35:00+00:00,BCH,150.11521913309923
2026-04-06 04:35:00+00:00,BTC,69628.6612611648
2026-04-06 04:35:00+00:00,CC,26.86892481023051
2026-04-06 04:35:00+00:00,ETH,81.09716311702208
2026-04-06 04:35:00+00:00,FARTCOIN,47.69745966262692
2026-04-06 04:35:00+00:00,SOL,77.88812921708085
2026-04-06 04:35:00+00:00,XPL,195.49013591379995
2026-04-06 04:36:00+00:00,AVAX,12.545350193694974
2026-04-06 04:36:00+00:00,BCH,150.27442831743733
2026-04-06 04:36:00+00:00,BTC,69591.47973573596
2026-04-06 04:36:00+00:00,CC,26.86202031085892
2026-04-06 04:36:00+00:00,ETH,81.01778099894545
2026-04-06 04:36:00+00:00,FARTCOIN,47.71022767738345
2026-04-06 04:36:00+00:00,SOL,77.83431554710998
2026-04-06 04:36:00+00:00,XPL,195.64699765336067
2026-04-06 04:37:00+00:00,AVAX,12.558398220576143
2026-04-06 04:37:00+00:00,BCH,150.1808793668918
2026-04-06 04:37:00+00:00,BTC,69537.31077654594
2026-04-06 04:37:00+00:00,CC,26.86163773387868
2026-04-06 04:37:00+00:00,ETH,80.92567822969414
2026-04-06 04:37:00+00:00,FARTCOIN,47.63595599478616
2026-04-06 04:37:00+00:00,SOL,77.6808864987393
2026-04-06 04:37:00+00:00,XPL,196.1179096216794
2026-04-06 04:38:00+00:00,AVAX,12.575703983710673
2026-04-06 04:38:00+00:00,BCH,150.27069912275132
2026-04-06 04:38:00+00:00,BTC,69595.31516961462
2026-04-06 04:38:00+00:00,CC,26.76904719738218
2026-04-06 04:38:00+00:00,ETH,81.02725445584575
2026-04-06 04:38:00+00:00,FARTCOIN,47.68338537989955
2026-04-06 04:38:00+00:00,SOL,77.68712691273936
2026-04-06 04:38:00+00:00,XPL,196.13605139311088
2026-04-06 04:39:00+00:00,AVAX,12.578169827963292
2026-04-06 04:39:00+00:00,BCH,150.50978619405205
2026-04-06 04:39:00+00:00,BTC,69608.11662742341
2026-04-06 04:39:00+00:00,CC,26.7574341068939
2026-04-06 04:39:00+00:00,ETH,80.94236550704355
2026-04-06 04:39:00+00:00,FARTCOIN,47.6850604119809
2026-04-06 04:39:00+00:00,SOL,77.69566711883782
2026-04-06 04:39:00+00:00,XPL,195.8270886927281
2026-04-06 04:40:00+00:00,AVAX,12.581151429758002
2026-04-06 04:40:00+00:00,BCH,150.55061637640583
2026-04-06 04:40:00+00:00,BTC,69631.51587406582
2026-04-06 04:40:00+00:00,CC,26.77009729528488
2026-04-06 04:40:00+00:00,ETH,81.04184559370971
2026-04-06 04:40:00+00:00,FARTCOIN,47.660648819046514
2026-04-06 04:40:00+00:00,SOL,77.75611342562944
2026-04-06 04:40:00+00:00,XPL,195.5244813136322
2026-04-06 04:41:00+00:00,AVAX,12.574405064854593
2026-04-06 04:41:00+00:00,BCH,150.44861442371686
2026-04-06 04:41:00+00:00,BTC,69546.53305877553
2026-04-06 04:41:00+00:00,CC,26.778507259181332
2026-04-06 04:41:00+00:00,ETH,80.85599131290185
2026-04-06 04:41:00+00:00,FARTCOIN,47.632165557405926
2026-04-06 04:41:00+00:00,SOL,77.7142365711632
2026-04-06 04:41:00+00:00,XPL,195.65897734474686
2026-04-06 04:42:00+00:00,AVAX,12.580036142223964
2026-04-06 04:42:00+00:00,BCH,150.4299761159144
2026-04-06 04:42:00+00:00,BTC,69591.69780953634
2026-04-06 04:42:00+00:00,CC,26.812930863720542
2026-04-06 04:42:00+00:00,ETH,80.85238478184829
2026-04-06 04:42:00+00:00,FARTCOIN,47.59890766695505
2026-04-06 04:42:00+00:00,SOL,77.80449800109278
2026-04-06 04:42:00+00:00,XPL,195.67035445705875
2026-04-06 04:43:00+00:00,AVAX,12.585585873350896
2026-04-06 04:43:00+00:00,BCH,150.2851709945178
2026-04-06 04:43:00+00:00,BTC,69613.83804868977
2026-04-06 04:43:00+00:00,CC,26.807871996896882
2026-04-06 04:43:00+00:00,ETH,81.01433494453225
2026-04-06 04:43:00+00:00,FARTCOIN,47.652735859574136
2026-04-06 04:43:00+00:00,SOL,77.78038279792355
2026-04-06 04:43:00+00:00,XPL,195.8888084086813
2026-04-06 04:44:00+00:00,AVAX,12.565304264134067
2026-04-06 04:44:00+00:00,BCH,150.1034311473955
2026-04-06 04:44:00+00:00,BTC,69559.74813421805
2026-04-06 04:44:00+00:00,CC,26.798377063278007
2026-04-06 04:44:00+00:00,ETH,81.04301204744509
2026-04-06 04:44:00+00:00,FARTCOIN,47.56431742566198
2026-04-06 04:44:00+00:00,SOL,77.75282932305551
2026-04-06 04:44:00+00:00,XPL,195.73297791878932
2026-04-06 04:45:00+00:00,AVAX,12.576452045446366
2026-04-06 04:45:00+00:00,BCH,150.35697775729187
2026-04-06 04:45:00+00:00,BTC,69536.79252008433
2026-04-06 04:45:00+00:00,CC,26.753806812231613
2026-04-06 04:45:00+00:00,ETH,81.02739545620717
2026-04-06 04:45:00+00:00,FARTCOIN,47.50450979621029
2026-04-06 04:45:00+00:00,SOL,77.66975512199836
2026-04-06 04:45:00+00:00,XPL,195.9152382145565
2026-04-06 04:46:00+00:00,AVAX,12.565524657716082
2026-04-06 04:46:00+00:00,BCH,150.4662714400156
2026-04-06 04:46:00+00:00,BTC,69549.63033895798
2026-04-06 04:46:00+00:00,CC,26.748229079527423
2026-04-06 04:46:00+00:00,ETH,80.97154102305791
2026-04-06 04:46:00+00:00,FARTCOIN,47.48752488560096
2026-04-06 04:46:00+00:00,SOL,77.6386338878744
2026-04-06 04:46:00+00:00,XPL,195.88525791500365
2026-04-06 04:47:00+00:00,AVAX,12.561030988880162
2026-04-06 04:47:00+00:00,BCH,150.50815189507637
2026-04-06 04:47:00+00:00,BTC,69552.18471836625
2026-04-06 04:47:00+00:00,CC,26.707962015837452
2026-04-06 04:47:00+00:00,ETH,80.93550639770801
2026-04-06 04:47:00+00:00,FARTCOIN,47.57992311333941
2026-04-06 04:47:00+00:00,SOL,77.57695739799922
2026-04-06 04:47:00+00:00,XPL,195.7145870604118
2026-04-06 04:48:00+00:00,AVAX,12.559950687179793
2026-04-06 04:48:00+00:00,BCH,150.34981368587964
2026-04-06 04:48:00+00:00,BTC,69537.96137189495
2026-04-06 04:48:00+00:00,CC,26.647714196183756
2026-04-06 04:48:00+00:00,ETH,80.92677440739237
2026-04-06 04:48:00+00:00,FARTCOIN,47.638207680397144
2026-04-06 04:48:00+00:00,SOL,77.4805587864284
2026-04-06 04:48:00+00:00,XPL,195.61243072590676
2026-04-06 04:49:00+00:00,AVAX,12.58170214200055
2026-04-06 04:49:00+00:00,BCH,150.4639048337904
2026-04-06 04:49:00+00:00,BTC,69532.9241001206
2026-04-06 04:49:00+00:00,CC,26.612650144473076
2026-04-06 04:49:00+00:00,ETH,80.92452430124136
2026-04-06 04:49:00+00:00,FARTCOIN,47.543811071724186
2026-04-06 04:49:00+00:00,SOL,77.5500289974503
2026-04-06 04:49:00+00:00,XPL,195.32881197704063
2026-04-06 04:50:00+00:00,AVAX,12.575031315719809
2026-04-06 04:50:00+00:00,BCH,150.2576323725191
2026-04-06 04:50:00+00:00,BTC,69520.66067494973
2026-04-06 04:50:00+00:00,CC,26.65993341372965
2026-04-06 04:50:00+00:00,ETH,80.90577542147044
2026-04-06 04:50:00+00:00,FARTCOIN,47.619291558475844
2026-04-06 04:50:00+00:00,SOL,77.58647242189143
2026-04-06 04:50:00+00:00,XPL,195.78875715525243
2026-04-06 04:51:00+00:00,AVAX,12.568636783996457
2026-04-06 04:51:00+00:00,BCH,150.05948675335813
2026-04-06 04:51:00+00:00,BTC,69528.08544404709
2026-04-06 04:51:00+00:00,CC,26.651848290517908
2026-04-06 04:51:00+00:00,ETH,80.91087470361025
2026-04-06 04:51:00+00:00,FARTCOIN,47.69748289407367
2026-04-06 04:51:00+00:00,SOL,77.66175022426269
2026-04-06 04:51:00+00:00,XPL,195.77029525860107
2026-04-06 04:52:00+00:00,AVAX,12.573411290274942
2026-04-06 04:52:00+00:00,BCH,150.11540022584964
2026-04-06 04:52:00+00:00,BTC,69599.73935480577
2026-04-06 04:52:00+00:00,CC,26.664373916005054
2026-04-06 04:52:00+00:00,ETH,80.96612333102743
2026-04-06 04:52:00+00:00,FARTCOIN,47.64014679733864
2026-04-06 04:52:00+00:00,SOL,77.73252605630142
2026-04-06 04:52:00+00:00,XPL,195.9621316626767
2026-04-06 04:53:00+00:00,AVAX,12.572981861276801
2026-04-06 04:53:00+00:00,BCH,150.15021302816245
2026-04-06 04:53:00+00:00,BTC,69474.80449025564
2026-04-06 04:53:00+00:00,CC,26.638374764603462
2026-04-06 04:53:00+00:00,ETH,80.7377214402975
2026-04-06 04:53:00+00:00,FARTCOIN,47.47915363014336
2026-04-06 04:53:00+00:00,SOL,77.66818745724022
2026-04-06 04:53:00+00:00,XPL,195.76556758863518
2026-04-06 04:54:00+00:00,AVAX,12.539431217698917
2026-04-06 04:54:00+00:00,BCH,150.3857097586709
2026-04-06 04:54:00+00:00,BTC,69463.2868569919
2026-04-06 04:54:00+00:00,CC,26.58031797660761
2026-04-06 04:54:00+00:00,ETH,80.68882650468275
2026-04-06 04:54:00+00:00,FARTCOIN,47.47346478216637
2026-04-06 04:54:00+00:00,SOL,77.53424109212042
2026-04-06 04:54:00+00:00,XPL,195.5121228951224
2026-04-06 04:55:00+00:00,AVAX,12.529435768104715
2026-04-06 04:55:00+00:00,BCH,150.34043719011518
2026-04-06 04:55:00+00:00,BTC,69471.87018032483
2026-04-06 04:55:00+00:00,CC,26.610850967223055
2026-04-06 04:55:00+00:00,ETH,80.76375555600565
2026-04-06 04:55:00+00:00,FARTCOIN,47.53862506222525
2026-04-06 04:55:00+00:00,SOL,77.60264122276536
2026-04-06 04:55:00+00:00,XPL,195.46208897267726
2026-04-06 04:56:00+00:00,AVAX,12.562485274979943
2026-04-06 04:56:00+00:00,BCH,150.275705112487
2026-04-06 04:56:00+00:00,BTC,69486.26595086286
2026-04-06 04:56:00+00:00,CC,26.54267632745979
2026-04-06 04:56:00+00:00,ETH,80.67856370774147
2026-04-06 04:56:00+00:00,FARTCOIN,47.631461240324576
2026-04-06 04:56:00+00:00,SOL,77.62868316098593
2026-04-06 04:56:00+00:00,XPL,195.7286600383159
2026-04-06 04:57:00+00:00,AVAX,12.566386591236252
2026-04-06 04:57:00+00:00,BCH,150.02081123654057
2026-04-06 04:57:00+00:00,BTC,69468.17823658857
2026-04-06 04:57:00+00:00,CC,26.523630319964848
2026-04-06 04:57:00+00:00,ETH,80.64695284947496
2026-04-06 04:57:00+00:00,FARTCOIN,47.57923528608265
2026-04-06 04:57:00+00:00,SOL,77.65532286678183
2026-04-06 04:57:00+00:00,XPL,195.59620710423386
2026-04-06 04:58:00+00:00,AVAX,12.540769318090074
2026-04-06 04:58:00+00:00,BCH,149.87460896077616
2026-04-06 04:58:00+00:00,BTC,69382.80535575846
2026-04-06 04:58:00+00:00,CC,26.51537005511051
2026-04-06 04:58:00+00:00,ETH,80.50328519450218
2026-04-06 04:58:00+00:00,FARTCOIN,47.66764502829354
2026-04-06 04:58:00+00:00,SOL,77.60073262818591
2026-04-06 04:58:00+00:00,XPL,195.34393748733905
2026-04-06 04:59:00+00:00,AVAX,12.542743780977384
2026-04-06 04:59:00+00:00,BCH,149.92572023796515
2026-04-06 04:59:00+00:00,BTC,69398.73725740847
2026-04-06 04:59:00+00:00,CC,26.523922825055298
2026-04-06 04:59:00+00:00,ETH,80.52706717925166
2026-04-06 04:59:00+00:00,FARTCOIN,47.54255795903539
2026-04-06 04:59:00+00:00,SOL,77.54695903568897
2026-04-06 04:59:00+00:00,XPL,195.3893556337171
2026-04-06 05:00:00+00:00,AVAX,12.556403770901722
2026-04-06 05:00:00+00:00,BCH,150.1865738777914
2026-04-06 05:00:00+00:00,BTC,69482.70115601404
2026-04-06 05:00:00+00:00,CC,26.507219752586202
2026-04-06 05:00:00+00:00,ETH,80.5816833266867
2026-04-06 05:00:00+00:00,FARTCOIN,47.533058397730116
2026-04-06 05:00:00+00:00,SOL,77.5221121309621
2026-04-06 05:00:00+00:00,XPL,195.5536799577896
2026-04-06 05:01:00+00:00,AVAX,12.55450620454342
2026-04-06 05:01:00+00:00,BCH,150.17260555793297
2026-04-06 05:01:00+00:00,BTC,69408.13740930724
2026-04-06 05:01:00+00:00,CC,26.44314205241458
2026-04-06 05:01:00+00:00,ETH,80.61529344090717
2026-04-06 05:01:00+00:00,FARTCOIN,47.49906572200027
2026-04-06 05:01:00+00:00,SOL,77.40177531332417
2026-04-06 05:01:00+00:00,XPL,195.89750655766537
2026-04-06 05:02:00+00:00,AVAX,12.581773143262577
2026-04-06 05:02:00+00:00,BCH,150.22311678910026
2026-04-06 05:02:00+00:00,BTC,69450.11978640269
2026-04-06 05:02:00+00:00,CC,26.420929204585043
2026-04-06 05:02:00+00:00,ETH,80.69352034621511
2026-04-06 05:02:00+00:00,FARTCOIN,47.57054571400526
2026-04-06 05:02:00+00:00,SOL,77.48095160588987
2026-04-06 05:02:00+00:00,XPL,196.0043853523583
2026-04-06 05:03:00+00:00,AVAX,12.583713704348385
2026-04-06 05:03:00+00:00,BCH,150.2689347018597
2026-04-06 05:03:00+00:00,BTC,69434.15034143187
2026-04-06 05:03:00+00:00,CC,26.395986335776563
2026-04-06 05:03:00+00:00,ETH,80.58255473467226
2026-04-06 05:03:00+00:00,FARTCOIN,47.642525326567295
2026-04-06 05:03:00+00:00,SOL,77.5139352741523
2026-04-06 05:03:00+00:00,XPL,196.14689266620994
2026-04-06 05:04:00+00:00,AVAX,12.577142978748379
2026-04-06 05:04:00+00:00,BCH,150.1687292858319
2026-04-06 05:04:00+00:00,BTC,69431.16980271167
2026-04-06 05:04:00+00:00,CC,26.371283403504847
2026-04-06 05:04:00+00:00,ETH,80.62830776462422
2026-04-06 05:04:00+00:00,FARTCOIN,47.69670102468311
2026-04-06 05:04:00+00:00,SOL,77.41573806885964
2026-04-06 05:04:00+00:00,XPL,196.3145806264984
2026-04-06 05:05:00+00:00,AVAX,12.578173106349212
2026-04-06 05:05:00+00:00,BCH,150.1472362227197
2026-04-06 05:05:00+00:00,BTC,69380.01587329373
2026-04-06 05:05:00+00:00,CC,26.39810778499029
2026-04-06 05:05:00+00:00,ETH,80.52165379763672
2026-04-06 05:05:00+00:00,FARTCOIN,47.6124446238257
2026-04-06 05:05:00+00:00,SOL,77.29896994657152
2026-04-06 05:05:00+00:00,XPL,196.0142482097388
2026-04-06 05:06:00+00:00,AVAX,12.56776986760761
2026-04-06 05:06:00+00:00,BCH,150.04884541553912
2026-04-06 05:06:00+00:00,BTC,69363.7745723862
2026-04-06 05:06:00+00:00,CC,26.35845735092862
2026-04-06 05:06:00+00:00,ETH,80.46383600982321
2026-04-06 05:06:00+00:00,FARTCOIN,47.659524167218166
2026-04-06 05:06:00+00:00,SOL,77.23330041605834
2026-04-06 05:06:00+00:00,XPL,195.77861962939963
2026-04-06 05:07:00+00:00,AVAX,12.565803451864472
2026-04-06 05:07:00+00:00,BCH,150.2270650326032
2026-04-06 05:07:00+00:00,BTC,69426.92650328267
2026-04-06 05:07:00+00:00,CC,26.37277866315458
2026-04-06 05:07:00+00:00,ETH,80.5488477727118
2026-04-06 05:07:00+00:00,FARTCOIN,47.69732631963532
2026-04-06 05:07:00+00:00,SOL,77.26821404812114
2026-04-06 05:07:00+00:00,XPL,195.55973055226073
2026-04-06 05:08:00+00:00,AVAX,12.550266174516308
2026-04-06 05:08:00+00:00,BCH,150.3303562542802
2026-04-06 05:08:00+00:00,BTC,69455.24865247065
2026-04-06 05:08:00+00:00,CC,26.379940587996224
2026-04-06 05:08:00+00:00,ETH,80.54112408778415
2026-04-06 05:08:00+00:00,FARTCOIN,47.60564919657037
2026-04-06 05:08:00+00:00,SOL,77.20031232362867
2026-04-06 05:08:00+00:00,XPL,195.26329072743854
2026-04-06 05:09:00+00:00,AVAX,12.545524448533392
2026-04-06 05:09:00+00:00,BCH,150.49470428883274
2026-04-06 05:09:00+00:00,BTC,69539.52243140797
2026-04-06 05:09:00+00:00,CC,26.416768126785076
2026-04-06 05:09:00+00:00,ETH,80.68899589938016
2026-04-06 05:09:00+00:00,FARTCOIN,47.49923196850657
2026-04-06 05:09:00+00:00,SOL,77.18108248577316
2026-04-06 05:09:00+00:00,XPL,195.49717558484218
2026-04-06 05:10:00+00:00,AVAX,12.544191675706585
2026-04-06 05:10:00+00:00,BCH,150.70790235880756
2026-04-06 05:10:00+00:00,BTC,69596.85971884883
2026-04-06 05:10:00+00:00,CC,26.416902308943225
2026-04-06 05:10:00+00:00,ETH,80.68927839354848
2026-04-06 05:10:00+00:00,FARTCOIN,47.56627333113566
2026-04-06 05:10:00+00:00,SOL,77.17806540557648
2026-04-06 05:10:00+00:00,XPL,195.59747136965532
2026-04-06 05:11:00+00:00,AVAX,12.534175950291129
2026-04-06 05:11:00+00:00,BCH,150.534371376069
2026-04-06 05:11:00+00:00,BTC,69618.2543444122
2026-04-06 05:11:00+00:00,CC,26.443618788323576
2026-04-06 05:11:00+00:00,ETH,80.66541441195471
2026-04-06 05:11:00+00:00,FARTCOIN,47.558917917182264
2026-04-06 05:11:00+00:00,SOL,77.20422432850505
2026-04-06 05:11:00+00:00,XPL,195.6281566452372
2026-04-06 05:12:00+00:00,AVAX,12.550726388467833
2026-04-06 05:12:00+00:00,BCH,150.5462966464038
2026-04-06 05:12:00+00:00,BTC,69703.29301368844
2026-04-06 05:12:00+00:00,CC,26.44461009006069
2026-04-06 05:12:00+00:00,ETH,80.70147242627606
2026-04-06 05:12:00+00:00,FARTCOIN,47.497223273641616
2026-04-06 05:12:00+00:00,SOL,77.2023024410658
2026-04-06 05:12:00+00:00,XPL,195.0680726941723
2026-04-06 05:13:00+00:00,AVAX,12.540460822661972
2026-04-06 05:13:00+00:00,BCH,150.549028668448
2026-04-06 05:13:00+00:00,BTC,69724.71579322082
2026-04-06 05:13:00+00:00,CC,26.460024650486453
2026-04-06 05:13:00+00:00,ETH,80.68147111301809
2026-04-06 05:13:00+00:00,FARTCOIN,47.48827814362152
2026-04-06 05:13:00+00:00,SOL,77.21442243763865
2026-04-06 05:13:00+00:00,XPL,195.56183474220455
2026-04-06 05:14:00+00:00,AVAX,12.511192404474512
2026-04-06 05:14:00+00:00,BCH,150.42769230517692
2026-04-06 05:14:00+00:00,BTC,69765.13937489102
2026-04-06 05:14:00+00:00,CC,26.415408081180665
2026-04-06 05:14:00+00:00,ETH,80.80112366774158
2026-04-06 05:14:00+00:00,FARTCOIN,47.514535383565494
2026-04-06 05:14:00+00:00,SOL,77.32610503249934
2026-04-06 05:14:00+00:00,XPL,195.374730940635
2026-04-06 05:15:00+00:00,AVAX,12.497237947938052
2026-04-06 05:15:00+00:00,BCH,150.34608669925075
2026-04-06 05:15:00+00:00,BTC,69750.65765840728
2026-04-06 05:15:00+00:00,CC,26.3308176172892
2026-04-06 05:15:00+00:00,ETH,80.83259835529103
2026-04-06 05:15:00+00:00,FARTCOIN,47.50783909577158
2026-04-06 05:15:00+00:00,SOL,77.22193491846186
2026-04-06 05:15:00+00:00,XPL,195.84823870129824
2026-04-06 05:16:00+00:00,AVAX,12.492426451477064
2026-04-06 05:16:00+00:00,BCH,150.30135449346196
2026-04-06 05:16:00+00:00,BTC,69753.90686417847
2026-04-06 05:16:00+00:00,CC,26.34299508195103
2026-04-06 05:16:00+00:00,ETH,80.96029695665281
2026-04-06 05:16:00+00:00,FARTCOIN,47.41988540555687
2026-04-06 05:16:00+00:00,SOL,77.2106454009673
2026-04-06 05:16:00+00:00,XPL,195.50975846633298
2026-04-06 05:17:00+00:00,AVAX,12.480441077818519
2026-04-06 05:17:00+00:00,BCH,150.41619073480044
2026-04-06 05:17:00+00:00,BTC,69719.86154976858
2026-04-06 05:17:00+00:00,CC,26.354055676732944
2026-04-06 05:17:00+00:00,ETH,81.09203839528486
2026-04-06 05:17:00+00:00,FARTCOIN,47.52266204727533
2026-04-06 05:17:00+00:00,SOL,77.24982537091965
2026-04-06 05:17:00+00:00,XPL,195.30018260565117
2026-04-06 05:18:00+00:00,AVAX,12.504881395808775
2026-04-06 05:18:00+00:00,BCH,150.52409027580615
2026-04-06 05:18:00+00:00,BTC,69768.17383944799
2026-04-06 05:18:00+00:00,CC,26.372751139812387
2026-04-06 05:18:00+00:00,ETH,81.06456558957443
2026-04-06 05:18:00+00:00,FARTCOIN,47.58655656830737
2026-04-06 05:18:00+00:00,SOL,77.26623195456565
2026-04-06 05:18:00+00:00,XPL,194.81159175648384
2026-04-06 05:19:00+00:00,AVAX,12.489219107727324
2026-04-06 05:19:00+00:00,BCH,150.55802162189457
2026-04-06 05:19:00+00:00,BTC,69710.65190070798
2026-04-06 05:19:00+00:00,CC,26.351796256597567
2026-04-06 05:19:00+00:00,ETH,81.01288610659813
2026-04-06 05:19:00+00:00,FARTCOIN,47.559562879976305
2026-04-06 05:19:00+00:00,SOL,77.17222578833001
2026-04-06 05:19:00+00:00,XPL,194.86411759927907
2026-04-06 05:20:00+00:00,AVAX,12.504944553266105
2026-04-06 05:20:00+00:00,BCH,150.66902464201587
2026-04-06 05:20:00+00:00,BTC,69748.83906293166
2026-04-06 05:20:00+00:00,CC,26.401838227173098
2026-04-06 05:20:00+00:00,ETH,80.96485308091731
2026-04-06 05:20:00+00:00,FARTCOIN,47.547931968635936
2026-04-06 05:20:00+00:00,SOL,77.2890482788076
2026-04-06 05:20:00+00:00,XPL,194.62808941370204
2026-04-06 05:21:00+00:00,AVAX,12.503312492919886
2026-04-06 05:21:00+00:00,BCH,150.5793222372144
2026-04-06 05:21:00+00:00,BTC,69739.53130108361
2026-04-06 05:21:00+00:00,CC,26.38656800584316
2026-04-06 05:21:00+00:00,ETH,80.89903253443407
2026-04-06 05:21:00+00:00,FARTCOIN,47.56717821252353
2026-04-06 05:21:00+00:00,SOL,77.25898719873909
2026-04-06 05:21:00+00:00,XPL,194.37245942556942
2026-04-06 05:22:00+00:00,AVAX,12.511552611413112
2026-04-06 05:22:00+00:00,BCH,150.70243155090517
2026-04-06 05:22:00+00:00,BTC,69796.73230299228
2026-04-06 05:22:00+00:00,CC,26.404227302680454
2026-04-06 05:22:00+00:00,ETH,80.90953534744682
2026-04-06 05:22:00+00:00,FARTCOIN,47.51053229404406
2026-04-06 05:22:00+00:00,SOL,77.38973783517633
2026-04-06 05:22:00+00:00,XPL,194.0844104609428
2026-04-06 05:23:00+00:00,AVAX,12.507736229023319
2026-04-06 05:23:00+00:00,BCH,150.86878586975487
2026-04-06 05:23:00+00:00,BTC,69833.42768710734
2026-04-06 05:23:00+00:00,CC,26.42585290197117
2026-04-06 05:23:00+00:00,ETH,80.86871284490213
2026-04-06 05:23:00+00:00,FARTCOIN,47.53392907413702
2026-04-06 05:23:00+00:00,SOL,77.45421763397962
2026-04-06 05:23:00+00:00,XPL,194.28596451812206
2026-04-06 05:24:00+00:00,AVAX,12.520630593153939
2026-04-06 05:24:00+00:00,BCH,151.19461332467006
2026-04-06 05:24:00+00:00,BTC,69922.48379719169
2026-04-06 05:24:00+00:00,CC,26.48716262087343
2026-04-06 05:24:00+00:00,ETH,80.8797591266651
2026-04-06 05:24:00+00:00,FARTCOIN,47.4701818733293
2026-04-06 05:24:00+00:00,SOL,77.5142465465988
2026-04-06 05:24:00+00:00,XPL,194.50147848187305
2026-04-06 05:25:00+00:00,AVAX,12.51745356609407
2026-04-06 05:25:00+00:00,BCH,151.24235782170777
2026-04-06 05:25:00+00:00,BTC,69958.26125430295
2026-04-06 05:25:00+00:00,CC,26.47979684784908
2026-04-06 05:25:00+00:00,ETH,80.90442757484695
2026-04-06 05:25:00+00:00,FARTCOIN,47.47102055526518
2026-04-06 05:25:00+00:00,SOL,77.5814442644433
2026-04-06 05:25:00+00:00,XPL,194.94481404344336
2026-04-06 05:26:00+00:00,AVAX,12.507664465280984
2026-04-06 05:26:00+00:00,BCH,150.87707694242505
2026-04-06 05:26:00+00:00,BTC,69881.31955443953
2026-04-06 05:26:00+00:00,CC,26.453226665734864
2026-04-06 05:26:00+00:00,ETH,80.74032502743064
2026-04-06 05:26:00+00:00,FARTCOIN,47.394067367702256
2026-04-06 05:26:00+00:00,SOL,77.53126845321985
2026-04-06 05:26:00+00:00,XPL,194.74160553532812
2026-04-06 05:27:00+00:00,AVAX,12.504507156272519
2026-04-06 05:27:00+00:00,BCH,150.63799677032816
2026-04-06 05:27:00+00:00,BTC,69878.04448793743
2026-04-06 05:27:00+00:00,CC,26.405464941820014
2026-04-06 05:27:00+00:00,ETH,80.79832362916855
2026-04-06 05:27:00+00:00,FARTCOIN,47.33007770208651
2026-04-06 05:27:00+00:00,SOL,77.59944509322979
2026-04-06 05:27:00+00:00,XPL,194.79092226199776
2026-04-06 05:28:00+00:00,AVAX,12.485171278747478
2026-04-06 05:28:00+00:00,BCH,150.4887710596357
2026-04-06 05:28:00+00:00,BTC,69820.73969819956
2026-04-06 05:28:00+00:00,CC,26.450359595439636
2026-04-06 05:28:00+00:00,ETH,80.67533542691827
2026-04-06 05:28:00+00:00,FARTCOIN,47.415859993544
2026-04-06 05:28:00+00:00,SOL,77.50709038704075
2026-04-06 05:28:00+00:00,XPL,194.45786487971597
2026-04-06 05:29:00+00:00,AVAX,12.492468850780208
2026-04-06 05:29:00+00:00,BCH,150.12615630452106
2026-04-06 05:29:00+00:00,BTC,69795.41361520148
2026-04-06 05:29:00+00:00,CC,26.46181862459396
2026-04-06 05:29:00+00:00,ETH,80.85465266559731
2026-04-06 05:29:00+00:00,FARTCOIN,47.41578943382813
2026-04-06 05:29:00+00:00,SOL,77.48606625936688
2026-04-06 05:29:00+00:00,XPL,194.36559590671928
2026-04-06 05:30:00+00:00,AVAX,12.50851119431543
2026-04-06 05:30:00+00:00,BCH,150.50416490384055
2026-04-06 05:30:00+00:00,BTC,69869.2864513654
2026-04-06 05:30:00+00:00,CC,26.4818113376953
2026-04-06 05:30:00+00:00,ETH,80.89451857152947
2026-04-06 05:30:00+00:00,FARTCOIN,47.43762752439509
2026-04-06 05:30:00+00:00,SOL,77.55147789815823
2026-04-06 05:30:00+00:00,XPL,194.28571982397085
2026-04-06 05:31:00+00:00,AVAX,12.508211946233999
2026-04-06 05:31:00+00:00,BCH,150.6421761253864
2026-04-06 05:31:00+00:00,BTC,69900.4742327098
2026-04-06 05:31:00+00:00,CC,26.583412539746288
2026-04-06 05:31:00+00:00,ETH,80.93045573035046
2026-04-06 05:31:00+00:00,FARTCOIN,47.327491500541576
2026-04-06 05:31:00+00:00,SOL,77.63008246848217
2026-04-06 05:31:00+00:00,XPL,194.4113845599955
2026-04-06 05:32:00+00:00,AVAX,12.504648615859907
2026-04-06 05:32:00+00:00,BCH,150.49342058616762
2026-04-06 05:32:00+00:00,BTC,69866.28369938392
2026-04-06 05:32:00+00:00,CC,26.591181439050388
2026-04-06 05:32:00+00:00,ETH,80.80255157991552
2026-04-06 05:32:00+00:00,FARTCOIN,47.28897066338017
2026-04-06 05:32:00+00:00,SOL,77.52624218356756
2026-04-06 05:32:00+00:00,XPL,194.62974863868075
2026-04-06 05:33:00+00:00,AVAX,12.496165813568876
2026-04-06 05:33:00+00:00,BCH,150.2525464758464
2026-04-06 05:33:00+00:00,BTC,69816.724019711
2026-04-06 05:33:00+00:00,CC,26.54588990472777
2026-04-06 05:33:00+00:00,ETH,80.87792060394158
2026-04-06 05:33:00+00:00,FARTCOIN,47.30843569287611
2026-04-06 05:33:00+00:00,SOL,77.55044325786022
2026-04-06 05:33:00+00:00,XPL,194.83370276192474
2026-04-06 05:34:00+00:00,AVAX,12.486655771990835
2026-04-06 05:34:00+00:00,BCH,150.39457404881767
2026-04-06 05:34:00+00:00,BTC,69818.32615492518
2026-04-06 05:34:00+00:00,CC,26.53977192033216
2026-04-06 05:34:00+00:00,ETH,80.96102942556685
2026-04-06 05:34:00+00:00,FARTCOIN,47.31967528922169
2026-04-06 05:34:00+00:00,SOL,77.58451098946563
2026-04-06 05:34:00+00:00,XPL,194.6376457771642
2026-04-06 05:35:00+00:00,AVAX,12.478412223420547
2026-04-06 05:35:00+00:00,BCH,150.13519787713292
2026-04-06 05:35:00+00:00,BTC,69758.89472887586
2026-04-06 05:35:00+00:00,CC,26.504230923728688
2026-04-06 05:35:00+00:00,ETH,80.92406871054821
2026-04-06 05:35:00+00:00,FARTCOIN,47.18948172083231
2026-04-06 05:35:00+00:00,SOL,77.43653678962507
2026-04-06 05:35:00+00:00,XPL,194.83780558030398
2026-04-06 05:36:00+00:00,AVAX,12.466460648763483
2026-04-06 05:36:00+00:00,BCH,149.9377900065005
2026-04-06 05:36:00+00:00,BTC,69726.12982315381
2026-04-06 05:36:00+00:00,CC,26.489154260679282
2026-04-06 05:36:00+00:00,ETH,80.79376857293155
2026-04-06 05:36:00+00:00,FARTCOIN,47.19677805530463
2026-04-06 05:36:00+00:00,SOL,77.48983983313735
2026-04-06 05:36:00+00:00,XPL,194.80919344987876
2026-04-06 05:37:00+00:00,AVAX,12.458175764523446
2026-04-06 05:37:00+00:00,BCH,149.86228450333482
2026-04-06 05:37:00+00:00,BTC,69741.36013533744
2026-04-06 05:37:00+00:00,CC,26.477516789445257
2026-04-06 05:37:00+00:00,ETH,80.8240917862908
2026-04-06 05:37:00+00:00,FARTCOIN,47.219605665270414
2026-04-06 05:37:00+00:00,SOL,77.66022008429384
2026-04-06 05:37:00+00:00,XPL,194.74183327080914
2026-04-06 05:38:00+00:00,AVAX,12.44854832067509
2026-04-06 05:38:00+00:00,BCH,149.98073588340392
2026-04-06 05:38:00+00:00,BTC,69797.78407074549
2026-04-06 05:38:00+00:00,CC,26.46315172098787
2026-04-06 05:38:00+00:00,ETH,80.7980805339138
2026-04-06 05:38:00+00:00,FARTCOIN,47.30005407323536
2026-04-06 05:38:00+00:00,SOL,77.7837250319333
2026-04-06 05:38:00+00:00,XPL,194.60780548390875
2026-04-06 05:39:00+00:00,AVAX,12.449039630476983
2026-04-06 05:39:00+00:00,BCH,150.11892137803775
2026-04-06 05:39:00+00:00,BTC,69827.53355016545
2026-04-06 05:39:00+00:00,CC,26.421195604948146
2026-04-06 05:39:00+00:00,ETH,80.9338004634569
2026-04-06 05:39:00+00:00,FARTCOIN,47.26690595609899
2026-04-06 05:39:00+00:00,SOL,77.91190137810028
2026-04-06 05:39:00+00:00,XPL,194.49366328199037
2026-04-06 05:40:00+00:00,AVAX,12.438424584290084
2026-04-06 05:40:00+00:00,BCH,150.07540637221385
2026-04-06 05:40:00+00:00,BTC,69715.62675143701
2026-04-06 05:40:00+00:00,CC,26.46324458111465
2026-04-06 05:40:00+00:00,ETH,80.88242041699854
2026-04-06 05:40:00+00:00,FARTCOIN,47.124786957519675
2026-04-06 05:40:00+00:00,SOL,77.8117334863362
2026-04-06 05:40:00+00:00,XPL,194.83822114748872
2026-04-06 05:41:00+00:00,AVAX,12.432901965834146
2026-04-06 05:41:00+00:00,BCH,150.24382122891222
2026-04-06 05:41:00+00:00,BTC,69730.4817159494
2026-04-06 05:41:00+00:00,CC,26.47386453252645
2026-04-06 05:41:00+00:00,ETH,80.90401836757067
2026-04-06 05:41:00+00:00,FARTCOIN,47.070459216664155
2026-04-06 05:41:00+00:00,SOL,77.7095361027861
2026-04-06 05:41:00+00:00,XPL,194.9184144046655
2026-04-06 05:42:00+00:00,AVAX,12.461673831605026
2026-04-06 05:42:00+00:00,BCH,150.2503654385438
2026-04-06 05:42:00+00:00,BTC,69733.99785962964
2026-04-06 05:42:00+00:00,CC,26.466969472249392
2026-04-06 05:42:00+00:00,ETH,80.73027142289209
2026-04-06 05:42:00+00:00,FARTCOIN,47.00900683116564
2026-04-06 05:42:00+00:00,SOL,77.58399308071264
2026-04-06 05:42:00+00:00,XPL,194.9612268768322
2026-04-06 05:43:00+00:00,AVAX,12.47468290091214
2026-04-06 05:43:00+00:00,BCH,150.42546917712014
2026-04-06 05:43:00+00:00,BTC,69754.20434362392
2026-04-06 05:43:00+00:00,CC,26.492578325325265
2026-04-06 05:43:00+00:00,ETH,80.67871661418042
2026-04-06 05:43:00+00:00,FARTCOIN,47.05330995773506
2026-04-06 05:43:00+00:00,SOL,77.62091932097091
2026-04-06 05:43:00+00:00,XPL,194.91117669729283
2026-04-06 05:44:00+00:00,AVAX,12.501351574585932
2026-04-06 05:44:00+00:00,BCH,150.47929277982868
2026-04-06 05:44:00+00:00,BTC,69833.16519553168
2026-04-06 05:44:00+00:00,CC,26.51355682963027
2026-04-06 05:44:00+00:00,ETH,80.80634063278505
2026-04-06 05:44:00+00:00,FARTCOIN,46.91077526256989
2026-04-06 05:44:00+00:00,SOL,77.65421526520325
2026-04-06 05:44:00+00:00,XPL,195.5283524760021
2026-04-06 05:45:00+00:00,AVAX,12.494953669615386
2026-04-06 05:45:00+00:00,BCH,150.04857560397852
2026-04-06 05:45:00+00:00,BTC,69732.38027161483
2026-04-06 05:45:00+00:00,CC,26.514669773337538
2026-04-06 05:45:00+00:00,ETH,80.79534917653483
2026-04-06 05:45:00+00:00,FARTCOIN,46.872001661398855
2026-04-06 05:45:00+00:00,SOL,77.49512941654305
2026-04-06 05:45:00+00:00,XPL,195.77823285022288
2026-04-06 05:46:00+00:00,AVAX,12.511406250905065
2026-04-06 05:46:00+00:00,BCH,149.90523900976237
2026-04-06 05:46:00+00:00,BTC,69703.53290597054
2026-04-06 05:46:00+00:00,CC,26.5342778095352
2026-04-06 05:46:00+00:00,ETH,80.8476040007455
2026-04-06 05:46:00+00:00,FARTCOIN,46.948380822069026
2026-04-06 05:46:00+00:00,SOL,77.4635040215529
2026-04-06 05:46:00+00:00,XPL,195.59271735545857
2026-04-06 05:47:00+00:00,AVAX,12.506944071519184
2026-04-06 05:47:00+00:00,BCH,149.84917815983755
2026-04-06 05:47:00+00:00,BTC,69732.37065052196
2026-04-06 05:47:00+00:00,CC,26.54073832809839
2026-04-06 05:47:00+00:00,ETH,80.76023699717697
2026-04-06 05:47:00+00:00,FARTCOIN,46.952671247551834
2026-04-06 05:47:00+00:00,SOL,77.53368798691325
2026-04-06 05:47:00+00:00,XPL,195.5446834963285
2026-04-06 05:48:00+00:00,AVAX,12.466415936039484
2026-04-06 05:48:00+00:00,BCH,149.62310103414848
2026-04-06 05:48:00+00:00,BTC,69655.21154163116
2026-04-06 05:48:00+00:00,CC,26.55621190813131
2026-04-06 05:48:00+00:00,ETH,80.70617387968502
2026-04-06 05:48:00+00:00,FARTCOIN,46.992793331491626
2026-04-06 05:48:00+00:00,SOL,77.35954698186393
2026-04-06 05:48:00+00:00,XPL,195.45113449010728
2026-04-06 05:49:00+00:00,AVAX,12.472359801790194
2026-04-06 05:49:00+00:00,BCH,149.62530835434663
2026-04-06 05:49:00+00:00,BTC,69727.21401063462
2026-04-06 05:49:00+00:00,CC,26.58571544300432
2026-04-06 05:49:00+00:00,ETH,80.8509414059218
2026-04-06 05:49:00+00:00,FARTCOIN,46.909993390704024
2026-04-06 05:49:00+00:00,SOL,77.39623956465167
2026-04-06 05:49:00+00:00,XPL,195.52574836908542
2026-04-06 05:50:00+00:00,AVAX,12.481362716485593
2026-04-06 05:50:00+00:00,BCH,149.59601063231406
2026-04-06 05:50:00+00:00,BTC,69745.19546504687
2026-04-06 05:50:00+00:00,CC,26.59227846911111
2026-04-06 05:50:00+00:00,ETH,80.7480570076809
2026-04-06 05:50:00+00:00,FARTCOIN,46.822315394946074
2026-04-06 05:50:00+00:00,SOL,77.51847156844116
2026-04-06 05:50:00+00:00,XPL,195.37136331553629
2026-04-06 05:51:00+00:00,AVAX,12.489354378798582
2026-04-06 05:51:00+00:00,BCH,149.75492599603595
2026-04-06 05:51:00+00:00,BTC,69786.539330105
2026-04-06 05:51:00+00:00,CC,26.588397565831027
2026-04-06 05:51:00+00:00,ETH,80.78816672644659
2026-04-06 05:51:00+00:00,FARTCOIN,46.90869846840607
2026-04-06 05:51:00+00:00,SOL,77.48250808131392
2026-04-06 05:51:00+00:00,XPL,195.4974383531114
2026-04-06 05:52:00+00:00,AVAX,12.48820808191764
2026-04-06 05:52:00+00:00,BCH,149.93534249985987
2026-04-06 05:52:00+00:00,BTC,69758.65397521146
2026-04-06 05:52:00+00:00,CC,26.63514233188662
2026-04-06 05:52:00+00:00,ETH,80.78063331293566
2026-04-06 05:52:00+00:00,FARTCOIN,46.91064645477085
2026-04-06 05:52:00+00:00,SOL,77.51684614090146
2026-04-06 05:52:00+00:00,XPL,195.82273758397812
2026-04-06 05:53:00+00:00,AVAX,12.509118445643612
2026-04-06 05:53:00+00:00,BCH,149.77520380875737
2026-04-06 05:53:00+00:00,BTC,69798.40223689504
2026-04-06 05:53:00+00:00,CC,26.622904833003425
2026-04-06 05:53:00+00:00,ETH,80.7978819219066
2026-04-06 05:53:00+00:00,FARTCOIN,46.92180576769206
2026-04-06 05:53:00+00:00,SOL,77.52056174494825
2026-04-06 05:53:00+00:00,XPL,195.53657046194166
2026-04-06 05:54:00+00:00,AVAX,12.521378286757137
2026-04-06 05:54:00+00:00,BCH,149.6968588361319
2026-04-06 05:54:00+00:00,BTC,69850.62608956646
2026-04-06 05:54:00+00:00,CC,26.63939383717195
2026-04-06 05:54:00+00:00,ETH,80.71460567930282
2026-04-06 05:54:00+00:00,FARTCOIN,46.865899046528774
2026-04-06 05:54:00+00:00,SOL,77.60797317160294
2026-04-06 05:54:00+00:00,XPL,195.3012489804516
2026-04-06 05:55:00+00:00,AVAX,12.532121026888127
2026-04-06 05:55:00+00:00,BCH,149.6109965121193
2026-04-06 05:55:00+00:00,BTC,69862.0136905703
2026-04-06 05:55:00+00:00,CC,26.65349761445875
2026-04-06 05:55:00+00:00,ETH,80.70213091959337
2026-04-06 05:55:00+00:00,FARTCOIN,46.87309543587617
2026-04-06 05:55:00+00:00,SOL,77.69542117855455
2026-04-06 05:55:00+00:00,XPL,195.1944118414633
2026-04-06 05:56:00+00:00,AVAX,12.523274744521459
2026-04-06 05:56:00+00:00,BCH,149.73502098135359
2026-04-06 05:56:00+00:00,BTC,69873.47763391242
2026-04-06 05:56:00+00:00,CC,26.634882563944547
2026-04-06 05:56:00+00:00,ETH,80.68961447685405
2026-04-06 05:56:00+00:00,FARTCOIN,46.81021946895643
2026-04-06 05:56:00+00:00,SOL,77.7581173066545
2026-04-06 05:56:00+00:00,XPL,195.0985288601683
2026-04-06 05:57:00+00:00,AVAX,12.512947302349678
2026-04-06 05:57:00+00:00,BCH,149.73148750545036
2026-04-06 05:57:00+00:00,BTC,69886.70176074
2026-04-06 05:57:00+00:00,CC,26.61008268998232
2026-04-06 05:57:00+00:00,ETH,80.69184065844284
2026-04-06 05:57:00+00:00,FARTCOIN,46.87871040192229
2026-04-06 05:57:00+00:00,SOL,77.83428739653672
2026-04-06 05:57:00+00:00,XPL,195.57436960270047
2026-04-06 05:58:00+00:00,AVAX,12.52470262958423
2026-04-06 05:58:00+00:00,BCH,149.5570937548828
2026-04-06 05:58:00+00:00,BTC,69844.47907336675
2026-04-06 05:58:00+00:00,CC,26.595571094026628
2026-04-06 05:58:00+00:00,ETH,80.60951126876141
2026-04-06 05:58:00+00:00,FARTCOIN,47.026730068720234
2026-04-06 05:58:00+00:00,SOL,77.71372801711169
2026-04-06 05:58:00+00:00,XPL,195.78593558308242
2026-04-06 05:59:00+00:00,AVAX,12.52474060224676
2026-04-06 05:59:00+00:00,BCH,149.6404621809829
2026-04-06 05:59:00+00:00,BTC,69837.2666011156
2026-04-06 05:59:00+00:00,CC,26.57931781115912
2026-04-06 05:59:00+00:00,ETH,80.57030504460617
2026-04-06 05:59:00+00:00,FARTCOIN,47.05307595343116
2026-04-06 05:59:00+00:00,SOL,77.7848308299993
2026-04-06 05:59:00+00:00,XPL,196.00387506956335
2026-04-06 06:00:00+00:00,AVAX,12.516581423989237
2026-04-06 06:00:00+00:00,BCH,149.75572975901892
2026-04-06 06:00:00+00:00,BTC,69829.8107694034
2026-04-06 06:00:00+00:00,CC,26.53228458294966
2026-04-06 06:00:00+00:00,ETH,80.56011462829763
2026-04-06 06:00:00+00:00,FARTCOIN,47.01623423596312
2026-04-06 06:00:00+00:00,SOL,77.71810649002644
2026-04-06 06:00:00+00:00,XPL,195.93752096220942
2026-04-06 06:01:00+00:00,AVAX,12.512437423252754
2026-04-06 06:01:00+00:00,BCH,149.78736680968632
2026-04-06 06:01:00+00:00,BTC,69848.55390909113
2026-04-06 06:01:00+00:00,CC,26.512972954979805
2026-04-06 06:01:00+00:00,ETH,80.61058752820784
2026-04-06 06:01:00+00:00,FARTCOIN,46.876019645448785
2026-04-06 06:01:00+00:00,SOL,77.75399776401233
2026-04-06 06:01:00+00:00,XPL,195.88072672205303
2026-04-06 06:02:00+00:00,AVAX,12.512571114574047
2026-04-06 06:02:00+00:00,BCH,149.7664426949882
2026-04-06 06:02:00+00:00,BTC,69897.45641443064
2026-04-06 06:02:00+00:00,CC,26.525156952892072
2026-04-06 06:02:00+00:00,ETH,80.63646053114516
2026-04-06 06:02:00+00:00,FARTCOIN,46.787910876379065
2026-04-06 06:02:00+00:00,SOL,77.81835158464209
2026-04-06 06:02:00+00:00,XPL,195.56716311300767
2026-04-06 06:03:00+00:00,AVAX,12.496716577705703
2026-04-06 06:03:00+00:00,BCH,149.7085575684749
2026-04-06 06:03:00+00:00,BTC,69845.68331233604
2026-04-06 06:03:00+00:00,CC,26.561546216606843
2026-04-06 06:03:00+00:00,ETH,80.55598416172054
2026-04-06 06:03:00+00:00,FARTCOIN,46.86834468199983
2026-04-06 06:03:00+00:00,SOL,77.80331707909491
2026-04-06 06:03:00+00:00,XPL,195.7217013159361
2026-04-06 06:04:00+00:00,AVAX,12.48136488347716
2026-04-06 06:04:00+00:00,BCH,149.6659982183644
2026-04-06 06:04:00+00:00,BTC,69839.57164094487
2026-04-06 06:04:00+00:00,CC,26.578757519119904
2026-04-06 06:04:00+00:00,ETH,80.55668808404211
2026-04-06 06:04:00+00:00,FARTCOIN,46.80967735405702
2026-04-06 06:04:00+00:00,SOL,77.8211267898165
2026-04-06 06:04:00+00:00,XPL,195.83363998817018
2026-04-06 06:05:00+00:00,AVAX,12.475513589802485
2026-04-06 06:05:00+00:00,BCH,149.76549243180168
2026-04-06 06:05:00+00:00,BTC,69912.03416154959
2026-04-06 06:05:00+00:00,CC,26.501471761426924
2026-04-06 06:05:00+00:00,ETH,80.48845661951837
2026-04-06 06:05:00+00:00,FARTCOIN,46.79855678569418
2026-04-06 06:05:00+00:00,SOL,77.83062443164881
2026-04-06 06:05:00+00:00,XPL,196.17676672994492
2026-04-06 06:06:00+00:00,AVAX,12.467806865596057
2026-04-06 06:06:00+00:00,BCH,149.63022617495352
2026-04-06 06:06:00+00:00,BTC,69875.65359466901
2026-04-06 06:06:00+00:00,CC,26.519113355884034
2026-04-06 06:06:00+00:00,ETH,80.48740195546355
2026-04-06 06:06:00+00:00,FARTCOIN,46.83049781292614
2026-04-06 06:06:00+00:00,SOL,77.70174134786673
2026-04-06 06:06:00+00:00,XPL,196.10672490396036
2026-04-06 06:07:00+00:00,AVAX,12.455060414614064
2026-04-06 06:07:00+00:00,BCH,149.68159499142268
2026-04-06 06:07:00+00:00,BTC,69835.44648671888
2026-04-06 06:07:00+00:00,CC,26.498306746102426
2026-04-06 06:07:00+00:00,ETH,80.4479932596144
2026-04-06 06:07:00+00:00,FARTCOIN,46.90847140483265
2026-04-06 06:07:00+00:00,SOL,77.72473475602365
2026-04-06 06:07:00+00:00,XPL,196.05079344262637
2026-04-06 06:08:00+00:00,AVAX,12.46897818999699
2026-04-06 06:08:00+00:00,BCH,149.73328363829842
2026-04-06 06:08:00+00:00,BTC,69845.3368872771
2026-04-06 06:08:00+00:00,CC,26.513468615900912
2026-04-06 06:08:00+00:00,ETH,80.46055187852869
2026-04-06 06:08:00+00:00,FARTCOIN,46.89856625229065
2026-04-06 06:08:00+00:00,SOL,77.74709341631119
2026-04-06 06:08:00+00:00,XPL,196.0963565298141
2026-04-06 06:09:00+00:00,AVAX,12.478535309727421
2026-04-06 06:09:00+00:00,BCH,149.94823616245202
2026-04-06 06:09:00+00:00,BTC,69886.63254804481
2026-04-06 06:09:00+00:00,CC,26.516153283344998
2026-04-06 06:09:00+00:00,ETH,80.57062231028299
2026-04-06 06:09:00+00:00,FARTCOIN,46.881339525391496
2026-04-06 06:09:00+00:00,SOL,77.86667077076604
2026-04-06 06:09:00+00:00,XPL,196.32955383707343
2026-04-06 06:10:00+00:00,AVAX,12.481600219854801
2026-04-06 06:10:00+00:00,BCH,150.12970708129419
2026-04-06 06:10:00+00:00,BTC,69887.1915202627
2026-04-06 06:10:00+00:00,CC,26.510065197312407
2026-04-06 06:10:00+00:00,ETH,80.42968786910406
2026-04-06 06:10:00+00:00,FARTCOIN,46.88544392638487
2026-04-06 06:10:00+00:00,SOL,77.86406530696345
2026-04-06 06:10:00+00:00,XPL,195.98379657826172
2026-04-06 06:11:00+00:00,AVAX,12.483122109076305
2026-04-06 06:11:00+00:00,BCH,150.31054418632235
2026-04-06 06:11:00+00:00,BTC,69952.23589638098
2026-04-06 06:11:00+00:00,CC,26.511745236034297
2026-04-06 06:11:00+00:00,ETH,80.35044586469996
2026-04-06 06:11:00+00:00,FARTCOIN,46.858862218309774
2026-04-06 06:11:00+00:00,SOL,77.82717299414887
2026-04-06 06:11:00+00:00,XPL,196.19347842155327
2026-04-06 06:12:00+00:00,AVAX,12.488127181974095
2026-04-06 06:12:00+00:00,BCH,150.3186556155145
2026-04-06 06:12:00+00:00,BTC,69994.20273839937
2026-04-06 06:12:00+00:00,CC,26.514212056263894
2026-04-06 06:12:00+00:00,ETH,80.41123112835564
2026-04-06 06:12:00+00:00,FARTCOIN,46.83222434938098
2026-04-06 06:12:00+00:00,SOL,77.93459479152105
2026-04-06 06:12:00+00:00,XPL,196.21218763364183
2026-04-06 06:13:00+00:00,AVAX,12.498443935873617
2026-04-06 06:13:00+00:00,BCH,150.53484537642788
2026-04-06 06:13:00+00:00,BTC,70035.46066041863
2026-04-06 06:13:00+00:00,CC,26.560151642367167
2026-04-06 06:13:00+00:00,ETH,80.45100252684759
2026-04-06 06:13:00+00:00,FARTCOIN,46.86089964207206
2026-04-06 06:13:00+00:00,SOL,77.94765377940655
2026-04-06 06:13:00+00:00,XPL,195.9861814047297
2026-04-06 06:14:00+00:00,AVAX,12.51062679715671
2026-04-06 06:14:00+00:00,BCH,150.6476077126981
2026-04-06 06:14:00+00:00,BTC,70062.6313926917
2026-04-06 06:14:00+00:00,CC,26.561585506571767
2026-04-06 06:14:00+00:00,ETH,80.48985836283603
2026-04-06 06:14:00+00:00,FARTCOIN,46.87495655833727
2026-04-06 06:14:00+00:00,SOL,77.99736144079512
2026-04-06 06:14:00+00:00,XPL,195.5116958811485
2026-04-06 06:15:00+00:00,AVAX,12.526906837073003
2026-04-06 06:15:00+00:00,BCH,151.21026781579886
2026-04-06 06:15:00+00:00,BTC,70176.88149535345
2026-04-06 06:15:00+00:00,CC,26.60487668211009
2026-04-06 06:15:00+00:00,ETH,80.56789399665799
2026-04-06 06:15:00+00:00,FARTCOIN,47.01032955538415
2026-04-06 06:15:00+00:00,SOL,78.05995915838751
2026-04-06 06:15:00+00:00,XPL,195.5433914785415
2026-04-06 06:16:00+00:00,AVAX,12.537548454679593
2026-04-06 06:16:00+00:00,BCH,151.2340129271513
2026-04-06 06:16:00+00:00,BTC,70166.80389374011
2026-04-06 06:16:00+00:00,CC,26.634135892889567
2026-04-06 06:16:00+00:00,ETH,80.60624111848557
2026-04-06 06:16:00+00:00,FARTCOIN,47.033741635679625
2026-04-06 06:16:00+00:00,SOL,78.16602098612871
2026-04-06 06:16:00+00:00,XPL,195.87776937124673
2026-04-06 06:17:00+00:00,AVAX,12.522701443880017
2026-04-06 06:17:00+00:00,BCH,151.14871431072285
2026-04-06 06:17:00+00:00,BTC,70068.46633834316
2026-04-06 06:17:00+00:00,CC,26.64798822013067
2026-04-06 06:17:00+00:00,ETH,80.57781463382418
2026-04-06 06:17:00+00:00,FARTCOIN,47.085548724955835
2026-04-06 06:17:00+00:00,SOL,78.01132705288933
2026-04-06 06:17:00+00:00,XPL,196.2167601955911
2026-04-06 06:18:00+00:00,AVAX,12.543607916043857
2026-04-06 06:18:00+00:00,BCH,151.3326097520597
2026-04-06 06:18:00+00:00,BTC,70147.19588575608
2026-04-06 06:18:00+00:00,CC,26.596890537367265
2026-04-06 06:18:00+00:00,ETH,80.68990498683632
2026-04-06 06:18:00+00:00,FARTCOIN,47.03561996261714
2026-04-06 06:18:00+00:00,SOL,78.06211682755146
2026-04-06 06:18:00+00:00,XPL,196.34454813457705
2026-04-06 06:19:00+00:00,AVAX,12.534665027499326
2026-04-06 06:19:00+00:00,BCH,151.2779098911479
2026-04-06 06:19:00+00:00,BTC,70124.7250535107
2026-04-06 06:19:00+00:00,CC,26.630846669155805
2026-04-06 06:19:00+00:00,ETH,80.64899938214009
2026-04-06 06:19:00+00:00,FARTCOIN,47.062254874810435
2026-04-06 06:19:00+00:00,SOL,78.0484081903185
2026-04-06 06:19:00+00:00,XPL,196.79475708935237
2026-04-06 06:20:00+00:00,AVAX,12.515036828297667
2026-04-06 06:20:00+00:00,BCH,151.2523879012837
2026-04-06 06:20:00+00:00,BTC,70130.02081401508
2026-04-06 06:20:00+00:00,CC,26.616619524508568
2026-04-06 06:20:00+00:00,ETH,80.50132677717514
2026-04-06 06:20:00+00:00,FARTCOIN,47.02215260500858
2026-04-06 06:20:00+00:00,SOL,77.97673217824712
2026-04-06 06:20:00+00:00,XPL,196.78758876673987
2026-04-06 06:21:00+00:00,AVAX,12.527817519861623
2026-04-06 06:21:00+00:00,BCH,151.41037817129575
2026-04-06 06:21:00+00:00,BTC,70194.33746032952
2026-04-06 06:21:00+00:00,CC,26.64437408762981
2026-04-06 06:21:00+00:00,ETH,80.61987129417801
2026-04-06 06:21:00+00:00,FARTCOIN,47.05309776434334
2026-04-06 06:21:00+00:00,SOL,78.060731055724
2026-04-06 06:21:00+00:00,XPL,197.0489586204273
2026-04-06 06:22:00+00:00,AVAX,12.524052815377267
2026-04-06 06:22:00+00:00,BCH,151.33706995950732
2026-04-06 06:22:00+00:00,BTC,70115.65291130533
2026-04-06 06:22:00+00:00,CC,26.607328062996324
2026-04-06 06:22:00+00:00,ETH,80.63165969800242
2026-04-06 06:22:00+00:00,FARTCOIN,47.08142760453083
2026-04-06 06:22:00+00:00,SOL,78.0995661690574
2026-04-06 06:22:00+00:00,XPL,196.89811759186276
2026-04-06 06:23:00+00:00,AVAX,12.521211211117656
2026-04-06 06:23:00+00:00,BCH,151.38160275438617
2026-04-06 06:23:00+00:00,BTC,70054.2477722412
2026-04-06 06:23:00+00:00,CC,26.56486158534591
2026-04-06 06:23:00+00:00,ETH,80.6183866002918
2026-04-06 06:23:00+00:00,FARTCOIN,47.07599528631368
2026-04-06 06:23:00+00:00,SOL,78.00698359723339
2026-04-06 06:23:00+00:00,XPL,196.74208861738526
2026-04-06 06:24:00+00:00,AVAX,12.514041210438364
2026-04-06 06:24:00+00:00,BCH,151.27948568333088
2026-04-06 06:24:00+00:00,BTC,69975.76833909132
2026-04-06 06:24:00+00:00,CC,26.621970593974616
2026-04-06 06:24:00+00:00,ETH,80.4778753705212
2026-04-06 06:24:00+00:00,FARTCOIN,47.20160181814133
2026-04-06 06:24:00+00:00,SOL,77.96041704850751
2026-04-06 06:24:00+00:00,XPL,196.53813550704945
2026-04-06 06:25:00+00:00,AVAX,12.5042060455655
2026-04-06 06:25:00+00:00,BCH,151.1450411524559
2026-04-06 06:25:00+00:00,BTC,69936.87994109126
2026-04-06 06:25:00+00:00,CC,26.58845976654148
2026-04-06 06:25:00+00:00,ETH,80.4886523903438
2026-04-06 06:25:00+00:00,FARTCOIN,47.27729813797456
2026-04-06 06:25:00+00:00,SOL,77.73100567429222
2026-04-06 06:25:00+00:00,XPL,196.0309730457717
2026-04-06 06:26:00+00:00,AVAX,12.49839934251284
2026-04-06 06:26:00+00:00,BCH,151.14011619928615
2026-04-06 06:26:00+00:00,BTC,69958.40602197287
2026-04-06 06:26:00+00:00,CC,26.626691575911426
2026-04-06 06:26:00+00:00,ETH,80.57208671925562
2026-04-06 06:26:00+00:00,FARTCOIN,47.34704778995149
2026-04-06 06:26:00+00:00,SOL,77.74861743418616
2026-04-06 06:26:00+00:00,XPL,196.34606347765956
2026-04-06 06:27:00+00:00,AVAX,12.508507724069293
2026-04-06 06:27:00+00:00,BCH,151.00735993658952
2026-04-06 06:27:00+00:00,BTC,69984.08067426151
2026-04-06 06:27:00+00:00,CC,26.632429998150318
2026-04-06 06:27:00+00:00,ETH,80.71037239389314
2026-04-06 06:27:00+00:00,FARTCOIN,47.39396968328884
2026-04-06 06:27:00+00:00,SOL,77.75096187872899
2026-04-06 06:27:00+00:00,XPL,196.2093418078494
2026-04-06 06:28:00+00:00,AVAX,12.515366590318719
2026-04-06 06:28:00+00:00,BCH,151.25816100677974
2026-04-06 06:28:00+00:00,BTC,69997.61633918152
2026-04-06 06:28:00+00:00,CC,26.620036400500954
2026-04-06 06:28:00+00:00,ETH,80.66001549155699
2026-04-06 06:28:00+00:00,FARTCOIN,47.49620010743905
2026-04-06 06:28:00+00:00,SOL,77.70648047621182
2026-04-06 06:28:00+00:00,XPL,196.02831469898538
2026-04-06 06:29:00+00:00,AVAX,12.49853967704349
2026-04-06 06:29:00+00:00,BCH,151.05747606325596
2026-04-06 06:29:00+00:00,BTC,69928.42738552557
2026-04-06 06:29:00+00:00,CC,26.613340123932375
2026-04-06 06:29:00+00:00,ETH,80.5758177579444
2026-04-06 06:29:00+00:00,FARTCOIN,47.404992953334975
2026-04-06 06:29:00+00:00,SOL,77.71679356592244
2026-04-06 06:29:00+00:00,XPL,195.71222848185354
2026-04-06 06:30:00+00:00,AVAX,12.493840737512814
2026-04-06 06:30:00+00:00,BCH,150.98139018943078
2026-04-06 06:30:00+00:00,BTC,69815.4394347004
2026-04-06 06:30:00+00:00,CC,26.563228458162218
2026-04-06 06:30:00+00:00,ETH,80.51927606466704
2026-04-06 06:30:00+00:00,FARTCOIN,47.46765278136284
2026-04-06 06:30:00+00:00,SOL,77.58725985399866
2026-04-06 06:30:00+00:00,XPL,195.60096918071108
2026-04-06 06:31:00+00:00,AVAX,12.484321078679516
2026-04-06 06:31:00+00:00,BCH,151.02385758648887
2026-04-06 06:31:00+00:00,BTC,69818.09578884814
2026-04-06 06:31:00+00:00,CC,26.56299215927869
2026-04-06 06:31:00+00:00,ETH,80.52604072871439
2026-04-06 06:31:00+00:00,FARTCOIN,47.41158467708632
2026-04-06 06:31:00+00:00,SOL,77.57737669252182
2026-04-06 06:31:00+00:00,XPL,196.01682801701773
2026-04-06 06:32:00+00:00,AVAX,12.474264294525973
2026-04-06 06:32:00+00:00,BCH,151.02274785332716
2026-04-06 06:32:00+00:00,BTC,69795.0426426151
2026-04-06 06:32:00+00:00,CC,26.52674947005769
2026-04-06 06:32:00+00:00,ETH,80.42252654464605
2026-04-06 06:32:00+00:00,FARTCOIN,47.37635884437874
2026-04-06 06:32:00+00:00,SOL,77.5292796456144
2026-04-06 06:32:00+00:00,XPL,196.49696752568184
2026-04-06 06:33:00+00:00,AVAX,12.49606484990694
2026-04-06 06:33:00+00:00,BCH,151.04806613700407
2026-04-06 06:33:00+00:00,BTC,69817.49024632853
2026-04-06 06:33:00+00:00,CC,26.515869937128535
2026-04-06 06:33:00+00:00,ETH,80.4745356485959
2026-04-06 06:33:00+00:00,FARTCOIN,47.41133478803371
2026-04-06 06:33:00+00:00,SOL,77.41680432235356
2026-04-06 06:33:00+00:00,XPL,196.11834391577958
2026-04-06 06:34:00+00:00,AVAX,12.511061448595584
2026-04-06 06:34:00+00:00,BCH,151.00406369771332
2026-04-06 06:34:00+00:00,BTC,69851.8047244649
2026-04-06 06:34:00+00:00,CC,26.547937267058217
2026-04-06 06:34:00+00:00,ETH,80.55009305873465
2026-04-06 06:34:00+00:00,FARTCOIN,47.486215473643696
2026-04-06 06:34:00+00:00,SOL,77.37028110032725
2026-04-06 06:34:00+00:00,XPL,196.05421113692074
2026-04-06 06:35:00+00:00,AVAX,12.508059720462235
2026-04-06 06:35:00+00:00,BCH,150.88490387050496
2026-04-06 06:35:00+00:00,BTC,69858.56454099188
2026-04-06 06:35:00+00:00,CC,26.55655035319377
2026-04-06 06:35:00+00:00,ETH,80.56309652508358
2026-04-06 06:35:00+00:00,FARTCOIN,47.42144394081145
2026-04-06 06:35:00+00:00,SOL,77.44360387594563
2026-04-06 06:35:00+00:00,XPL,195.81480358792712
2026-04-06 06:36:00+00:00,AVAX,12.51695513469679
2026-04-06 06:36:00+00:00,BCH,151.1881697341842
2026-04-06 06:36:00+00:00,BTC,69895.745696377
2026-04-06 06:36:00+00:00,CC,26.512179970473813
2026-04-06 06:36:00+00:00,ETH,80.61547195199947
2026-04-06 06:36:00+00:00,FARTCOIN,47.39732985733608
2026-04-06 06:36:00+00:00,SOL,77.33164904289949
2026-04-06 06:36:00+00:00,XPL,196.06804293529478
2026-04-06 06:37:00+00:00,AVAX,12.520406457200194
2026-04-06 06:37:00+00:00,BCH,151.22429981945473
2026-04-06 06:37:00+00:00,BTC,69906.96122604847
2026-04-06 06:37:00+00:00,CC,26.540135231370947
2026-04-06 06:37:00+00:00,ETH,80.60769659840967
2026-04-06 06:37:00+00:00,FARTCOIN,47.40439865717051
2026-04-06 06:37:00+00:00,SOL,77.28887304098762
2026-04-06 06:37:00+00:00,XPL,196.14177874352492
2026-04-06 06:38:00+00:00,AVAX,12.49344573756875
2026-04-06 06:38:00+00:00,BCH,151.42527870228307
2026-04-06 06:38:00+00:00,BTC,69932.90468782578
2026-04-06 06:38:00+00:00,CC,26.541878692719845
2026-04-06 06:38:00+00:00,ETH,80.74047316735079
2026-04-06 06:38:00+00:00,FARTCOIN,47.39731554014659
2026-04-06 06:38:00+00:00,SOL,77.28544461733775
2026-04-06 06:38:00+00:00,XPL,196.00655146885157
2026-04-06 06:39:00+00:00,AVAX,12.478024518850074
2026-04-06 06:39:00+00:00,BCH,151.55057976232663
2026-04-06 06:39:00+00:00,BTC,69898.4173006541
2026-04-06 06:39:00+00:00,CC,26.5219989333047
2026-04-06 06:39:00+00:00,ETH,80.64123121375448
2026-04-06 06:39:00+00:00,FARTCOIN,47.44123452110685
2026-04-06 06:39:00+00:00,SOL,77.37437238528028
2026-04-06 06:39:00+00:00,XPL,196.0042843604068
2026-04-06 06:40:00+00:00,AVAX,12.476120133988857
2026-04-06 06:40:00+00:00,BCH,151.47836326533096
2026-04-06 06:40:00+00:00,BTC,69889.62966560235
2026-04-06 06:40:00+00:00,CC,26.545106099708025
2026-04-06 06:40:00+00:00,ETH,80.59000341863397
2026-04-06 06:40:00+00:00,FARTCOIN,47.63604605333088
2026-04-06 06:40:00+00:00,SOL,77.4196399268299
2026-04-06 06:40:00+00:00,XPL,195.88709944579458
2026-04-06 06:41:00+00:00,AVAX,12.473576904701186
2026-04-06 06:41:00+00:00,BCH,151.55385419021013
2026-04-06 06:41:00+00:00,BTC,69899.2571546137
2026-04-06 06:41:00+00:00,CC,26.54051155143375
2026-04-06 06:41:00+00:00,ETH,80.60023647942496
2026-04-06 06:41:00+00:00,FARTCOIN,47.66133480915957
2026-04-06 06:41:00+00:00,SOL,77.38988772678083
2026-04-06 06:41:00+00:00,XPL,196.272326146639
2026-04-06 06:42:00+00:00,AVAX,12.482443862748541
2026-04-06 06:42:00+00:00,BCH,151.63400555866866
2026-04-06 06:42:00+00:00,BTC,69939.41671836673
2026-04-06 06:42:00+00:00,CC,26.50645753388146
2026-04-06 06:42:00+00:00,ETH,80.70341217208326
2026-04-06 06:42:00+00:00,FARTCOIN,47.62477535334387
2026-04-06 06:42:00+00:00,SOL,77.51863811915008
2026-04-06 06:42:00+00:00,XPL,196.42375473606074
2026-04-06 06:43:00+00:00,AVAX,12.492212175543195
2026-04-06 06:43:00+00:00,BCH,151.44067902911206
2026-04-06 06:43:00+00:00,BTC,69920.14275507588
2026-04-06 06:43:00+00:00,CC,26.563833073461232
2026-04-06 06:43:00+00:00,ETH,80.575847412692
2026-04-06 06:43:00+00:00,FARTCOIN,47.54811675741116
2026-04-06 06:43:00+00:00,SOL,77.44884540003599
2026-04-06 06:43:00+00:00,XPL,196.57086525828447
2026-04-06 06:44:00+00:00,AVAX,12.492470920806099
2026-04-06 06:44:00+00:00,BCH,151.46236121320777
2026-04-06 06:44:00+00:00,BTC,69945.65547077417
2026-04-06 06:44:00+00:00,CC,26.565220232779776
2026-04-06 06:44:00+00:00,ETH,80.50584352444963
2026-04-06 06:44:00+00:00,FARTCOIN,47.533030171078906
2026-04-06 06:44:00+00:00,SOL,77.54325761436209
2026-04-06 06:44:00+00:00,XPL,195.95708206245158
2026-04-06 06:45:00+00:00,AVAX,12.478611180108715
2026-04-06 06:45:00+00:00,BCH,151.518500816752
2026-04-06 06:45:00+00:00,BTC,69932.64069376809
2026-04-06 06:45:00+00:00,CC,26.561637366108734
2026-04-06 06:45:00+00:00,ETH,80.34562508041978
2026-04-06 06:45:00+00:00,FARTCOIN,47.47766187499456
2026-04-06 06:45:00+00:00,SOL,77.4362316165443
2026-04-06 06:45:00+00:00,XPL,195.9340851352854
2026-04-06 06:46:00+00:00,AVAX,12.481387092615856
2026-04-06 06:46:00+00:00,BCH,151.43987343798952
2026-04-06 06:46:00+00:00,BTC,69926.88690657286
2026-04-06 06:46:00+00:00,CC,26.54829131639326
2026-04-06 06:46:00+00:00,ETH,80.3423701934803
2026-04-06 06:46:00+00:00,FARTCOIN,47.50352543435333
2026-04-06 06:46:00+00:00,SOL,77.50564514342636
2026-04-06 06:46:00+00:00,XPL,196.42127199185623
2026-04-06 06:47:00+00:00,AVAX,12.483878661453112
2026-04-06 06:47:00+00:00,BCH,151.4703469563927
2026-04-06 06:47:00+00:00,BTC,69967.50267644266
2026-04-06 06:47:00+00:00,CC,26.5889969036527
2026-04-06 06:47:00+00:00,ETH,80.30117224181748
2026-04-06 06:47:00+00:00,FARTCOIN,47.53481959431622
2026-04-06 06:47:00+00:00,SOL,77.51556987668978
2026-04-06 06:47:00+00:00,XPL,196.75694536582165
2026-04-06 06:48:00+00:00,AVAX,12.467331918373612
2026-04-06 06:48:00+00:00,BCH,151.26722504785008
2026-04-06 06:48:00+00:00,BTC,69869.95611813555
2026-04-06 06:48:00+00:00,CC,26.56484160420375
2026-04-06 06:48:00+00:00,ETH,80.1782477567017
2026-04-06 06:48:00+00:00,FARTCOIN,47.49515264662717
2026-04-06 06:48:00+00:00,SOL,77.35206651478958
2026-04-06 06:48:00+00:00,XPL,196.26654349651
2026-04-06 06:49:00+00:00,AVAX,12.454447392235082
2026-04-06 06:49:00+00:00,BCH,151.4380984559392
2026-04-06 06:49:00+00:00,BTC,69806.57575702546
2026-04-06 06:49:00+00:00,CC,26.510824342671892
2026-04-06 06:49:00+00:00,ETH,80.1641247473102
2026-04-06 06:49:00+00:00,FARTCOIN,47.59977794374435
2026-04-06 06:49:00+00:00,SOL,77.27731633531465
2026-04-06 06:49:00+00:00,XPL,196.1571324183426
2026-04-06 06:50:00+00:00,AVAX,12.468600612813507
2026-04-06 06:50:00+00:00,BCH,151.05505999026101
2026-04-06 06:50:00+00:00,BTC,69734.18691524585
2026-04-06 06:50:00+00:00,CC,26.48374626175725
2026-04-06 06:50:00+00:00,ETH,80.04722745529334
2026-04-06 06:50:00+00:00,FARTCOIN,47.547920420024944
2026-04-06 06:50:00+00:00,SOL,77.22847006263298
2026-04-06 06:50:00+00:00,XPL,195.833871364795
2026-04-06 06:51:00+00:00,AVAX,12.426215543556392
2026-04-06 06:51:00+00:00,BCH,150.9135842751788
2026-04-06 06:51:00+00:00,BTC,69620.36692892709
2026-04-06 06:51:00+00:00,CC,26.517280623494447
2026-04-06 06:51:00+00:00,ETH,79.95279962860509
2026-04-06 06:51:00+00:00,FARTCOIN,47.52557702960343
2026-04-06 06:51:00+00:00,SOL,77.0869801811025
2026-04-06 06:51:00+00:00,XPL,196.17229326336005
2026-04-06 06:52:00+00:00,AVAX,12.416861282713468
2026-04-06 06:52:00+00:00,BCH,150.81830149591016
2026-04-06 06:52:00+00:00,BTC,69587.3200611893
2026-04-06 06:52:00+00:00,CC,26.541252508839932
2026-04-06 06:52:00+00:00,ETH,79.89901177727278
2026-04-06 06:52:00+00:00,FARTCOIN,47.55752676629142
2026-04-06 06:52:00+00:00,SOL,77.09430308385917
2026-04-06 06:52:00+00:00,XPL,196.21117393615992
2026-04-06 06:53:00+00:00,AVAX,12.422358115526183
2026-04-06 06:53:00+00:00,BCH,150.79859441389618
2026-04-06 06:53:00+00:00,BTC,69623.83540604645
2026-04-06 06:53:00+00:00,CC,26.535915651688512
2026-04-06 06:53:00+00:00,ETH,79.98301506981545
2026-04-06 06:53:00+00:00,FARTCOIN,47.613458110898534
2026-04-06 06:53:00+00:00,SOL,77.0882297317519
2026-04-06 06:53:00+00:00,XPL,196.0510458530483
2026-04-06 06:54:00+00:00,AVAX,12.411523909743924
2026-04-06 06:54:00+00:00,BCH,150.73533347784408
2026-04-06 06:54:00+00:00,BTC,69609.95248540714
2026-04-06 06:54:00+00:00,CC,26.578620324312027
2026-04-06 06:54:00+00:00,ETH,80.00366208961593
2026-04-06 06:54:00+00:00,FARTCOIN,47.684608017737325
2026-04-06 06:54:00+00:00,SOL,77.118209709607
2026-04-06 06:54:00+00:00,XPL,196.05126263915201
2026-04-06 06:55:00+00:00,AVAX,12.423041290530884
2026-04-06 06:55:00+00:00,BCH,150.84364914125038
2026-04-06 06:55:00+00:00,BTC,69619.59086336741
2026-04-06 06:55:00+00:00,CC,26.60322280920645
2026-04-06 06:55:00+00:00,ETH,79.96326602381508
2026-04-06 06:55:00+00:00,FARTCOIN,47.71045465999577
2026-04-06 06:55:00+00:00,SOL,77.15798866590215
2026-04-06 06:55:00+00:00,XPL,195.44422040394514
2026-04-06 06:56:00+00:00,AVAX,12.440197125216367
2026-04-06 06:56:00+00:00,BCH,151.03989691189673
2026-04-06 06:56:00+00:00,BTC,69672.69271814676
2026-04-06 06:56:00+00:00,CC,26.598769355926443
2026-04-06 06:56:00+00:00,ETH,80.00296146898783
2026-04-06 06:56:00+00:00,FARTCOIN,47.77794516655841
2026-04-06 06:56:00+00:00,SOL,77.20377650573609
2026-04-06 06:56:00+00:00,XPL,195.21969354901807
2026-04-06 06:57:00+00:00,AVAX,12.449493350653425
2026-04-06 06:57:00+00:00,BCH,151.1845700393954
2026-04-06 06:57:00+00:00,BTC,69737.47524482931
2026-04-06 06:57:00+00:00,CC,26.5984178350949
2026-04-06 06:57:00+00:00,ETH,80.14143367332403
2026-04-06 06:57:00+00:00,FARTCOIN,47.74870189362768
2026-04-06 06:57:00+00:00,SOL,77.23410263520444
2026-04-06 06:57:00+00:00,XPL,195.26452280217754
2026-04-06 06:58:00+00:00,AVAX,12.445948943601211
2026-04-06 06:58:00+00:00,BCH,151.32710295844623
2026-04-06 06:58:00+00:00,BTC,69734.10027299047
2026-04-06 06:58:00+00:00,CC,26.608673554174924
2026-04-06 06:58:00+00:00,ETH,80.16651402082668
2026-04-06 06:58:00+00:00,FARTCOIN,47.80087286596834
2026-04-06 06:58:00+00:00,SOL,77.24145950642851
2026-04-06 06:58:00+00:00,XPL,195.46088792269674
2026-04-06 06:59:00+00:00,AVAX,12.454721729069645
2026-04-06 06:59:00+00:00,BCH,151.6220743758304
2026-04-06 06:59:00+00:00,BTC,69800.20535156634
2026-04-06 06:59:00+00:00,CC,26.587162161724983
2026-04-06 06:59:00+00:00,ETH,80.13029637995288
2026-04-06 06:59:00+00:00,FARTCOIN,47.86186632031312
2026-04-06 06:59:00+00:00,SOL,77.34198603230719
2026-04-06 06:59:00+00:00,XPL,195.04303425713087
2026-04-06 07:00:00+00:00,AVAX,12.45422986910854
2026-04-06 07:00:00+00:00,BCH,151.74183541976626
2026-04-06 07:00:00+00:00,BTC,69804.7068184855
2026-04-06 07:00:00+00:00,CC,26.587648812564456
2026-04-06 07:00:00+00:00,ETH,80.18198679878655
2026-04-06 07:00:00+00:00,FARTCOIN,47.94945517324214
2026-04-06 07:00:00+00:00,SOL,77.48988406817597
2026-04-06 07:00:00+00:00,XPL,194.95635910915166
2026-04-06 07:01:00+00:00,AVAX,12.447148070949101
2026-04-06 07:01:00+00:00,BCH,151.59171184518235
2026-04-06 07:01:00+00:00,BTC,69763.80077253116
2026-04-06 07:01:00+00:00,CC,26.594375814434
2026-04-06 07:01:00+00:00,ETH,80.06385346628917
2026-04-06 07:01:00+00:00,FARTCOIN,47.847940677480956
2026-04-06 07:01:00+00:00,SOL,77.51679527635227
2026-04-06 07:01:00+00:00,XPL,195.16983363100405
2026-04-06 07:02:00+00:00,AVAX,12.440641564156719
2026-04-06 07:02:00+00:00,BCH,151.6055572248715
2026-04-06 07:02:00+00:00,BTC,69734.77947112003
2026-04-06 07:02:00+00:00,CC,26.538385181551256
2026-04-06 07:02:00+00:00,ETH,80.13735325840135
2026-04-06 07:02:00+00:00,FARTCOIN,47.791903587757695
2026-04-06 07:02:00+00:00,SOL,77.55748077534453
2026-04-06 07:02:00+00:00,XPL,194.81398129080932
2026-04-06 07:03:00+00:00,AVAX,12.432511589756167
2026-04-06 07:03:00+00:00,BCH,151.54013253051357
2026-04-06 07:03:00+00:00,BTC,69662.54548731122
2026-04-06 07:03:00+00:00,CC,26.526857832289753
2026-04-06 07:03:00+00:00,ETH,80.14062050332909
2026-04-06 07:03:00+00:00,FARTCOIN,47.82921944472481
2026-04-06 07:03:00+00:00,SOL,77.70488229657501
2026-04-06 07:03:00+00:00,XPL,194.82717927268934
2026-04-06 07:04:00+00:00,AVAX,12.434369782574532
2026-04-06 07:04:00+00:00,BCH,151.3489326320784
2026-04-06 07:04:00+00:00,BTC,69619.25018142593
2026-04-06 07:04:00+00:00,CC,26.513915720382144
2026-04-06 07:04:00+00:00,ETH,80.11918233210744
2026-04-06 07:04:00+00:00,FARTCOIN,47.67135827403151
2026-04-06 07:04:00+00:00,SOL,77.69990335927294
2026-04-06 07:04:00+00:00,XPL,194.8183792571536
2026-04-06 07:05:00+00:00,AVAX,12.417964087583409
2026-04-06 07:05:00+00:00,BCH,151.10311252808452
2026-04-06 07:05:00+00:00,BTC,69601.80497014077
2026-04-06 07:05:00+00:00,CC,26.54531508942627
2026-04-06 07:05:00+00:00,ETH,80.11345318455898
2026-04-06 07:05:00+00:00,FARTCOIN,47.6971213563569
2026-04-06 07:05:00+00:00,SOL,77.71724474481114
2026-04-06 07:05:00+00:00,XPL,195.20979854343855
2026-04-06 07:06:00+00:00,AVAX,12.412160487763014
2026-04-06 07:06:00+00:00,BCH,150.90041308131626
2026-04-06 07:06:00+00:00,BTC,69640.9676612583
2026-04-06 07:06:00+00:00,CC,26.489604724513633
2026-04-06 07:06:00+00:00,ETH,80.13668978012174
2026-04-06 07:06:00+00:00,FARTCOIN,47.76319263719079
2026-04-06 07:06:00+00:00,SOL,77.80369467787688
2026-04-06 07:06:00+00:00,XPL,195.17785282354305
2026-04-06 07:07:00+00:00,AVAX,12.405338056118927
2026-04-06 07:07:00+00:00,BCH,151.0644899213113
2026-04-06 07:07:00+00:00,BTC,69724.90345638937
2026-04-06 07:07:00+00:00,CC,26.483859766951767
2026-04-06 07:07:00+00:00,ETH,80.26778268050526
2026-04-06 07:07:00+00:00,FARTCOIN,47.74166858661179
2026-04-06 07:07:00+00:00,SOL,77.81270398576031
2026-04-06 07:07:00+00:00,XPL,195.18468164192066
2026-04-06 07:08:00+00:00,AVAX,12.404809099547455
2026-04-06 07:08:00+00:00,BCH,150.98079887378395
2026-04-06 07:08:00+00:00,BTC,69657.47535000494
2026-04-06 07:08:00+00:00,CC,26.463432411724106
2026-04-06 07:08:00+00:00,ETH,80.17503884988065
2026-04-06 07:08:00+00:00,FARTCOIN,47.70779675066621
2026-04-06 07:08:00+00:00,SOL,77.71768197150196
2026-04-06 07:08:00+00:00,XPL,195.34723005336377
2026-04-06 07:09:00+00:00,AVAX,12.41050450311055
2026-04-06 07:09:00+00:00,BCH,150.85555625052908
2026-04-06 07:09:00+00:00,BTC,69676.63234255272
2026-04-06 07:09:00+00:00,CC,26.49539520520241
2026-04-06 07:09:00+00:00,ETH,80.2107844569128
2026-04-06 07:09:00+00:00,FARTCOIN,47.648963116699626
2026-04-06 07:09:00+00:00,SOL,77.70044454743952
2026-04-06 07:09:00+00:00,XPL,195.0472856031148
2026-04-06 07:10:00+00:00,AVAX,12.408464596312257
2026-04-06 07:10:00+00:00,BCH,150.90418565564104
2026-04-06 07:10:00+00:00,BTC,69625.89970289548
2026-04-06 07:10:00+00:00,CC,26.49015143669074
2026-04-06 07:10:00+00:00,ETH,80.22406984946296
2026-04-06 07:10:00+00:00,FARTCOIN,47.6122145619433
2026-04-06 07:10:00+00:00,SOL,77.69762632072947
2026-04-06 07:10:00+00:00,XPL,194.9671891117257
2026-04-06 07:11:00+00:00,AVAX,12.396011464922392
2026-04-06 07:11:00+00:00,BCH,150.96749434977528
2026-04-06 07:11:00+00:00,BTC,69649.03939551263
2026-04-06 07:11:00+00:00,CC,26.549071921046068
2026-04-06 07:11:00+00:00,ETH,80.206167349404
2026-04-06 07:11:00+00:00,FARTCOIN,47.587242573481575
2026-04-06 07:11:00+00:00,SOL,77.70739256743192
2026-04-06 07:11:00+00:00,XPL,194.87354694769272
2026-04-06 07:12:00+00:00,AVAX,12.414972719398905
2026-04-06 07:12:00+00:00,BCH,151.13916807303016
2026-04-06 07:12:00+00:00,BTC,69642.64864721816
2026-04-06 07:12:00+00:00,CC,26.5696900717819
2026-04-06 07:12:00+00:00,ETH,80.15544737592563
2026-04-06 07:12:00+00:00,FARTCOIN,47.54739250088895
2026-04-06 07:12:00+00:00,SOL,77.71099862580071
2026-04-06 07:12:00+00:00,XPL,194.8374896538636
2026-04-06 07:13:00+00:00,AVAX,12.394661637188694
2026-04-06 07:13:00+00:00,BCH,151.02496413495913
2026-04-06 07:13:00+00:00,BTC,69553.44942801252
2026-04-06 07:13:00+00:00,CC,26.549807593239336
2026-04-06 07:13:00+00:00,ETH,79.98215310605654
2026-04-06 07:13:00+00:00,FARTCOIN,47.49314618862355
2026-04-06 07:13:00+00:00,SOL,77.70239806333731
2026-04-06 07:13:00+00:00,XPL,194.98596578432125
2026-04-06 07:14:00+00:00,AVAX,12.403387102267335
2026-04-06 07:14:00+00:00,BCH,150.96345460549006
2026-04-06 07:14:00+00:00,BTC,69598.66049617622
2026-04-06 07:14:00+00:00,CC,26.560895833687
2026-04-06 07:14:00+00:00,ETH,79.94971182639465
2026-04-06 07:14:00+00:00,FARTCOIN,47.483874334212686
2026-04-06 07:14:00+00:00,SOL,77.80574661310332
2026-04-06 07:14:00+00:00,XPL,195.1410325505376
2026-04-06 07:15:00+00:00,AVAX,12.40846076246587
2026-04-06 07:15:00+00:00,BCH,150.97137702339
2026-04-06 07:15:00+00:00,BTC,69569.19166920062
2026-04-06 07:15:00+00:00,CC,26.547364309450895
2026-04-06 07:15:00+00:00,ETH,79.78953086219296
2026-04-06 07:15:00+00:00,FARTCOIN,47.46372525381231
2026-04-06 07:15:00+00:00,SOL,77.76642385556372
2026-04-06 07:15:00+00:00,XPL,194.94927999234412
2026-04-06 07:16:00+00:00,AVAX,12.393505768473538
2026-04-06 07:16:00+00:00,BCH,151.01447478046123
2026-04-06 07:16:00+00:00,BTC,69543.19642149638
2026-04-06 07:16:00+00:00,CC,26.572769789198222
2026-04-06 07:16:00+00:00,ETH,79.81659808773647
2026-04-06 07:16:00+00:00,FARTCOIN,47.56703373310558
2026-04-06 07:16:00+00:00,SOL,77.69485988368906
2026-04-06 07:16:00+00:00,XPL,194.9666883776849
2026-04-06 07:17:00+00:00,AVAX,12.379531366503747
2026-04-06 07:17:00+00:00,BCH,150.8440207528832
2026-04-06 07:17:00+00:00,BTC,69491.14011306292
2026-04-06 07:17:00+00:00,CC,26.52635048122572
2026-04-06 07:17:00+00:00,ETH,79.8957771205775
2026-04-06 07:17:00+00:00,FARTCOIN,47.53741880150311
2026-04-06 07:17:00+00:00,SOL,77.72479717308799
2026-04-06 07:17:00+00:00,XPL,195.2864548240526
2026-04-06 07:18:00+00:00,AVAX,12.376708611109356
2026-04-06 07:18:00+00:00,BCH,150.58973397336223
2026-04-06 07:18:00+00:00,BTC,69459.32057666806
2026-04-06 07:18:00+00:00,CC,26.497716564373878
2026-04-06 07:18:00+00:00,ETH,79.96719569906419
2026-04-06 07:18:00+00:00,FARTCOIN,47.552698860938804
2026-04-06 07:18:00+00:00,SOL,77.74867817181708
2026-04-06 07:18:00+00:00,XPL,195.0738571052878
2026-04-06 07:19:00+00:00,AVAX,12.411738637094336
2026-04-06 07:19:00+00:00,BCH,150.64167549607768
2026-04-06 07:19:00+00:00,BTC,69480.12837822763
2026-04-06 07:19:00+00:00,CC,26.51379847009875
2026-04-06 07:19:00+00:00,ETH,79.87058326560806
2026-04-06 07:19:00+00:00,FARTCOIN,47.522638184407164
2026-04-06 07:19:00+00:00,SOL,77.65613179593979
2026-04-06 07:19:00+00:00,XPL,195.11953017716843
2026-04-06 07:20:00+00:00,AVAX,12.413704959757101
2026-04-06 07:20:00+00:00,BCH,150.48909848506383
2026-04-06 07:20:00+00:00,BTC,69470.92488306719
2026-04-06 07:20:00+00:00,CC,26.552123030954192
2026-04-06 07:20:00+00:00,ETH,79.91370655346945
2026-04-06 07:20:00+00:00,FARTCOIN,47.48776893242309
2026-04-06 07:20:00+00:00,SOL,77.62550723472789
2026-04-06 07:20:00+00:00,XPL,195.06913984302872
2026-04-06 07:21:00+00:00,AVAX,12.434096041261357
2026-04-06 07:21:00+00:00,BCH,150.67044963386547
2026-04-06 07:21:00+00:00,BTC,69486.90943901808
2026-04-06 07:21:00+00:00,CC,26.48327385295832
2026-04-06 07:21:00+00:00,ETH,80.03170222727022
2026-04-06 07:21:00+00:00,FARTCOIN,47.39292470622358
2026-04-06 07:21:00+00:00,SOL,77.6522552115737
2026-04-06 07:21:00+00:00,XPL,195.06336718132306
2026-04-06 07:22:00+00:00,AVAX,12.450276471808873
2026-04-06 07:22:00+00:00,BCH,150.64768271239396
2026-04-06 07:22:00+00:00,BTC,69504.51585093631
2026-04-06 07:22:00+00:00,CC,26.528334624258303
2026-04-06 07:22:00+00:00,ETH,80.01603471585393
2026-04-06 07:22:00+00:00,FARTCOIN,47.30603983039429
2026-04-06 07:22:00+00:00,SOL,77.72343982370032
2026-04-06 07:22:00+00:00,XPL,194.69190711508728
2026-04-06 07:23:00+00:00,AVAX,12.464191234433347
2026-04-06 07:23:00+00:00,BCH,151.00029919093407
2026-04-06 07:23:00+00:00,BTC,69568.7999247663
2026-04-06 07:23:00+00:00,CC,26.52877845968088
2026-04-06 07:23:00+00:00,ETH,80.08624727674503
2026-04-06 07:23:00+00:00,FARTCOIN,47.246306143028555
2026-04-06 07:23:00+00:00,SOL,77.84827715677991
2026-04-06 07:23:00+00:00,XPL,195.05784461955818
2026-04-06 07:24:00+00:00,AVAX,12.450559952438505
2026-04-06 07:24:00+00:00,BCH,150.68116548801441
2026-04-06 07:24:00+00:00,BTC,69552.10887255539
2026-04-06 07:24:00+00:00,CC,26.467603702584913
2026-04-06 07:24:00+00:00,ETH,79.9253507483621
2026-04-06 07:24:00+00:00,FARTCOIN,47.25445428871805
2026-04-06 07:24:00+00:00,SOL,77.85229093379843
2026-04-06 07:24:00+00:00,XPL,194.867324790681
2026-04-06 07:25:00+00:00,AVAX,12.451494375240983
2026-04-06 07:25:00+00:00,BCH,150.56708062011262
2026-04-06 07:25:00+00:00,BTC,69480.24302346367
2026-04-06 07:25:00+00:00,CC,26.366984748878078
2026-04-06 07:25:00+00:00,ETH,79.87432129362222
2026-04-06 07:25:00+00:00,FARTCOIN,47.3057365584364
2026-04-06 07:25:00+00:00,SOL,77.8248911566854
2026-04-06 07:25:00+00:00,XPL,195.06707379063639
2026-04-06 07:26:00+00:00,AVAX,12.442615866683644
2026-04-06 07:26:00+00:00,BCH,150.85666596755897
2026-04-06 07:26:00+00:00,BTC,69532.16802748812
2026-04-06 07:26:00+00:00,CC,26.322571358919898
2026-04-06 07:26:00+00:00,ETH,79.84858942032761
2026-04-06 07:26:00+00:00,FARTCOIN,47.211475222106834
2026-04-06 07:26:00+00:00,SOL,77.87882072798912
2026-04-06 07:26:00+00:00,XPL,194.95080151077835
2026-04-06 07:27:00+00:00,AVAX,12.458098533139083
2026-04-06 07:27:00+00:00,BCH,150.70610935518022
2026-04-06 07:27:00+00:00,BTC,69516.03553536914
2026-04-06 07:27:00+00:00,CC,26.320727417590557
2026-04-06 07:27:00+00:00,ETH,79.84718697630898
2026-04-06 07:27:00+00:00,FARTCOIN,47.17818868464298
2026-04-06 07:27:00+00:00,SOL,77.81625451109696
2026-04-06 07:27:00+00:00,XPL,194.7954849099863
2026-04-06 07:28:00+00:00,AVAX,12.468607473258835
2026-04-06 07:28:00+00:00,BCH,150.78448208326722
2026-04-06 07:28:00+00:00,BTC,69570.294132884
2026-04-06 07:28:00+00:00,CC,26.322753278149573
2026-04-06 07:28:00+00:00,ETH,79.7879703074179
2026-04-06 07:28:00+00:00,FARTCOIN,47.10821753400094
2026-04-06 07:28:00+00:00,SOL,77.84957046479066
2026-04-06 07:28:00+00:00,XPL,195.10970765142568
2026-04-06 07:29:00+00:00,AVAX,12.441740529842921
2026-04-06 07:29:00+00:00,BCH,150.76418442632988
2026-04-06 07:29:00+00:00,BTC,69588.966799277
2026-04-06 07:29:00+00:00,CC,26.3441759011076
2026-04-06 07:29:00+00:00,ETH,79.84517338810386
2026-04-06 07:29:00+00:00,FARTCOIN,47.095808051106864
2026-04-06 07:29:00+00:00,SOL,77.86866163287078
2026-04-06 07:29:00+00:00,XPL,195.3530311759731
2026-04-06 07:30:00+00:00,AVAX,12.436957820121513
2026-04-06 07:30:00+00:00,BCH,150.65967810850816
2026-04-06 07:30:00+00:00,BTC,69582.57908480085
2026-04-06 07:30:00+00:00,CC,26.326327346508926
2026-04-06 07:30:00+00:00,ETH,79.91259392391218
2026-04-06 07:30:00+00:00,FARTCOIN,47.15577863760894
2026-04-06 07:30:00+00:00,SOL,77.86015586848919
2026-04-06 07:30:00+00:00,XPL,195.39836611860093
2026-04-06 07:31:00+00:00,AVAX,12.44686250944789
2026-04-06 07:31:00+00:00,BCH,150.7241263267676
2026-04-06 07:31:00+00:00,BTC,69599.56926709581
2026-04-06 07:31:00+00:00,CC,26.292629644065098
2026-04-06 07:31:00+00:00,ETH,79.87286005842596
2026-04-06 07:31:00+00:00,FARTCOIN,47.13279908523928
2026-04-06 07:31:00+00:00,SOL,77.74426996393132
2026-04-06 07:31:00+00:00,XPL,195.58647072422718
2026-04-06 07:32:00+00:00,AVAX,12.458661886628185
2026-04-06 07:32:00+00:00,BCH,150.72336864336881
2026-04-06 07:32:00+00:00,BTC,69694.68694751151
2026-04-06 07:32:00+00:00,CC,26.286778557416028
2026-04-06 07:32:00+00:00,ETH,79.88385308957925
2026-04-06 07:32:00+00:00,FARTCOIN,47.14298659220541
2026-04-06 07:32:00+00:00,SOL,77.80673282462472
2026-04-06 07:32:00+00:00,XPL,195.57216965573863
2026-04-06 07:33:00+00:00,AVAX,12.482097572158578
2026-04-06 07:33:00+00:00,BCH,150.89467734640021
2026-04-06 07:33:00+00:00,BTC,69796.08879847216
2026-04-06 07:33:00+00:00,CC,26.295483803747988
2026-04-06 07:33:00+00:00,ETH,79.82758536875718
2026-04-06 07:33:00+00:00,FARTCOIN,47.23911715487821
2026-04-06 07:33:00+00:00,SOL,77.90688691587717
2026-04-06 07:33:00+00:00,XPL,195.62708153549858
2026-04-06 07:34:00+00:00,AVAX,12.473067047437105
2026-04-06 07:34:00+00:00,BCH,150.97100054798906
2026-04-06 07:34:00+00:00,BTC,69799.47865309674
2026-04-06 07:34:00+00:00,CC,26.303022240330428
2026-04-06 07:34:00+00:00,ETH,79.8117419314233
2026-04-06 07:34:00+00:00,FARTCOIN,47.26554039539656
2026-04-06 07:34:00+00:00,SOL,77.89037620615274
2026-04-06 07:34:00+00:00,XPL,195.47372389493574
2026-04-06 07:35:00+00:00,AVAX,12.459602525401854
2026-04-06 07:35:00+00:00,BCH,150.95616521522447
2026-04-06 07:35:00+00:00,BTC,69807.30594586815
2026-04-06 07:35:00+00:00,CC,26.27871446877173
2026-04-06 07:35:00+00:00,ETH,79.77758015086741
2026-04-06 07:35:00+00:00,FARTCOIN,47.22350772257368
2026-04-06 07:35:00+00:00,SOL,77.88049815093191
2026-04-06 07:35:00+00:00,XPL,195.69029273463832
2026-04-06 07:36:00+00:00,AVAX,12.466782097078239
2026-04-06 07:36:00+00:00,BCH,150.9169487454362
2026-04-06 07:36:00+00:00,BTC,69859.91635904404
2026-04-06 07:36:00+00:00,CC,26.31112057509741
2026-04-06 07:36:00+00:00,ETH,79.71732660029821
2026-04-06 07:36:00+00:00,FARTCOIN,47.23963125610599
2026-04-06 07:36:00+00:00,SOL,77.96461984086747
2026-04-06 07:36:00+00:00,XPL,195.5569904132794
2026-04-06 07:37:00+00:00,AVAX,12.460864782170555
2026-04-06 07:37:00+00:00,BCH,150.98095087945313
2026-04-06 07:37:00+00:00,BTC,69818.57413046835
2026-04-06 07:37:00+00:00,CC,26.28839577942449
2026-04-06 07:37:00+00:00,ETH,79.70971783031405
2026-04-06 07:37:00+00:00,FARTCOIN,47.18715587110319
2026-04-06 07:37:00+00:00,SOL,77.84976675701003
2026-04-06 07:37:00+00:00,XPL,195.8826279916827
2026-04-06 07:38:00+00:00,AVAX,12.459427267034098
2026-04-06 07:38:00+00:00,BCH,151.11015646726906
2026-04-06 07:38:00+00:00,BTC,69834.85417718595
2026-04-06 07:38:00+00:00,CC,26.26219849627058
2026-04-06 07:38:00+00:00,ETH,79.69323584615181
2026-04-06 07:38:00+00:00,FARTCOIN,47.213172991303914
2026-04-06 07:38:00+00:00,SOL,77.75118880961583
2026-04-06 07:38:00+00:00,XPL,195.81753307582315
2026-04-06 07:39:00+00:00,AVAX,12.473005139739238
2026-04-06 07:39:00+00:00,BCH,150.9662990836832
2026-04-06 07:39:00+00:00,BTC,69833.5898988794
2026-04-06 07:39:00+00:00,CC,26.245015757538777
2026-04-06 07:39:00+00:00,ETH,79.61489203755436
2026-04-06 07:39:00+00:00,FARTCOIN,47.24220797877773
2026-04-06 07:39:00+00:00,SOL,77.72563299087192
2026-04-06 07:39:00+00:00,XPL,195.82164322678125
2026-04-06 07:40:00+00:00,AVAX,12.465792699301987
2026-04-06 07:40:00+00:00,BCH,150.81873806900154
2026-04-06 07:40:00+00:00,BTC,69848.93652103178
2026-04-06 07:40:00+00:00,CC,26.280043542045505
2026-04-06 07:40:00+00:00,ETH,79.59002902280601
2026-04-06 07:40:00+00:00,FARTCOIN,47.16683915228813
2026-04-06 07:40:00+00:00,SOL,77.7936321017641
2026-04-06 07:40:00+00:00,XPL,196.0086286883624
2026-04-06 07:41:00+00:00,AVAX,12.463125237872802
2026-04-06 07:41:00+00:00,BCH,150.61488059142957
2026-04-06 07:41:00+00:00,BTC,69808.20145637548
2026-04-06 07:41:00+00:00,CC,26.27279053163669
2026-04-06 07:41:00+00:00,ETH,79.62731132631922
2026-04-06 07:41:00+00:00,FARTCOIN,47.17124981963801
2026-04-06 07:41:00+00:00,SOL,77.8732512922096
2026-04-06 07:41:00+00:00,XPL,195.9913739600855
2026-04-06 07:42:00+00:00,AVAX,12.45210498704141
2026-04-06 07:42:00+00:00,BCH,150.54635936190692
2026-04-06 07:42:00+00:00,BTC,69730.56926148885
2026-04-06 07:42:00+00:00,CC,26.245062272443903
2026-04-06 07:42:00+00:00,ETH,79.59521609282858
2026-04-06 07:42:00+00:00,FARTCOIN,47.15410018088936
2026-04-06 07:42:00+00:00,SOL,77.85441780264571
2026-04-06 07:42:00+00:00,XPL,195.87772615862698
2026-04-06 07:43:00+00:00,AVAX,12.419343469782866
2026-04-06 07:43:00+00:00,BCH,150.3980826125395
2026-04-06 07:43:00+00:00,BTC,69629.45741979874
2026-04-06 07:43:00+00:00,CC,26.266621247981657
2026-04-06 07:43:00+00:00,ETH,79.48779939139993
2026-04-06 07:43:00+00:00,FARTCOIN,47.17123886821613
2026-04-06 07:43:00+00:00,SOL,77.65576434213682
2026-04-06 07:43:00+00:00,XPL,195.81383229266828
2026-04-06 07:44:00+00:00,AVAX,12.396364494170657
2026-04-06 07:44:00+00:00,BCH,150.40503581107546
2026-04-06 07:44:00+00:00,BTC,69575.0167188234
2026-04-06 07:44:00+00:00,CC,26.330128227948748
2026-04-06 07:44:00+00:00,ETH,79.47924306739834
2026-04-06 07:44:00+00:00,FARTCOIN,47.21093519119021
2026-04-06 07:44:00+00:00,SOL,77.58792486757389
2026-04-06 07:44:00+00:00,XPL,195.99330899322473
2026-04-06 07:45:00+00:00,AVAX,12.393114694114026
2026-04-06 07:45:00+00:00,BCH,150.31986345623088
2026-04-06 07:45:00+00:00,BTC,69552.68166617038
2026-04-06 07:45:00+00:00,CC,26.335063078049956
2026-04-06 07:45:00+00:00,ETH,79.3745796556763
2026-04-06 07:45:00+00:00,FARTCOIN,47.23495868364723
2026-04-06 07:45:00+00:00,SOL,77.58467083217272
2026-04-06 07:45:00+00:00,XPL,195.82489824903962
2026-04-06 07:46:00+00:00,AVAX,12.413066686050499
2026-04-06 07:46:00+00:00,BCH,150.16861112175977
2026-04-06 07:46:00+00:00,BTC,69538.40854812047
2026-04-06 07:46:00+00:00,CC,26.373001391007794
2026-04-06 07:46:00+00:00,ETH,79.36304610495098
2026-04-06 07:46:00+00:00,FARTCOIN,47.21583811909298
2026-04-06 07:46:00+00:00,SOL,77.58353678619437
2026-04-06 07:46:00+00:00,XPL,195.7871994695596
2026-04-06 07:47:00+00:00,AVAX,12.4338635042719
2026-04-06 07:47:00+00:00,BCH,150.46618150406977
2026-04-06 07:47:00+00:00,BTC,69632.77089466521
2026-04-06 07:47:00+00:00,CC,26.4129737188284
2026-04-06 07:47:00+00:00,ETH,79.46511245173322
2026-04-06 07:47:00+00:00,FARTCOIN,47.28157090251807
2026-04-06 07:47:00+00:00,SOL,77.71072482648141
2026-04-06 07:47:00+00:00,XPL,195.84272406177223
2026-04-06 07:48:00+00:00,AVAX,12.422740109182312
2026-04-06 07:48:00+00:00,BCH,150.49025235969157
2026-04-06 07:48:00+00:00,BTC,69686.70113629932
2026-04-06 07:48:00+00:00,CC,26.39787170199936
2026-04-06 07:48:00+00:00,ETH,79.48380589330428
2026-04-06 07:48:00+00:00,FARTCOIN,47.23937504139717
2026-04-06 07:48:00+00:00,SOL,77.69772661929612
2026-04-06 07:48:00+00:00,XPL,196.07637469920476
2026-04-06 07:49:00+00:00,AVAX,12.380922618594248
2026-04-06 07:49:00+00:00,BCH,150.4293836961021
2026-04-06 07:49:00+00:00,BTC,69639.78546681137
2026-04-06 07:49:00+00:00,CC,26.3951599420089
2026-04-06 07:49:00+00:00,ETH,79.4694578409393
2026-04-06 07:49:00+00:00,FARTCOIN,47.15822526050966
2026-04-06 07:49:00+00:00,SOL,77.65780060424446
2026-04-06 07:49:00+00:00,XPL,196.0264781989053
2026-04-06 07:50:00+00:00,AVAX,12.391657007257791
2026-04-06 07:50:00+00:00,BCH,150.25077281465934
2026-04-06 07:50:00+00:00,BTC,69656.73756918752
2026-04-06 07:50:00+00:00,CC,26.355850572193425
2026-04-06 07:50:00+00:00,ETH,79.4300901942911
2026-04-06 07:50:00+00:00,FARTCOIN,46.9800375176532
2026-04-06 07:50:00+00:00,SOL,77.70325746779127
2026-04-06 07:50:00+00:00,XPL,196.46187282436063
2026-04-06 07:51:00+00:00,AVAX,12.387583254536437
2026-04-06 07:51:00+00:00,BCH,150.13737014825662
2026-04-06 07:51:00+00:00,BTC,69636.89137763952
2026-04-06 07:51:00+00:00,CC,26.347868022956682
2026-04-06 07:51:00+00:00,ETH,79.4472987671542
2026-04-06 07:51:00+00:00,FARTCOIN,46.97340627913009
2026-04-06 07:51:00+00:00,SOL,77.74218818094594
2026-04-06 07:51:00+00:00,XPL,196.41377752840629
2026-04-06 07:52:00+00:00,AVAX,12.398215653844149
2026-04-06 07:52:00+00:00,BCH,150.2484017668946
2026-04-06 07:52:00+00:00,BTC,69623.03120756027
2026-04-06 07:52:00+00:00,CC,26.327028797685653
2026-04-06 07:52:00+00:00,ETH,79.47332014385877
2026-04-06 07:52:00+00:00,FARTCOIN,46.925251921562506
2026-04-06 07:52:00+00:00,SOL,77.67269109382225
2026-04-06 07:52:00+00:00,XPL,196.3499472762651
2026-04-06 07:53:00+00:00,AVAX,12.38975827797694
2026-04-06 07:53:00+00:00,BCH,150.16813372274106
2026-04-06 07:53:00+00:00,BTC,69632.06384687148
2026-04-06 07:53:00+00:00,CC,26.31498647476598
2026-04-06 07:53:00+00:00,ETH,79.27368199313733
2026-04-06 07:53:00+00:00,FARTCOIN,46.94887304292141
2026-04-06 07:53:00+00:00,SOL,77.65712918794891
2026-04-06 07:53:00+00:00,XPL,196.31474626973989
2026-04-06 07:54:00+00:00,AVAX,12.398230788298635
2026-04-06 07:54:00+00:00,BCH,150.33362907998733
2026-04-06 07:54:00+00:00,BTC,69662.25030202689
2026-04-06 07:54:00+00:00,CC,26.293596087179946
2026-04-06 07:54:00+00:00,ETH,79.38789307612552
2026-04-06 07:54:00+00:00,FARTCOIN,46.84200827875485
2026-04-06 07:54:00+00:00,SOL,77.49693042103625
2026-04-06 07:54:00+00:00,XPL,196.0218110274947
2026-04-06 07:55:00+00:00,AVAX,12.405171987132873
2026-04-06 07:55:00+00:00,BCH,149.98829257958383
2026-04-06 07:55:00+00:00,BTC,69645.70880965421
2026-04-06 07:55:00+00:00,CC,26.28329069264157
2026-04-06 07:55:00+00:00,ETH,79.15446118146313
2026-04-06 07:55:00+00:00,FARTCOIN,46.80342119248285
2026-04-06 07:55:00+00:00,SOL,77.43796417309623
2026-04-06 07:55:00+00:00,XPL,195.76879887632728
2026-04-06 07:56:00+00:00,AVAX,12.408028909440565
2026-04-06 07:56:00+00:00,BCH,150.00772319674485
2026-04-06 07:56:00+00:00,BTC,69697.59301208318
2026-04-06 07:56:00+00:00,CC,26.304000051470908
2026-04-06 07:56:00+00:00,ETH,79.16067881377461
2026-04-06 07:56:00+00:00,FARTCOIN,46.83681625416588
2026-04-06 07:56:00+00:00,SOL,77.45043410313016
2026-04-06 07:56:00+00:00,XPL,195.6733141974644
2026-04-06 07:57:00+00:00,AVAX,12.394847047014835
2026-04-06 07:57:00+00:00,BCH,149.8827180081813
2026-04-06 07:57:00+00:00,BTC,69641.90203151801
2026-04-06 07:57:00+00:00,CC,26.296024266602526
2026-04-06 07:57:00+00:00,ETH,79.1799456997839
2026-04-06 07:57:00+00:00,FARTCOIN,46.77149288910226
2026-04-06 07:57:00+00:00,SOL,77.32683834028872
2026-04-06 07:57:00+00:00,XPL,195.90887522551
2026-04-06 07:58:00+00:00,AVAX,12.395175617570931
2026-04-06 07:58:00+00:00,BCH,150.11852764100044
2026-04-06 07:58:00+00:00,BTC,69642.21105725563
2026-04-06 07:58:00+00:00,CC,26.237282588344307
2026-04-06 07:58:00+00:00,ETH,79.15763701829806
2026-04-06 07:58:00+00:00,FARTCOIN,46.794509917942555
2026-04-06 07:58:00+00:00,SOL,77.33865653777346
2026-04-06 07:58:00+00:00,XPL,195.90126160962248
2026-04-06 07:59:00+00:00,AVAX,12.420413367841864
2026-04-06 07:59:00+00:00,BCH,150.19262330095276
2026-04-06 07:59:00+00:00,BTC,69768.96168154695
2026-04-06 07:59:00+00:00,CC,26.223336710599433
2026-04-06 07:59:00+00:00,ETH,79.17553250461955
2026-04-06 07:59:00+00:00,FARTCOIN,46.780251333160145
2026-04-06 07:59:00+00:00,SOL,77.4543848230411
2026-04-06 07:59:00+00:00,XPL,195.85857962859322
2026-04-06 08:00:00+00:00,AVAX,12.421901818044171
2026-04-06 08:00:00+00:00,BCH,150.30329991293186
2026-04-06 08:00:00+00:00,BTC,69779.85736164734
2026-04-06 08:00:00+00:00,CC,26.176385313089522
2026-04-06 08:00:00+00:00,ETH,79.10813287780351
2026-04-06 08:00:00+00:00,FARTCOIN,46.779870599236546
2026-04-06 08:00:00+00:00,SOL,77.3073179131096
2026-04-06 08:00:00+00:00,XPL,196.1531906992616
2026-04-06 08:01:00+00:00,AVAX,12.443402335618758
2026-04-06 08:01:00+00:00,BCH,150.5746919737368
2026-04-06 08:01:00+00:00,BTC,69849.89914317433
2026-04-06 08:01:00+00:00,CC,26.18930713137045
2026-04-06 08:01:00+00:00,ETH,79.24883124588906
2026-04-06 08:01:00+00:00,FARTCOIN,46.82268626089655
2026-04-06 08:01:00+00:00,SOL,77.38827937834064
2026-04-06 08:01:00+00:00,XPL,196.55808817428527
2026-04-06 08:02:00+00:00,AVAX,12.43890750608534
2026-04-06 08:02:00+00:00,BCH,150.48514380907338
2026-04-06 08:02:00+00:00,BTC,69854.37415916726
2026-04-06 08:02:00+00:00,CC,26.205465512697582
2026-04-06 08:02:00+00:00,ETH,79.11620850828193
2026-04-06 08:02:00+00:00,FARTCOIN,46.87685251772595
2026-04-06 08:02:00+00:00,SOL,77.32785985041818
2026-04-06 08:02:00+00:00,XPL,196.8569402917027
2026-04-06 08:03:00+00:00,AVAX,12.428339010093472
2026-04-06 08:03:00+00:00,BCH,150.48655699427982
2026-04-06 08:03:00+00:00,BTC,69882.77880700931
2026-04-06 08:03:00+00:00,CC,26.21566579084902
2026-04-06 08:03:00+00:00,ETH,79.22401081683407
2026-04-06 08:03:00+00:00,FARTCOIN,46.885867788578516
2026-04-06 08:03:00+00:00,SOL,77.38840669944543
2026-04-06 08:03:00+00:00,XPL,196.67150985647152
2026-04-06 08:04:00+00:00,AVAX,12.450051518294137
2026-04-06 08:04:00+00:00,BCH,150.50065521960323
2026-04-06 08:04:00+00:00,BTC,69880.00114502368
2026-04-06 08:04:00+00:00,CC,26.19069848580311
2026-04-06 08:04:00+00:00,ETH,79.2174055613605
2026-04-06 08:04:00+00:00,FARTCOIN,46.83971909406295
2026-04-06 08:04:00+00:00,SOL,77.29656621045008
2026-04-06 08:04:00+00:00,XPL,196.55310049416477
2026-04-06 08:05:00+00:00,AVAX,12.442016820988691
2026-04-06 08:05:00+00:00,BCH,150.28488239263734
2026-04-06 08:05:00+00:00,BTC,69871.66598478782
2026-04-06 08:05:00+00:00,CC,26.197832956451098
2026-04-06 08:05:00+00:00,ETH,79.12441551302157
2026-04-06 08:05:00+00:00,FARTCOIN,46.812864043504106
2026-04-06 08:05:00+00:00,SOL,77.29081659352936
2026-04-06 08:05:00+00:00,XPL,196.97666157328825
2026-04-06 08:06:00+00:00,AVAX,12.42988692008159
2026-04-06 08:06:00+00:00,BCH,150.15368314520535
2026-04-06 08:06:00+00:00,BTC,69833.55177044362
2026-04-06 08:06:00+00:00,CC,26.180200818026055
2026-04-06 08:06:00+00:00,ETH,79.04623211694299
2026-04-06 08:06:00+00:00,FARTCOIN,46.843546767648846
2026-04-06 08:06:00+00:00,SOL,77.23529235001281
2026-04-06 08:06:00+00:00,XPL,197.0121678651877
2026-04-06 08:07:00+00:00,AVAX,12.432333441117061
2026-04-06 08:07:00+00:00,BCH,150.36472669344923
2026-04-06 08:07:00+00:00,BTC,69854.5895692516
2026-04-06 08:07:00+00:00,CC,26.146041510176726
2026-04-06 08:07:00+00:00,ETH,78.99412047784183
2026-04-06 08:07:00+00:00,FARTCOIN,46.78899354807873
2026-04-06 08:07:00+00:00,SOL,77.27614679633011
2026-04-06 08:07:00+00:00,XPL,196.96077206894267
2026-04-06 08:08:00+00:00,AVAX,12.426787351114108
2026-04-06 08:08:00+00:00,BCH,150.35927226714276
2026-04-06 08:08:00+00:00,BTC,69812.96333008839
2026-04-06 08:08:00+00:00,CC,26.166210516181245
2026-04-06 08:08:00+00:00,ETH,79.0156839219082
2026-04-06 08:08:00+00:00,FARTCOIN,46.77342031261291
2026-04-06 08:08:00+00:00,SOL,77.24567222935812
2026-04-06 08:08:00+00:00,XPL,197.10712934325826
2026-04-06 08:09:00+00:00,AVAX,12.427383949863556
2026-04-06 08:09:00+00:00,BCH,150.3976108077513
2026-04-06 08:09:00+00:00,BTC,69845.49744286573
2026-04-06 08:09:00+00:00,CC,26.194349477336242
2026-04-06 08:09:00+00:00,ETH,79.0991059290732
2026-04-06 08:09:00+00:00,FARTCOIN,46.75612300653726
2026-04-06 08:09:00+00:00,SOL,77.25852508263056
2026-04-06 08:09:00+00:00,XPL,197.36391828539325
2026-04-06 08:10:00+00:00,AVAX,12.435216355659204
2026-04-06 08:10:00+00:00,BCH,150.51007668965514
2026-04-06 08:10:00+00:00,BTC,69898.57929096237
2026-04-06 08:10:00+00:00,CC,26.228178116520702
2026-04-06 08:10:00+00:00,ETH,79.02783027647853
2026-04-06 08:10:00+00:00,FARTCOIN,46.7574278030118
2026-04-06 08:10:00+00:00,SOL,77.20161429975344
2026-04-06 08:10:00+00:00,XPL,197.2585936766832
2026-04-06 08:11:00+00:00,AVAX,12.43748350447154
2026-04-06 08:11:00+00:00,BCH,150.62163107871243
2026-04-06 08:11:00+00:00,BTC,69916.51560908432
2026-04-06 08:11:00+00:00,CC,26.21038298863385
2026-04-06 08:11:00+00:00,ETH,79.01636047859755
2026-04-06 08:11:00+00:00,FARTCOIN,46.70322882296423
2026-04-06 08:11:00+00:00,SOL,77.11586001250438
2026-04-06 08:11:00+00:00,XPL,197.32066934893948
2026-04-06 08:12:00+00:00,AVAX,12.437322059494289
2026-04-06 08:12:00+00:00,BCH,150.7007057623923
2026-04-06 08:12:00+00:00,BTC,69902.50755272372
2026-04-06 08:12:00+00:00,CC,26.24645125179197
2026-04-06 08:12:00+00:00,ETH,78.94155279383743
2026-04-06 08:12:00+00:00,FARTCOIN,46.59768649725273
2026-04-06 08:12:00+00:00,SOL,77.06222020850659
2026-04-06 08:12:00+00:00,XPL,197.53227047825956
2026-04-06 08:13:00+00:00,AVAX,12.41431405859792
2026-04-06 08:13:00+00:00,BCH,150.66594866215323
2026-04-06 08:13:00+00:00,BTC,69924.72441516396
2026-04-06 08:13:00+00:00,CC,26.232577278966563
2026-04-06 08:13:00+00:00,ETH,79.05485741086166
2026-04-06 08:13:00+00:00,FARTCOIN,46.62977754826966
2026-04-06 08:13:00+00:00,SOL,77.082463846635
2026-04-06 08:13:00+00:00,XPL,197.26996600456255
2026-04-06 08:14:00+00:00,AVAX,12.433062993845096
2026-04-06 08:14:00+00:00,BCH,150.84649253871467
2026-04-06 08:14:00+00:00,BTC,69909.61733248459
2026-04-06 08:14:00+00:00,CC,26.252022490538117
2026-04-06 08:14:00+00:00,ETH,78.94435675419632
2026-04-06 08:14:00+00:00,FARTCOIN,46.68174009010681
2026-04-06 08:14:00+00:00,SOL,77.02613071451086
2026-04-06 08:14:00+00:00,XPL,197.2643636804308
2026-04-06 08:15:00+00:00,AVAX,12.438336862899066
2026-04-06 08:15:00+00:00,BCH,151.10940002075745
2026-04-06 08:15:00+00:00,BTC,69955.41494596323
2026-04-06 08:15:00+00:00,CC,26.23936895279628
2026-04-06 08:15:00+00:00,ETH,79.10243959048498
2026-04-06 08:15:00+00:00,FARTCOIN,46.58755523237222
2026-04-06 08:15:00+00:00,SOL,77.11239751402819
2026-04-06 08:15:00+00:00,XPL,197.02654892238243
2026-04-06 08:16:00+00:00,AVAX,12.431284755307704
2026-04-06 08:16:00+00:00,BCH,151.0368615403879
2026-04-06 08:16:00+00:00,BTC,69865.79066590694
2026-04-06 08:16:00+00:00,CC,26.22559229834076
2026-04-06 08:16:00+00:00,ETH,79.01392195855018
2026-04-06 08:16:00+00:00,FARTCOIN,46.59623598000626
2026-04-06 08:16:00+00:00,SOL,77.00906021354139
2026-04-06 08:16:00+00:00,XPL,196.7436854131732
2026-04-06 08:17:00+00:00,AVAX,12.413396865998422
2026-04-06 08:17:00+00:00,BCH,150.89218466099965
2026-04-06 08:17:00+00:00,BTC,69849.37936180769
2026-04-06 08:17:00+00:00,CC,26.148278087354818
2026-04-06 08:17:00+00:00,ETH,78.9155771125225
2026-04-06 08:17:00+00:00,FARTCOIN,46.65464993430794
2026-04-06 08:17:00+00:00,SOL,76.92684322186739
2026-04-06 08:17:00+00:00,XPL,196.60154911101304
2026-04-06 08:18:00+00:00,AVAX,12.393446792699336
2026-04-06 08:18:00+00:00,BCH,150.57523178609753
2026-04-06 08:18:00+00:00,BTC,69752.10726760818
2026-04-06 08:18:00+00:00,CC,26.131522162662197
2026-04-06 08:18:00+00:00,ETH,78.77412318937647
2026-04-06 08:18:00+00:00,FARTCOIN,46.67501351350379
2026-04-06 08:18:00+00:00,SOL,76.81654621109051
2026-04-06 08:18:00+00:00,XPL,196.65932498593094
2026-04-06 08:19:00+00:00,AVAX,12.374936819916819
2026-04-06 08:19:00+00:00,BCH,150.39713071749458
2026-04-06 08:19:00+00:00,BTC,69679.14690195091
2026-04-06 08:19:00+00:00,CC,26.128909126569166
2026-04-06 08:19:00+00:00,ETH,78.64731881661324
2026-04-06 08:19:00+00:00,FARTCOIN,46.64191807111263
2026-04-06 08:19:00+00:00,SOL,76.76384607361048
2026-04-06 08:19:00+00:00,XPL,196.54220290144687
2026-04-06 08:20:00+00:00,AVAX,12.401376225690022
2026-04-06 08:20:00+00:00,BCH,150.52745913521613
2026-04-06 08:20:00+00:00,BTC,69745.70159656339
2026-04-06 08:20:00+00:00,CC,26.121042404527245
2026-04-06 08:20:00+00:00,ETH,78.6209246027611
2026-04-06 08:20:00+00:00,FARTCOIN,46.59803679068787
2026-04-06 08:20:00+00:00,SOL,76.84863203247426
2026-04-06 08:20:00+00:00,XPL,196.42683485074875
2026-04-06 08:21:00+00:00,AVAX,12.40144322825122
2026-04-06 08:21:00+00:00,BCH,150.36813378803416
2026-04-06 08:21:00+00:00,BTC,69789.4200059935
2026-04-06 08:21:00+00:00,CC,26.179429360734286
2026-04-06 08:21:00+00:00,ETH,78.66952571753356
2026-04-06 08:21:00+00:00,FARTCOIN,46.60840598842259
2026-04-06 08:21:00+00:00,SOL,77.01967014208289
2026-04-06 08:21:00+00:00,XPL,196.46360770142286
2026-04-06 08:22:00+00:00,AVAX,12.40459584323669
2026-04-06 08:22:00+00:00,BCH,150.3707100795781
2026-04-06 08:22:00+00:00,BTC,69754.28037979882
2026-04-06 08:22:00+00:00,CC,26.140302408865843
2026-04-06 08:22:00+00:00,ETH,78.54900086040675
2026-04-06 08:22:00+00:00,FARTCOIN,46.617570793552225
2026-04-06 08:22:00+00:00,SOL,76.94037232525469
2026-04-06 08:22:00+00:00,XPL,196.173628957295
2026-04-06 08:23:00+00:00,AVAX,12.386258448764226
2026-04-06 08:23:00+00:00,BCH,150.41052245798377
2026-04-06 08:23:00+00:00,BTC,69680.9547136405
2026-04-06 08:23:00+00:00,CC,26.117135434835376
2026-04-06 08:23:00+00:00,ETH,78.32495996396239
2026-04-06 08:23:00+00:00,FARTCOIN,46.61312455314857
2026-04-06 08:23:00+00:00,SOL,76.86653575957878
2026-04-06 08:23:00+00:00,XPL,196.23331667798857
2026-04-06 08:24:00+00:00,AVAX,12.359393939358567
2026-04-06 08:24:00+00:00,BCH,150.2233676741226
2026-04-06 08:24:00+00:00,BTC,69536.50480476225
2026-04-06 08:24:00+00:00,CC,26.077966119662328
2026-04-06 08:24:00+00:00,ETH,78.16021216315278
2026-04-06 08:24:00+00:00,FARTCOIN,46.58371183789886
2026-04-06 08:24:00+00:00,SOL,76.76050369144487
2026-04-06 08:24:00+00:00,XPL,196.41837931350898
2026-04-06 08:25:00+00:00,AVAX,12.352667625565246
2026-04-06 08:25:00+00:00,BCH,150.08345063094123
2026-04-06 08:25:00+00:00,BTC,69510.05489187526
2026-04-06 08:25:00+00:00,CC,26.058346659214088
2026-04-06 08:25:00+00:00,ETH,78.00826415630888
2026-04-06 08:25:00+00:00,FARTCOIN,46.519690622801306
2026-04-06 08:25:00+00:00,SOL,76.73406728410254
2026-04-06 08:25:00+00:00,XPL,196.38476828339404
2026-04-06 08:26:00+00:00,AVAX,12.384771949961708
2026-04-06 08:26:00+00:00,BCH,150.19232820254524
2026-04-06 08:26:00+00:00,BTC,69627.9249429867
2026-04-06 08:26:00+00:00,CC,26.099461445388137
2026-04-06 08:26:00+00:00,ETH,78.06782295612192
2026-04-06 08:26:00+00:00,FARTCOIN,46.559066846556455
2026-04-06 08:26:00+00:00,SOL,76.81004018068775
2026-04-06 08:26:00+00:00,XPL,196.40355914140352
2026-04-06 08:27:00+00:00,AVAX,12.36692460300709
2026-04-06 08:27:00+00:00,BCH,150.27174434815782
2026-04-06 08:27:00+00:00,BTC,69649.12423214475
2026-04-06 08:27:00+00:00,CC,26.147385425680483
2026-04-06 08:27:00+00:00,ETH,78.02416118387858
2026-04-06 08:27:00+00:00,FARTCOIN,46.588217716381116
2026-04-06 08:27:00+00:00,SOL,76.72286610068086
2026-04-06 08:27:00+00:00,XPL,196.50355640117866
2026-04-06 08:28:00+00:00,AVAX,12.348177673735211
2026-04-06 08:28:00+00:00,BCH,150.20099521037915
2026-04-06 08:28:00+00:00,BTC,69621.84797078991
2026-04-06 08:28:00+00:00,CC,26.12335940811185
2026-04-06 08:28:00+00:00,ETH,77.93705373712619
2026-04-06 08:28:00+00:00,FARTCOIN,46.59579573994891
2026-04-06 08:28:00+00:00,SOL,76.66207224328242
2026-04-06 08:28:00+00:00,XPL,196.01046025543198
2026-04-06 08:29:00+00:00,AVAX,12.329967033361518
2026-04-06 08:29:00+00:00,BCH,150.30248421379386
2026-04-06 08:29:00+00:00,BTC,69644.51748123697
2026-04-06 08:29:00+00:00,CC,26.102403878593158
2026-04-06 08:29:00+00:00,ETH,78.09914326233073
2026-04-06 08:29:00+00:00,FARTCOIN,46.60503677038269
2026-04-06 08:29:00+00:00,SOL,76.6092235786163
2026-04-06 08:29:00+00:00,XPL,196.1495382591891
2026-04-06 08:30:00+00:00,AVAX,12.306469766313386
2026-04-06 08:30:00+00:00,BCH,150.24429520458554
2026-04-06 08:30:00+00:00,BTC,69568.46050751132
2026-04-06 08:30:00+00:00,CC,26.060488693979494
2026-04-06 08:30:00+00:00,ETH,78.03060232328691
2026-04-06 08:30:00+00:00,FARTCOIN,46.68884101568414
2026-04-06 08:30:00+00:00,SOL,76.41926052539058
2026-04-06 08:30:00+00:00,XPL,196.83799842908792
2026-04-06 08:31:00+00:00,AVAX,12.29530858669049
2026-04-06 08:31:00+00:00,BCH,150.36540995771588
2026-04-06 08:31:00+00:00,BTC,69553.9829841096
2026-04-06 08:31:00+00:00,CC,25.996092580467366
2026-04-06 08:31:00+00:00,ETH,78.03403001039138
2026-04-06 08:31:00+00:00,FARTCOIN,46.65193035174018
2026-04-06 08:31:00+00:00,SOL,76.35104718522878
2026-04-06 08:31:00+00:00,XPL,196.8008316932541
2026-04-06 08:32:00+00:00,AVAX,12.278182782315202
2026-04-06 08:32:00+00:00,BCH,150.2211701934134
2026-04-06 08:32:00+00:00,BTC,69558.8264908704
2026-04-06 08:32:00+00:00,CC,25.92753090595193
2026-04-06 08:32:00+00:00,ETH,77.9139836415173
2026-04-06 08:32:00+00:00,FARTCOIN,46.724373960090546
2026-04-06 08:32:00+00:00,SOL,76.28364420959744
2026-04-06 08:32:00+00:00,XPL,196.7754414593202
2026-04-06 08:33:00+00:00,AVAX,12.269444283301016
2026-04-06 08:33:00+00:00,BCH,150.243438701987
2026-04-06 08:33:00+00:00,BTC,69554.6342749945
2026-04-06 08:33:00+00:00,CC,25.820432639042853
2026-04-06 08:33:00+00:00,ETH,77.86415047451597
2026-04-06 08:33:00+00:00,FARTCOIN,46.682673159416005
2026-04-06 08:33:00+00:00,SOL,76.31982481301021
2026-04-06 08:33:00+00:00,XPL,196.94873408638603
2026-04-06 08:34:00+00:00,AVAX,12.252980991383337
2026-04-06 08:34:00+00:00,BCH,150.2649854773335
2026-04-06 08:34:00+00:00,BTC,69593.14789529696
2026-04-06 08:34:00+00:00,CC,25.677151122377662
2026-04-06 08:34:00+00:00,ETH,77.91589297055197
2026-04-06 08:34:00+00:00,FARTCOIN,46.75001258577998
2026-04-06 08:34:00+00:00,SOL,76.39706231099707
2026-04-06 08:34:00+00:00,XPL,197.35982270078253
2026-04-06 08:35:00+00:00,AVAX,12.244270676168842
2026-04-06 08:35:00+00:00,BCH,150.28246116475788
2026-04-06 08:35:00+00:00,BTC,69609.93938304325
2026-04-06 08:35:00+00:00,CC,25.535810244000075
2026-04-06 08:35:00+00:00,ETH,77.86004635531629
2026-04-06 08:35:00+00:00,FARTCOIN,46.821514851811614
2026-04-06 08:35:00+00:00,SOL,76.35059437872664
2026-04-06 08:35:00+00:00,XPL,197.60039525919305
2026-04-06 08:36:00+00:00,AVAX,12.262381485100041
2026-04-06 08:36:00+00:00,BCH,150.45924041695318
2026-04-06 08:36:00+00:00,BTC,69642.51249528564
2026-04-06 08:36:00+00:00,CC,25.44145960666096
2026-04-06 08:36:00+00:00,ETH,77.95469683056153
2026-04-06 08:36:00+00:00,FARTCOIN,46.80943197474328
2026-04-06 08:36:00+00:00,SOL,76.36307476688053
2026-04-06 08:36:00+00:00,XPL,197.10835895978448
2026-04-06 08:37:00+00:00,AVAX,12.261813109366
2026-04-06 08:37:00+00:00,BCH,150.52940565146204
2026-04-06 08:37:00+00:00,BTC,69608.96259643527
2026-04-06 08:37:00+00:00,CC,25.354163183124154
2026-04-06 08:37:00+00:00,ETH,77.83847448924081
2026-04-06 08:37:00+00:00,FARTCOIN,46.89830359354765
2026-04-06 08:37:00+00:00,SOL,76.20425224416931
2026-04-06 08:37:00+00:00,XPL,197.2226570803358
2026-04-06 08:38:00+00:00,AVAX,12.27043522617205
2026-04-06 08:38:00+00:00,BCH,150.7995167427878
2026-04-06 08:38:00+00:00,BTC,69652.72354566176
2026-04-06 08:38:00+00:00,CC,25.19358163557287
2026-04-06 08:38:00+00:00,ETH,77.85999751765083
2026-04-06 08:38:00+00:00,FARTCOIN,46.930605940594326
2026-04-06 08:38:00+00:00,SOL,76.21105714670318
2026-04-06 08:38:00+00:00,XPL,197.85715675672367
2026-04-06 08:39:00+00:00,AVAX,12.271253897447876
2026-04-06 08:39:00+00:00,BCH,151.00357313104575
2026-04-06 08:39:00+00:00,BTC,69732.19076995616
2026-04-06 08:39:00+00:00,CC,25.18961343699976
2026-04-06 08:39:00+00:00,ETH,77.89440140598673
2026-04-06 08:39:00+00:00,FARTCOIN,46.891919361762184
2026-04-06 08:39:00+00:00,SOL,76.31235564750854
2026-04-06 08:39:00+00:00,XPL,198.05015768302957
2026-04-06 08:40:00+00:00,AVAX,12.247229280267637
2026-04-06 08:40:00+00:00,BCH,150.90149086990746
2026-04-06 08:40:00+00:00,BTC,69684.85139000654
2026-04-06 08:40:00+00:00,CC,25.235150368192667
2026-04-06 08:40:00+00:00,ETH,77.86096459443118
2026-04-06 08:40:00+00:00,FARTCOIN,46.86450456950049
2026-04-06 08:40:00+00:00,SOL,76.32496388208077
2026-04-06 08:40:00+00:00,XPL,197.74908449259894
2026-04-06 08:41:00+00:00,AVAX,12.228218966232005
2026-04-06 08:41:00+00:00,BCH,150.787487205596
2026-04-06 08:41:00+00:00,BTC,69641.56358274525
2026-04-06 08:41:00+00:00,CC,25.22542942928323
2026-04-06 08:41:00+00:00,ETH,77.77500530220846
2026-04-06 08:41:00+00:00,FARTCOIN,46.92241974056828
2026-04-06 08:41:00+00:00,SOL,76.235721895207
2026-04-06 08:41:00+00:00,XPL,197.79139113731975
2026-04-06 08:42:00+00:00,AVAX,12.23746580604256
2026-04-06 08:42:00+00:00,BCH,150.67195471571577
2026-04-06 08:42:00+00:00,BTC,69706.71231348092
2026-04-06 08:42:00+00:00,CC,25.27528815332389
2026-04-06 08:42:00+00:00,ETH,77.81787015930358
2026-04-06 08:42:00+00:00,FARTCOIN,46.983208951521824
2026-04-06 08:42:00+00:00,SOL,76.36859910251526
2026-04-06 08:42:00+00:00,XPL,197.5245894784898
2026-04-06 08:43:00+00:00,AVAX,12.245637156786792
2026-04-06 08:43:00+00:00,BCH,150.83656506493557
2026-04-06 08:43:00+00:00,BTC,69697.37636656352
2026-04-06 08:43:00+00:00,CC,25.294304018136636
2026-04-06 08:43:00+00:00,ETH,77.79247713750775
2026-04-06 08:43:00+00:00,FARTCOIN,46.92233766439129
2026-04-06 08:43:00+00:00,SOL,76.25581178950368
2026-04-06 08:43:00+00:00,XPL,197.811717496894
2026-04-06 08:44:00+00:00,AVAX,12.265827299463751
2026-04-06 08:44:00+00:00,BCH,150.91887869074787
2026-04-06 08:44:00+00:00,BTC,69765.89989676852
2026-04-06 08:44:00+00:00,CC,25.266379342255714
2026-04-06 08:44:00+00:00,ETH,77.8060394734653
2026-04-06 08:44:00+00:00,FARTCOIN,46.92371843174984
2026-04-06 08:44:00+00:00,SOL,76.2338844353579
2026-04-06 08:44:00+00:00,XPL,197.62378202277512
2026-04-06 08:45:00+00:00,AVAX,12.269559651666361
2026-04-06 08:45:00+00:00,BCH,150.94785768686347
2026-04-06 08:45:00+00:00,BTC,69744.29151228632
2026-04-06 08:45:00+00:00,CC,25.255942427236782
2026-04-06 08:45:00+00:00,ETH,77.81952254010285
2026-04-06 08:45:00+00:00,FARTCOIN,46.93227211848355
2026-04-06 08:45:00+00:00,SOL,76.26250701117037
2026-04-06 08:45:00+00:00,XPL,197.6291450836502
2026-04-06 08:46:00+00:00,AVAX,12.272037750992922
2026-04-06 08:46:00+00:00,BCH,151.1709495741552
2026-04-06 08:46:00+00:00,BTC,69815.36448717277
2026-04-06 08:46:00+00:00,CC,25.257186901383378
2026-04-06 08:46:00+00:00,ETH,77.90363652517071
2026-04-06 08:46:00+00:00,FARTCOIN,46.913248734212566
2026-04-06 08:46:00+00:00,SOL,76.44344524863294
2026-04-06 08:46:00+00:00,XPL,197.46604394718526
2026-04-06 08:47:00+00:00,AVAX,12.273269052932514
2026-04-06 08:47:00+00:00,BCH,151.01342844231272
2026-04-06 08:47:00+00:00,BTC,69821.79059405552
2026-04-06 08:47:00+00:00,CC,25.228798486681953
2026-04-06 08:47:00+00:00,ETH,77.90351822938864
2026-04-06 08:47:00+00:00,FARTCOIN,47.04703717661942
2026-04-06 08:47:00+00:00,SOL,76.48338383635738
2026-04-06 08:47:00+00:00,XPL,197.34023307733818
2026-04-06 08:48:00+00:00,AVAX,12.271605375240926
2026-04-06 08:48:00+00:00,BCH,150.91117177672777
2026-04-06 08:48:00+00:00,BTC,69834.41273399044
2026-04-06 08:48:00+00:00,CC,25.200364268706245
2026-04-06 08:48:00+00:00,ETH,77.88530913668089
2026-04-06 08:48:00+00:00,FARTCOIN,47.061932204329096
2026-04-06 08:48:00+00:00,SOL,76.49235877034278
2026-04-06 08:48:00+00:00,XPL,197.69962697155162
2026-04-06 08:49:00+00:00,AVAX,12.280811750903744
2026-04-06 08:49:00+00:00,BCH,151.26219510867784
2026-04-06 08:49:00+00:00,BTC,69910.94445393208
2026-04-06 08:49:00+00:00,CC,25.251501829632105
2026-04-06 08:49:00+00:00,ETH,78.01376190168163
2026-04-06 08:49:00+00:00,FARTCOIN,47.06875130843161
2026-04-06 08:49:00+00:00,SOL,76.41249212835137
2026-04-06 08:49:00+00:00,XPL,197.76749093182693
2026-04-06 08:50:00+00:00,AVAX,12.30070017679918
2026-04-06 08:50:00+00:00,BCH,151.2691742850134
2026-04-06 08:50:00+00:00,BTC,69893.24249441535
2026-04-06 08:50:00+00:00,CC,25.22062599860002
2026-04-06 08:50:00+00:00,ETH,77.98041781451356
2026-04-06 08:50:00+00:00,FARTCOIN,47.13367435638171
2026-04-06 08:50:00+00:00,SOL,76.25711606343894
2026-04-06 08:50:00+00:00,XPL,197.62481543609
2026-04-06 08:51:00+00:00,AVAX,12.274334027633905
2026-04-06 08:51:00+00:00,BCH,151.10551479502806
2026-04-06 08:51:00+00:00,BTC,69847.21300545213
2026-04-06 08:51:00+00:00,CC,25.249958646096154
2026-04-06 08:51:00+00:00,ETH,77.91525380124604
2026-04-06 08:51:00+00:00,FARTCOIN,47.10681518922887
2026-04-06 08:51:00+00:00,SOL,76.2233036023031
2026-04-06 08:51:00+00:00,XPL,197.327410411919
2026-04-06 08:52:00+00:00,AVAX,12.268467011786845
2026-04-06 08:52:00+00:00,BCH,151.04801376853882
2026-04-06 08:52:00+00:00,BTC,69825.28477645948
2026-04-06 08:52:00+00:00,CC,25.235151859293445
2026-04-06 08:52:00+00:00,ETH,77.90180097148702
2026-04-06 08:52:00+00:00,FARTCOIN,47.16083592743066
2026-04-06 08:52:00+00:00,SOL,76.17840970839437
2026-04-06 08:52:00+00:00,XPL,196.87233838774637
2026-04-06 08:53:00+00:00,AVAX,12.285159948629609
2026-04-06 08:53:00+00:00,BCH,151.23645061154775
2026-04-06 08:53:00+00:00,BTC,69847.39731990609
2026-04-06 08:53:00+00:00,CC,25.235973518040975
2026-04-06 08:53:00+00:00,ETH,78.04184352851561
2026-04-06 08:53:00+00:00,FARTCOIN,47.06952898820299
2026-04-06 08:53:00+00:00,SOL,76.12311565487515
2026-04-06 08:53:00+00:00,XPL,196.58939813307205
2026-04-06 08:54:00+00:00,AVAX,12.257538025068651
2026-04-06 08:54:00+00:00,BCH,151.22272749177222
2026-04-06 08:54:00+00:00,BTC,69770.88432067323
2026-04-06 08:54:00+00:00,CC,25.247458676161227
2026-04-06 08:54:00+00:00,ETH,77.87517241542452
2026-04-06 08:54:00+00:00,FARTCOIN,47.033600832537566
2026-04-06 08:54:00+00:00,SOL,76.05671599756838
2026-04-06 08:54:00+00:00,XPL,196.57271721197554
2026-04-06 08:55:00+00:00,AVAX,12.25508581288203
2026-04-06 08:55:00+00:00,BCH,151.08061796457778
2026-04-06 08:55:00+00:00,BTC,69802.02510415134
2026-04-06 08:55:00+00:00,CC,25.231582400374545
2026-04-06 08:55:00+00:00,ETH,77.95871233431215
2026-04-06 08:55:00+00:00,FARTCOIN,47.09705102093326
2026-04-06 08:55:00+00:00,SOL,76.09345367608502
2026-04-06 08:55:00+00:00,XPL,196.82164266237558
2026-04-06 08:56:00+00:00,AVAX,12.245326030462765
2026-04-06 08:56:00+00:00,BCH,151.25450395384175
2026-04-06 08:56:00+00:00,BTC,69775.70493732972
2026-04-06 08:56:00+00:00,CC,25.24687881713043
2026-04-06 08:56:00+00:00,ETH,77.80105056653986
2026-04-06 08:56:00+00:00,FARTCOIN,47.18231769622079
2026-04-06 08:56:00+00:00,SOL,76.13374862262535
2026-04-06 08:56:00+00:00,XPL,196.67450466653813
2026-04-06 08:57:00+00:00,AVAX,12.251229550609832
2026-04-06 08:57:00+00:00,BCH,151.4895061836421
2026-04-06 08:57:00+00:00,BTC,69831.79007191924
2026-04-06 08:57:00+00:00,CC,25.189003116575126
2026-04-06 08:57:00+00:00,ETH,77.86942838223952
2026-04-06 08:57:00+00:00,FARTCOIN,47.14613042435977
2026-04-06 08:57:00+00:00,SOL,76.19512882359902
2026-04-06 08:57:00+00:00,XPL,197.0771837650009
2026-04-06 08:58:00+00:00,AVAX,12.216229530911365
2026-04-06 08:58:00+00:00,BCH,151.2530926281263
2026-04-06 08:58:00+00:00,BTC,69714.85125488801
2026-04-06 08:58:00+00:00,CC,25.19385126777249
2026-04-06 08:58:00+00:00,ETH,77.86888249325165
2026-04-06 08:58:00+00:00,FARTCOIN,47.0800316114344
2026-04-06 08:58:00+00:00,SOL,76.1708241726286
2026-04-06 08:58:00+00:00,XPL,196.84158158039332
2026-04-06 08:59:00+00:00,AVAX,12.217057218494332
2026-04-06 08:59:00+00:00,BCH,151.0202580359788
2026-04-06 08:59:00+00:00,BTC,69676.47709897715
2026-04-06 08:59:00+00:00,CC,25.11656558916964
2026-04-06 08:59:00+00:00,ETH,77.86668623518409
2026-04-06 08:59:00+00:00,FARTCOIN,47.10691334221001
2026-04-06 08:59:00+00:00,SOL,76.13573182817713
2026-04-06 08:59:00+00:00,XPL,196.76370022760514
2026-04-06 09:00:00+00:00,AVAX,12.212125088851652
2026-04-06 09:00:00+00:00,BCH,151.01197619524243
2026-04-06 09:00:00+00:00,BTC,69594.27062037484
2026-04-06 09:00:00+00:00,CC,25.103801540426804
2026-04-06 09:00:00+00:00,ETH,77.80053654412754
2026-04-06 09:00:00+00:00,FARTCOIN,47.06059488104663
2026-04-06 09:00:00+00:00,SOL,76.05147718974474
2026-04-06 09:00:00+00:00,XPL,196.46256808097544
2026-04-06 09:01:00+00:00,AVAX,12.211709044224612
2026-04-06 09:01:00+00:00,BCH,151.00248965174495
2026-04-06 09:01:00+00:00,BTC,69554.03167185457
2026-04-06 09:01:00+00:00,CC,25.126641810113295
2026-04-06 09:01:00+00:00,ETH,77.72308492742674
2026-04-06 09:01:00+00:00,FARTCOIN,47.03998847090055
2026-04-06 09:01:00+00:00,SOL,76.08694631784387
2026-04-06 09:01:00+00:00,XPL,196.67353313988718
2026-04-06 09:02:00+00:00,AVAX,12.203945170473386
2026-04-06 09:02:00+00:00,BCH,150.82672586761544
2026-04-06 09:02:00+00:00,BTC,69566.09103051737
2026-04-06 09:02:00+00:00,CC,25.146284134881604
2026-04-06 09:02:00+00:00,ETH,77.7367112654758
2026-04-06 09:02:00+00:00,FARTCOIN,47.09111856556777
2026-04-06 09:02:00+00:00,SOL,76.03117711004566
2026-04-06 09:02:00+00:00,XPL,197.17602305928563
2026-04-06 09:03:00+00:00,AVAX,12.20359394439376
2026-04-06 09:03:00+00:00,BCH,150.77914601710788
2026-04-06 09:03:00+00:00,BTC,69557.36391095631
2026-04-06 09:03:00+00:00,CC,25.106504430188554
2026-04-06 09:03:00+00:00,ETH,77.71079067643767
2026-04-06 09:03:00+00:00,FARTCOIN,47.05920093316372
2026-04-06 09:03:00+00:00,SOL,76.21588032272058
2026-04-06 09:03:00+00:00,XPL,196.7546607631686
2026-04-06 09:04:00+00:00,AVAX,12.19188099629771
2026-04-06 09:04:00+00:00,BCH,151.18117514647957
2026-04-06 09:04:00+00:00,BTC,69545.02801192354
2026-04-06 09:04:00+00:00,CC,25.07040039382067
2026-04-06 09:04:00+00:00,ETH,77.64413265227262
2026-04-06 09:04:00+00:00,FARTCOIN,46.94667671461794
2026-04-06 09:04:00+00:00,SOL,76.23013189643328
2026-04-06 09:04:00+00:00,XPL,196.66597050751372
2026-04-06 09:05:00+00:00,AVAX,12.187077707725555
2026-04-06 09:05:00+00:00,BCH,151.16910178339322
2026-04-06 09:05:00+00:00,BTC,69537.27908222345
2026-04-06 09:05:00+00:00,CC,25.04913236357052
2026-04-06 09:05:00+00:00,ETH,77.61652707030613
2026-04-06 09:05:00+00:00,FARTCOIN,46.87239139223561
2026-04-06 09:05:00+00:00,SOL,76.24904170237892
2026-04-06 09:05:00+00:00,XPL,196.96029463887103
2026-04-06 09:06:00+00:00,AVAX,12.212198426659183
2026-04-06 09:06:00+00:00,BCH,151.08647152984304
2026-04-06 09:06:00+00:00,BTC,69547.17993240253
2026-04-06 09:06:00+00:00,CC,25.055443871372667
2026-04-06 09:06:00+00:00,ETH,77.6397812860751
2026-04-06 09:06:00+00:00,FARTCOIN,46.874286062110784
2026-04-06 09:06:00+00:00,SOL,76.29431675134562
2026-04-06 09:06:00+00:00,XPL,196.62420105862063
2026-04-06 09:07:00+00:00,AVAX,12.205923541993819
2026-04-06 09:07:00+00:00,BCH,150.8588461838459
2026-04-06 09:07:00+00:00,BTC,69498.09867321352
2026-04-06 09:07:00+00:00,CC,24.990896267776545
2026-04-06 09:07:00+00:00,ETH,77.5396460090811
2026-04-06 09:07:00+00:00,FARTCOIN,46.76298404120405
2026-04-06 09:07:00+00:00,SOL,76.37747278312838
2026-04-06 09:07:00+00:00,XPL,196.73017576846735
2026-04-06 09:08:00+00:00,AVAX,12.198014245775868
2026-04-06 09:08:00+00:00,BCH,151.16320345879046
2026-04-06 09:08:00+00:00,BTC,69532.49447620635
2026-04-06 09:08:00+00:00,CC,24.99297286408081
2026-04-06 09:08:00+00:00,ETH,77.51599396906828
2026-04-06 09:08:00+00:00,FARTCOIN,46.750937879383066
2026-04-06 09:08:00+00:00,SOL,76.46412113471006
2026-04-06 09:08:00+00:00,XPL,197.03824546822824
2026-04-06 09:09:00+00:00,AVAX,12.204805404611934
2026-04-06 09:09:00+00:00,BCH,151.33824133145237
2026-04-06 09:09:00+00:00,BTC,69564.75573062807
2026-04-06 09:09:00+00:00,CC,25.004634517915314
2026-04-06 09:09:00+00:00,ETH,77.45168758861507
2026-04-06 09:09:00+00:00,FARTCOIN,46.67723509116831
2026-04-06 09:09:00+00:00,SOL,76.38385576844342
2026-04-06 09:09:00+00:00,XPL,197.0750256582027
2026-04-06 09:10:00+00:00,AVAX,12.19275887936981
2026-04-06 09:10:00+00:00,BCH,151.56478136571735
2026-04-06 09:10:00+00:00,BTC,69583.50780666184
2026-04-06 09:10:00+00:00,CC,24.997490731685915
2026-04-06 09:10:00+00:00,ETH,77.4966807272676
2026-04-06 09:10:00+00:00,FARTCOIN,46.77170409237515
2026-04-06 09:10:00+00:00,SOL,76.49792244108126
2026-04-06 09:10:00+00:00,XPL,197.21583105649424
2026-04-06 09:11:00+00:00,AVAX,12.18364244751878
2026-04-06 09:11:00+00:00,BCH,151.6488479720901
2026-04-06 09:11:00+00:00,BTC,69610.62097201393
2026-04-06 09:11:00+00:00,CC,25.015202722422423
2026-04-06 09:11:00+00:00,ETH,77.56040362920628
2026-04-06 09:11:00+00:00,FARTCOIN,46.89703681109494
2026-04-06 09:11:00+00:00,SOL,76.4997836946614
2026-04-06 09:11:00+00:00,XPL,197.64840416850797
2026-04-06 09:12:00+00:00,AVAX,12.174378579687849
2026-04-06 09:12:00+00:00,BCH,151.84687678330056
2026-04-06 09:12:00+00:00,BTC,69625.06615936934
2026-04-06 09:12:00+00:00,CC,25.022957824377784
2026-04-06 09:12:00+00:00,ETH,77.59025951222814
2026-04-06 09:12:00+00:00,FARTCOIN,46.839466763543136
2026-04-06 09:12:00+00:00,SOL,76.52065631575074
2026-04-06 09:12:00+00:00,XPL,198.11929040434012
2026-04-06 09:13:00+00:00,AVAX,12.1842558849459
2026-04-06 09:13:00+00:00,BCH,151.91482527747857
2026-04-06 09:13:00+00:00,BTC,69724.32131895726
2026-04-06 09:13:00+00:00,CC,25.013824239153678
2026-04-06 09:13:00+00:00,ETH,77.75177805089078
2026-04-06 09:13:00+00:00,FARTCOIN,46.867251773628944
2026-04-06 09:13:00+00:00,SOL,76.5252124943376
2026-04-06 09:13:00+00:00,XPL,198.1610087347575
2026-04-06 09:14:00+00:00,AVAX,12.193902944317315
2026-04-06 09:14:00+00:00,BCH,151.92918355539808
2026-04-06 09:14:00+00:00,BTC,69720.07064115458
2026-04-06 09:14:00+00:00,CC,24.955469614226317
2026-04-06 09:14:00+00:00,ETH,77.75389758093318
2026-04-06 09:14:00+00:00,FARTCOIN,46.81269830716136
2026-04-06 09:14:00+00:00,SOL,76.55749463518792
2026-04-06 09:14:00+00:00,XPL,198.03203867046918
2026-04-06 09:15:00+00:00,AVAX,12.198023275571927
2026-04-06 09:15:00+00:00,BCH,151.9406749484366
2026-04-06 09:15:00+00:00,BTC,69705.08534724609
2026-04-06 09:15:00+00:00,CC,24.958392171839193
2026-04-06 09:15:00+00:00,ETH,77.7671242805695
2026-04-06 09:15:00+00:00,FARTCOIN,46.7933138889438
2026-04-06 09:15:00+00:00,SOL,76.49864827224286
2026-04-06 09:15:00+00:00,XPL,197.80503251120487
2026-04-06 09:16:00+00:00,AVAX,12.198295866442402
2026-04-06 09:16:00+00:00,BCH,152.06164557136125
2026-04-06 09:16:00+00:00,BTC,69668.32774934045
2026-04-06 09:16:00+00:00,CC,24.927234005394638
2026-04-06 09:16:00+00:00,ETH,77.75352437101105
2026-04-06 09:16:00+00:00,FARTCOIN,46.88974507510909
2026-04-06 09:16:00+00:00,SOL,76.47125165133976
2026-04-06 09:16:00+00:00,XPL,198.01617601577803
2026-04-06 09:17:00+00:00,AVAX,12.17875488061909
2026-04-06 09:17:00+00:00,BCH,152.0118934314077
2026-04-06 09:17:00+00:00,BTC,69618.00472299352
2026-04-06 09:17:00+00:00,CC,24.90634058470271
2026-04-06 09:17:00+00:00,ETH,77.69938150134031
2026-04-06 09:17:00+00:00,FARTCOIN,46.85672086683785
2026-04-06 09:17:00+00:00,SOL,76.40475935101456
2026-04-06 09:17:00+00:00,XPL,197.66191612841675
2026-04-06 09:18:00+00:00,AVAX,12.163812883326287
2026-04-06 09:18:00+00:00,BCH,151.8138869654696
2026-04-06 09:18:00+00:00,BTC,69557.38478080899
2026-04-06 09:18:00+00:00,CC,24.916323128485985
2026-04-06 09:18:00+00:00,ETH,77.60478571691372
2026-04-06 09:18:00+00:00,FARTCOIN,46.83248014487859
2026-04-06 09:18:00+00:00,SOL,76.48059436413267
2026-04-06 09:18:00+00:00,XPL,197.56759166453233
2026-04-06 09:19:00+00:00,AVAX,12.160358444744295
2026-04-06 09:19:00+00:00,BCH,151.74237397675859
2026-04-06 09:19:00+00:00,BTC,69514.12254848305
2026-04-06 09:19:00+00:00,CC,24.95563140783915
2026-04-06 09:19:00+00:00,ETH,77.71847478645849
2026-04-06 09:19:00+00:00,FARTCOIN,46.77372041665346
2026-04-06 09:19:00+00:00,SOL,76.57665306996668
2026-04-06 09:19:00+00:00,XPL,197.56735381330736
2026-04-06 09:20:00+00:00,AVAX,12.152972750146361
2026-04-06 09:20:00+00:00,BCH,151.50723023099195
2026-04-06 09:20:00+00:00,BTC,69510.68333426515
2026-04-06 09:20:00+00:00,CC,24.954244726774974
2026-04-06 09:20:00+00:00,ETH,77.68360172897718
2026-04-06 09:20:00+00:00,FARTCOIN,46.837635057442476
2026-04-06 09:20:00+00:00,SOL,76.5766382926735
2026-04-06 09:20:00+00:00,XPL,197.44618375640306
2026-04-06 09:21:00+00:00,AVAX,12.152345378907436
2026-04-06 09:21:00+00:00,BCH,151.2211570973773
2026-04-06 09:21:00+00:00,BTC,69526.95119555632
2026-04-06 09:21:00+00:00,CC,24.972010462747274
2026-04-06 09:21:00+00:00,ETH,77.65250465728822
2026-04-06 09:21:00+00:00,FARTCOIN,46.65676481646004
2026-04-06 09:21:00+00:00,SOL,76.59628161223269
2026-04-06 09:21:00+00:00,XPL,197.52173828231034
2026-04-06 09:22:00+00:00,AVAX,12.157543469352406
2026-04-06 09:22:00+00:00,BCH,151.33894930158974
2026-04-06 09:22:00+00:00,BTC,69529.44026609602
2026-04-06 09:22:00+00:00,CC,24.928940580326156
2026-04-06 09:22:00+00:00,ETH,77.68520622478475
2026-04-06 09:22:00+00:00,FARTCOIN,46.63231389419799
2026-04-06 09:22:00+00:00,SOL,76.57287207030119
2026-04-06 09:22:00+00:00,XPL,198.13194970793856
2026-04-06 09:23:00+00:00,AVAX,12.14819318778019
2026-04-06 09:23:00+00:00,BCH,151.21902092764802
2026-04-06 09:23:00+00:00,BTC,69492.1911798682
2026-04-06 09:23:00+00:00,CC,24.93361403197156
2026-04-06 09:23:00+00:00,ETH,77.66743197871547
2026-04-06 09:23:00+00:00,FARTCOIN,46.62474896279149
2026-04-06 09:23:00+00:00,SOL,76.61422585870082
2026-04-06 09:23:00+00:00,XPL,198.08181019465556
2026-04-06 09:24:00+00:00,AVAX,12.15717479187641
2026-04-06 09:24:00+00:00,BCH,151.26444399906677
2026-04-06 09:24:00+00:00,BTC,69535.9940376226
2026-04-06 09:24:00+00:00,CC,24.93496394230527
2026-04-06 09:24:00+00:00,ETH,77.61085613684803
2026-04-06 09:24:00+00:00,FARTCOIN,46.593648185851166
2026-04-06 09:24:00+00:00,SOL,76.6325834419579
2026-04-06 09:24:00+00:00,XPL,198.0032940644657
2026-04-06 09:25:00+00:00,AVAX,12.179971464949855
2026-04-06 09:25:00+00:00,BCH,151.44422304145786
2026-04-06 09:25:00+00:00,BTC,69571.99441013568
2026-04-06 09:25:00+00:00,CC,24.974357133435614
2026-04-06 09:25:00+00:00,ETH,77.72350156188706
2026-04-06 09:25:00+00:00,FARTCOIN,46.646784615260245
2026-04-06 09:25:00+00:00,SOL,76.63723878235295
2026-04-06 09:25:00+00:00,XPL,198.26521085754555
2026-04-06 09:26:00+00:00,AVAX,12.176930948239868
2026-04-06 09:26:00+00:00,BCH,151.62035181835842
2026-04-06 09:26:00+00:00,BTC,69564.2199087528
2026-04-06 09:26:00+00:00,CC,24.957607433224936
2026-04-06 09:26:00+00:00,ETH,77.70953078550164
2026-04-06 09:26:00+00:00,FARTCOIN,46.713073930402
2026-04-06 09:26:00+00:00,SOL,76.69747960737197
2026-04-06 09:26:00+00:00,XPL,198.31778777093422
2026-04-06 09:27:00+00:00,AVAX,12.185127793091702
2026-04-06 09:27:00+00:00,BCH,151.6343855459065
2026-04-06 09:27:00+00:00,BTC,69532.43345157937
2026-04-06 09:27:00+00:00,CC,24.94809108035837
2026-04-06 09:27:00+00:00,ETH,77.60171970508442
2026-04-06 09:27:00+00:00,FARTCOIN,46.629725568418024
2026-04-06 09:27:00+00:00,SOL,76.6305554284984
2026-04-06 09:27:00+00:00,XPL,198.64246042668614
2026-04-06 09:28:00+00:00,AVAX,12.195242570305068
2026-04-06 09:28:00+00:00,BCH,151.9473144399031
2026-04-06 09:28:00+00:00,BTC,69559.13204557617
2026-04-06 09:28:00+00:00,CC,24.981727727436926
2026-04-06 09:28:00+00:00,ETH,77.71014447749972
2026-04-06 09:28:00+00:00,FARTCOIN,46.75060465254952
2026-04-06 09:28:00+00:00,SOL,76.65296050292993
2026-04-06 09:28:00+00:00,XPL,198.6969764008953
2026-04-06 09:29:00+00:00,AVAX,12.180511408043573
2026-04-06 09:29:00+00:00,BCH,152.03307711024274
2026-04-06 09:29:00+00:00,BTC,69568.28534348047
2026-04-06 09:29:00+00:00,CC,24.979626246756467
2026-04-06 09:29:00+00:00,ETH,77.76261282299305
2026-04-06 09:29:00+00:00,FARTCOIN,46.67205516554732
2026-04-06 09:29:00+00:00,SOL,76.55250863830487
2026-04-06 09:29:00+00:00,XPL,198.64297958050412
2026-04-06 09:30:00+00:00,AVAX,12.157955022196633
2026-04-06 09:30:00+00:00,BCH,151.9434582032167
2026-04-06 09:30:00+00:00,BTC,69497.80046311529
2026-04-06 09:30:00+00:00,CC,24.94135315042958
2026-04-06 09:30:00+00:00,ETH,77.60726447640727
2026-04-06 09:30:00+00:00,FARTCOIN,46.734806773401644
2026-04-06 09:30:00+00:00,SOL,76.53506703342231
2026-04-06 09:30:00+00:00,XPL,198.1780627358539
2026-04-06 09:31:00+00:00,AVAX,12.148345714502746
2026-04-06 09:31:00+00:00,BCH,151.97018766479636
2026-04-06 09:31:00+00:00,BTC,69494.4934070149
2026-04-06 09:31:00+00:00,CC,25.017601514262363
2026-04-06 09:31:00+00:00,ETH,77.7283498295234
2026-04-06 09:31:00+00:00,FARTCOIN,46.7427652670232
2026-04-06 09:31:00+00:00,SOL,76.66577274884297
2026-04-06 09:31:00+00:00,XPL,197.79135934522566
2026-04-06 09:32:00+00:00,AVAX,12.140895717182854
2026-04-06 09:32:00+00:00,BCH,151.81813635094014
2026-04-06 09:32:00+00:00,BTC,69507.24160835924
2026-04-06 09:32:00+00:00,CC,24.986158496504554
2026-04-06 09:32:00+00:00,ETH,77.78657686563594
2026-04-06 09:32:00+00:00,FARTCOIN,46.71623429970503
2026-04-06 09:32:00+00:00,SOL,76.72751462845265
2026-04-06 09:32:00+00:00,XPL,197.36337662222525
2026-04-06 09:33:00+00:00,AVAX,12.133412201112243
2026-04-06 09:33:00+00:00,BCH,151.86749746613313
2026-04-06 09:33:00+00:00,BTC,69463.4806777953
2026-04-06 09:33:00+00:00,CC,24.981071898225622
2026-04-06 09:33:00+00:00,ETH,77.74423399987019
2026-04-06 09:33:00+00:00,FARTCOIN,46.68741004872542
2026-04-06 09:33:00+00:00,SOL,76.78740853814838
2026-04-06 09:33:00+00:00,XPL,197.42836915937858
2026-04-06 09:34:00+00:00,AVAX,12.14149740201261
2026-04-06 09:34:00+00:00,BCH,151.55073462094467
2026-04-06 09:34:00+00:00,BTC,69472.71231917497
2026-04-06 09:34:00+00:00,CC,24.992131064364656
2026-04-06 09:34:00+00:00,ETH,77.86437578468092
2026-04-06 09:34:00+00:00,FARTCOIN,46.68677336407313
2026-04-06 09:34:00+00:00,SOL,76.7376253529964
2026-04-06 09:34:00+00:00,XPL,197.1111355369806
2026-04-06 09:35:00+00:00,AVAX,12.14470346218313
2026-04-06 09:35:00+00:00,BCH,151.33973404420863
2026-04-06 09:35:00+00:00,BTC,69401.99900685153
2026-04-06 09:35:00+00:00,CC,24.995066959036198
2026-04-06 09:35:00+00:00,ETH,77.80815843631304
2026-04-06 09:35:00+00:00,FARTCOIN,46.68894090789489
2026-04-06 09:35:00+00:00,SOL,76.68753759882382
2026-04-06 09:35:00+00:00,XPL,197.36814223948804
2026-04-06 09:36:00+00:00,AVAX,12.157734285999373
2026-04-06 09:36:00+00:00,BCH,151.46322738715003
2026-04-06 09:36:00+00:00,BTC,69466.94316470543
2026-04-06 09:36:00+00:00,CC,24.994051520304644
2026-04-06 09:36:00+00:00,ETH,77.86807478768075
2026-04-06 09:36:00+00:00,FARTCOIN,46.646141214480785
2026-04-06 09:36:00+00:00,SOL,76.68341090787575
2026-04-06 09:36:00+00:00,XPL,197.41223169278956
2026-04-06 09:37:00+00:00,AVAX,12.161885871786895
2026-04-06 09:37:00+00:00,BCH,151.46803553488039
2026-04-06 09:37:00+00:00,BTC,69527.65356756505
2026-04-06 09:37:00+00:00,CC,24.992876841316665
2026-04-06 09:37:00+00:00,ETH,77.87962037494664
2026-04-06 09:37:00+00:00,FARTCOIN,46.64119628821402
2026-04-06 09:37:00+00:00,SOL,76.72464248528013
2026-04-06 09:37:00+00:00,XPL,197.38887697562308
2026-04-06 09:38:00+00:00,AVAX,12.137291893457405
2026-04-06 09:38:00+00:00,BCH,151.38371734722443
2026-04-06 09:38:00+00:00,BTC,69515.36479727423
2026-04-06 09:38:00+00:00,CC,24.984948592394183
2026-04-06 09:38:00+00:00,ETH,77.90870742490247
2026-04-06 09:38:00+00:00,FARTCOIN,46.59643477838679
2026-04-06 09:38:00+00:00,SOL,76.76644904591598
2026-04-06 09:38:00+00:00,XPL,197.1821260272468
2026-04-06 09:39:00+00:00,AVAX,12.140688212285758
2026-04-06 09:39:00+00:00,BCH,151.66732657481683
2026-04-06 09:39:00+00:00,BTC,69533.05300989641
2026-04-06 09:39:00+00:00,CC,24.952782779643247
2026-04-06 09:39:00+00:00,ETH,77.95899018666512
2026-04-06 09:39:00+00:00,FARTCOIN,46.53091151401547
2026-04-06 09:39:00+00:00,SOL,76.79008860503312
2026-04-06 09:39:00+00:00,XPL,197.33946006463086
2026-04-06 09:40:00+00:00,AVAX,12.123573292154527
2026-04-06 09:40:00+00:00,BCH,151.60056486801966
2026-04-06 09:40:00+00:00,BTC,69415.85343007639
2026-04-06 09:40:00+00:00,CC,25.00881153615305
2026-04-06 09:40:00+00:00,ETH,77.84831315391578
2026-04-06 09:40:00+00:00,FARTCOIN,46.469616589832725
2026-04-06 09:40:00+00:00,SOL,76.58263061905029
2026-04-06 09:40:00+00:00,XPL,197.08253628304925
2026-04-06 09:41:00+00:00,AVAX,12.117229583516764
2026-04-06 09:41:00+00:00,BCH,151.4028140176704
2026-04-06 09:41:00+00:00,BTC,69359.68796273594
2026-04-06 09:41:00+00:00,CC,24.99816310679896
2026-04-06 09:41:00+00:00,ETH,77.73947837754068
2026-04-06 09:41:00+00:00,FARTCOIN,46.39802223732554
2026-04-06 09:41:00+00:00,SOL,76.43943620269148
2026-04-06 09:41:00+00:00,XPL,196.8177679069385
2026-04-06 09:42:00+00:00,AVAX,12.138099079147269
2026-04-06 09:42:00+00:00,BCH,151.31239172950646
2026-04-06 09:42:00+00:00,BTC,69345.4259392826
2026-04-06 09:42:00+00:00,CC,25.015047269466397
2026-04-06 09:42:00+00:00,ETH,77.73498037794582
2026-04-06 09:42:00+00:00,FARTCOIN,46.37272759982056
2026-04-06 09:42:00+00:00,SOL,76.3311336504611
2026-04-06 09:42:00+00:00,XPL,197.0905278617818
2026-04-06 09:43:00+00:00,AVAX,12.14390997923187
2026-04-06 09:43:00+00:00,BCH,151.04220430246767
2026-04-06 09:43:00+00:00,BTC,69293.40219872989
2026-04-06 09:43:00+00:00,CC,25.00125072285595
2026-04-06 09:43:00+00:00,ETH,77.68052759979047
2026-04-06 09:43:00+00:00,FARTCOIN,46.389836321709076
2026-04-06 09:43:00+00:00,SOL,76.31620383900045
2026-04-06 09:43:00+00:00,XPL,197.14482328847183
2026-04-06 09:44:00+00:00,AVAX,12.15766005802102
2026-04-06 09:44:00+00:00,BCH,151.20232744305406
2026-04-06 09:44:00+00:00,BTC,69328.06293849647
2026-04-06 09:44:00+00:00,CC,24.993109118948762
2026-04-06 09:44:00+00:00,ETH,77.62034378004365
2026-04-06 09:44:00+00:00,FARTCOIN,46.401197095909865
2026-04-06 09:44:00+00:00,SOL,76.49059995192867
2026-04-06 09:44:00+00:00,XPL,197.1089659446176
2026-04-06 09:45:00+00:00,AVAX,12.16158180347661
2026-04-06 09:45:00+00:00,BCH,151.34809974177932
2026-04-06 09:45:00+00:00,BTC,69425.05881774658
2026-04-06 09:45:00+00:00,CC,24.98643907637049
2026-04-06 09:45:00+00:00,ETH,77.60976952954739
2026-04-06 09:45:00+00:00,FARTCOIN,46.52426914908457
2026-04-06 09:45:00+00:00,SOL,76.67551761107649
2026-04-06 09:45:00+00:00,XPL,197.3159090409291
2026-04-06 09:46:00+00:00,AVAX,12.147460912693933
2026-04-06 09:46:00+00:00,BCH,150.97474549009934
2026-04-06 09:46:00+00:00,BTC,69367.90177684164
2026-04-06 09:46:00+00:00,CC,24.93590417810657
2026-04-06 09:46:00+00:00,ETH,77.5949127385386
2026-04-06 09:46:00+00:00,FARTCOIN,46.393382194852244
2026-04-06 09:46:00+00:00,SOL,76.49122193150663
2026-04-06 09:46:00+00:00,XPL,197.2855231891995
2026-04-06 09:47:00+00:00,AVAX,12.140373105147438
2026-04-06 09:47:00+00:00,BCH,150.9132229127649
2026-04-06 09:47:00+00:00,BTC,69327.24853855623
2026-04-06 09:47:00+00:00,CC,24.92817548903916
2026-04-06 09:47:00+00:00,ETH,77.37485657267896
2026-04-06 09:47:00+00:00,FARTCOIN,46.414076600413274
2026-04-06 09:47:00+00:00,SOL,76.55096023164865
2026-04-06 09:47:00+00:00,XPL,197.3530795761247
2026-04-06 09:48:00+00:00,AVAX,12.133603401160816
2026-04-06 09:48:00+00:00,BCH,150.9940091763389
2026-04-06 09:48:00+00:00,BTC,69338.67557148053
2026-04-06 09:48:00+00:00,CC,24.916824625965738
2026-04-06 09:48:00+00:00,ETH,77.4000044888811
2026-04-06 09:48:00+00:00,FARTCOIN,46.41596416272932
2026-04-06 09:48:00+00:00,SOL,76.62623549400536
2026-04-06 09:48:00+00:00,XPL,197.16622445537786
2026-04-06 09:49:00+00:00,AVAX,12.150712089338162
2026-04-06 09:49:00+00:00,BCH,151.26989155595282
2026-04-06 09:49:00+00:00,BTC,69416.91854561934
2026-04-06 09:49:00+00:00,CC,24.957506751743445
2026-04-06 09:49:00+00:00,ETH,77.44090876215367
2026-04-06 09:49:00+00:00,FARTCOIN,46.471899400842354
2026-04-06 09:49:00+00:00,SOL,76.59312817291513
2026-04-06 09:49:00+00:00,XPL,197.70127642112712
2026-04-06 09:50:00+00:00,AVAX,12.145778750698927
2026-04-06 09:50:00+00:00,BCH,151.14993189585547
2026-04-06 09:50:00+00:00,BTC,69357.54652977119
2026-04-06 09:50:00+00:00,CC,24.917427947507832
2026-04-06 09:50:00+00:00,ETH,77.47577347586106
2026-04-06 09:50:00+00:00,FARTCOIN,46.50391217281547
2026-04-06 09:50:00+00:00,SOL,76.5165584712458
2026-04-06 09:50:00+00:00,XPL,197.5300076255581
2026-04-06 09:51:00+00:00,AVAX,12.13568615406744
2026-04-06 09:51:00+00:00,BCH,151.12163511291078
2026-04-06 09:51:00+00:00,BTC,69369.63835780461
2026-04-06 09:51:00+00:00,CC,24.901044855467454
2026-04-06 09:51:00+00:00,ETH,77.45284830863905
2026-04-06 09:51:00+00:00,FARTCOIN,46.496326838836566
2026-04-06 09:51:00+00:00,SOL,76.6033887005093
2026-04-06 09:51:00+00:00,XPL,197.9060839720091
2026-04-06 09:52:00+00:00,AVAX,12.161937391754103
2026-04-06 09:52:00+00:00,BCH,151.55617588278935
2026-04-06 09:52:00+00:00,BTC,69458.13474808437
2026-04-06 09:52:00+00:00,CC,24.88055607583819
2026-04-06 09:52:00+00:00,ETH,77.58286189209161
2026-04-06 09:52:00+00:00,FARTCOIN,46.517820704906114
2026-04-06 09:52:00+00:00,SOL,76.72444582870867
2026-04-06 09:52:00+00:00,XPL,197.91169255552296
2026-04-06 09:53:00+00:00,AVAX,12.151109365661346
2026-04-06 09:53:00+00:00,BCH,151.4081976191399
2026-04-06 09:53:00+00:00,BTC,69377.87148184075
2026-04-06 09:53:00+00:00,CC,24.917899686604567
2026-04-06 09:53:00+00:00,ETH,77.47896899620396
2026-04-06 09:53:00+00:00,FARTCOIN,46.46555803849524
2026-04-06 09:53:00+00:00,SOL,76.55882468050677
2026-04-06 09:53:00+00:00,XPL,198.05766076255958
2026-04-06 09:54:00+00:00,AVAX,12.122970861914702
2026-04-06 09:54:00+00:00,BCH,151.39084261198155
2026-04-06 09:54:00+00:00,BTC,69315.68487052721
2026-04-06 09:54:00+00:00,CC,24.887452686797616
2026-04-06 09:54:00+00:00,ETH,77.42786036788361
2026-04-06 09:54:00+00:00,FARTCOIN,46.49144964535214
2026-04-06 09:54:00+00:00,SOL,76.54255243559454
2026-04-06 09:54:00+00:00,XPL,198.19669026322086
2026-04-06 09:55:00+00:00,AVAX,12.11935567041147
2026-04-06 09:55:00+00:00,BCH,151.27921311680774
2026-04-06 09:55:00+00:00,BTC,69295.1341101513
2026-04-06 09:55:00+00:00,CC,24.90277450568319
2026-04-06 09:55:00+00:00,ETH,77.45969804306726
2026-04-06 09:55:00+00:00,FARTCOIN,46.38399483858544
2026-04-06 09:55:00+00:00,SOL,76.37619246875012
2026-04-06 09:55:00+00:00,XPL,198.45787082874102
2026-04-06 09:56:00+00:00,AVAX,12.118668955118997
2026-04-06 09:56:00+00:00,BCH,151.32629377949297
2026-04-06 09:56:00+00:00,BTC,69269.88673993212
2026-04-06 09:56:00+00:00,CC,24.929966021657886
2026-04-06 09:56:00+00:00,ETH,77.4034788213714
2026-04-06 09:56:00+00:00,FARTCOIN,46.42387016914315
2026-04-06 09:56:00+00:00,SOL,76.33722839895444
2026-04-06 09:56:00+00:00,XPL,198.24332872650376
2026-04-06 09:57:00+00:00,AVAX,12.135149554339959
2026-04-06 09:57:00+00:00,BCH,151.20126393799205
2026-04-06 09:57:00+00:00,BTC,69309.30010786034
2026-04-06 09:57:00+00:00,CC,24.92843079901953
2026-04-06 09:57:00+00:00,ETH,77.51040014385252
2026-04-06 09:57:00+00:00,FARTCOIN,46.42786075302367
2026-04-06 09:57:00+00:00,SOL,76.45240569981885
2026-04-06 09:57:00+00:00,XPL,198.5219623956318
2026-04-06 09:58:00+00:00,AVAX,12.133208798807372
2026-04-06 09:58:00+00:00,BCH,151.1601317132638
2026-04-06 09:58:00+00:00,BTC,69321.02558581541
2026-04-06 09:58:00+00:00,CC,24.888120727886506
2026-04-06 09:58:00+00:00,ETH,77.45224727079952
2026-04-06 09:58:00+00:00,FARTCOIN,46.40230265632167
2026-04-06 09:58:00+00:00,SOL,76.46466523931231
2026-04-06 09:58:00+00:00,XPL,198.96905218661695
2026-04-06 09:59:00+00:00,AVAX,12.129436467199039
2026-04-06 09:59:00+00:00,BCH,150.83645955520336
2026-04-06 09:59:00+00:00,BTC,69234.94953724561
2026-04-06 09:59:00+00:00,CC,24.841238902213863
2026-04-06 09:59:00+00:00,ETH,77.39100917642061
2026-04-06 09:59:00+00:00,FARTCOIN,46.37783029508164
2026-04-06 09:59:00+00:00,SOL,76.34966130800689
2026-04-06 09:59:00+00:00,XPL,198.85787423077207
2026-04-06 10:00:00+00:00,AVAX,12.135200494934912
2026-04-06 10:00:00+00:00,BCH,150.800593884159
2026-04-06 10:00:00+00:00,BTC,69259.9331331215
2026-04-06 10:00:00+00:00,CC,24.868675648840934
2026-04-06 10:00:00+00:00,ETH,77.47905627909452
2026-04-06 10:00:00+00:00,FARTCOIN,46.37231731790015
2026-04-06 10:00:00+00:00,SOL,76.43423335892085
2026-04-06 10:00:00+00:00,XPL,198.88050648664915
2026-04-06 10:01:00+00:00,AVAX,12.116681945585286
2026-04-06 10:01:00+00:00,BCH,150.9185339841384
2026-04-06 10:01:00+00:00,BTC,69231.93857897905
2026-04-06 10:01:00+00:00,CC,24.82907727622474
2026-04-06 10:01:00+00:00,ETH,77.49845931707627
2026-04-06 10:01:00+00:00,FARTCOIN,46.440809172991884
2026-04-06 10:01:00+00:00,SOL,76.47503268443667
2026-04-06 10:01:00+00:00,XPL,198.73955188860276
2026-04-06 10:02:00+00:00,AVAX,12.110439173809887
2026-04-06 10:02:00+00:00,BCH,150.94980796591835
2026-04-06 10:02:00+00:00,BTC,69293.7288528477
2026-04-06 10:02:00+00:00,CC,24.84519296363299
2026-04-06 10:02:00+00:00,ETH,77.69113458549688
2026-04-06 10:02:00+00:00,FARTCOIN,46.62967755076197
2026-04-06 10:02:00+00:00,SOL,76.62333380636957
2026-04-06 10:02:00+00:00,XPL,198.69239641085392
2026-04-06 10:03:00+00:00,AVAX,12.11815463961333
2026-04-06 10:03:00+00:00,BCH,150.99102529417186
2026-04-06 10:03:00+00:00,BTC,69263.29402211242
2026-04-06 10:03:00+00:00,CC,24.84641927005219
2026-04-06 10:03:00+00:00,ETH,77.6087860361538
2026-04-06 10:03:00+00:00,FARTCOIN,46.69388334486
2026-04-06 10:03:00+00:00,SOL,76.65502361593333
2026-04-06 10:03:00+00:00,XPL,199.0833790652184
2026-04-06 10:04:00+00:00,AVAX,12.126611209563007
2026-04-06 10:04:00+00:00,BCH,151.14008960919196
2026-04-06 10:04:00+00:00,BTC,69232.43504840336
2026-04-06 10:04:00+00:00,CC,24.85545091590852
2026-04-06 10:04:00+00:00,ETH,77.48316000387412
2026-04-06 10:04:00+00:00,FARTCOIN,46.658058741491296
2026-04-06 10:04:00+00:00,SOL,76.70060483488847
2026-04-06 10:04:00+00:00,XPL,198.82589050653542
2026-04-06 10:05:00+00:00,AVAX,12.134042145750186
2026-04-06 10:05:00+00:00,BCH,151.1850081235168
2026-04-06 10:05:00+00:00,BTC,69258.66471725413
2026-04-06 10:05:00+00:00,CC,24.871404787322973
2026-04-06 10:05:00+00:00,ETH,77.43878042394233
2026-04-06 10:05:00+00:00,FARTCOIN,46.69687089323142
2026-04-06 10:05:00+00:00,SOL,76.77593042247702
2026-04-06 10:05:00+00:00,XPL,198.6162826714362
2026-04-06 10:06:00+00:00,AVAX,12.15590403028533
2026-04-06 10:06:00+00:00,BCH,151.38899314403434
2026-04-06 10:06:00+00:00,BTC,69295.66208418051
2026-04-06 10:06:00+00:00,CC,24.846208021791206
2026-04-06 10:06:00+00:00,ETH,77.52000512956943
2026-04-06 10:06:00+00:00,FARTCOIN,46.7396089560272
2026-04-06 10:06:00+00:00,SOL,76.82914820864653
2026-04-06 10:06:00+00:00,XPL,199.02185172304814
2026-04-06 10:07:00+00:00,AVAX,12.170713683920095
2026-04-06 10:07:00+00:00,BCH,151.5017588332834
2026-04-06 10:07:00+00:00,BTC,69317.40143296063
2026-04-06 10:07:00+00:00,CC,24.81869615332473
2026-04-06 10:07:00+00:00,ETH,77.57543234074917
2026-04-06 10:07:00+00:00,FARTCOIN,46.69067676573133
2026-04-06 10:07:00+00:00,SOL,76.85582616956091
2026-04-06 10:07:00+00:00,XPL,199.1835613439673
2026-04-06 10:08:00+00:00,AVAX,12.165996444121745
2026-04-06 10:08:00+00:00,BCH,151.36575055909813
2026-04-06 10:08:00+00:00,BTC,69235.66080793389
2026-04-06 10:08:00+00:00,CC,24.834136419504826
2026-04-06 10:08:00+00:00,ETH,77.50480109904896
2026-04-06 10:08:00+00:00,FARTCOIN,46.60908881078649
2026-04-06 10:08:00+00:00,SOL,76.76239065422719
2026-04-06 10:08:00+00:00,XPL,199.64389989461245
2026-04-06 10:09:00+00:00,AVAX,12.159914360247134
2026-04-06 10:09:00+00:00,BCH,151.51649724063037
2026-04-06 10:09:00+00:00,BTC,69261.74153793155
2026-04-06 10:09:00+00:00,CC,24.817257708976157
2026-04-06 10:09:00+00:00,ETH,77.45130011684326
2026-04-06 10:09:00+00:00,FARTCOIN,46.60906027237127
2026-04-06 10:09:00+00:00,SOL,76.70322958597123
2026-04-06 10:09:00+00:00,XPL,199.55104684353688
2026-04-06 10:10:00+00:00,AVAX,12.171385016969667
2026-04-06 10:10:00+00:00,BCH,151.6742369038147
2026-04-06 10:10:00+00:00,BTC,69211.61310314466
2026-04-06 10:10:00+00:00,CC,24.731909815171804
2026-04-06 10:10:00+00:00,ETH,77.45709115585005
2026-04-06 10:10:00+00:00,FARTCOIN,46.64750277019471
2026-04-06 10:10:00+00:00,SOL,76.59016088846963
2026-04-06 10:10:00+00:00,XPL,199.55239067219472
2026-04-06 10:11:00+00:00,AVAX,12.178966018517995
2026-04-06 10:11:00+00:00,BCH,151.60849237648645
2026-04-06 10:11:00+00:00,BTC,69223.01272928514
2026-04-06 10:11:00+00:00,CC,24.751986544534688
2026-04-06 10:11:00+00:00,ETH,77.38259430398612
2026-04-06 10:11:00+00:00,FARTCOIN,46.55889933397156
2026-04-06 10:11:00+00:00,SOL,76.58144360547374
2026-04-06 10:11:00+00:00,XPL,199.40081366034383
2026-04-06 10:12:00+00:00,AVAX,12.164428426417699
2026-04-06 10:12:00+00:00,BCH,151.34940242399352
2026-04-06 10:12:00+00:00,BTC,69154.05846452758
2026-04-06 10:12:00+00:00,CC,24.716299229870486
2026-04-06 10:12:00+00:00,ETH,77.39775756503751
2026-04-06 10:12:00+00:00,FARTCOIN,46.50936839436436
2026-04-06 10:12:00+00:00,SOL,76.53322664556825
2026-04-06 10:12:00+00:00,XPL,199.39535784585607
2026-04-06 10:13:00+00:00,AVAX,12.160343308151678
2026-04-06 10:13:00+00:00,BCH,151.25097236372133
2026-04-06 10:13:00+00:00,BTC,69175.66733145202
2026-04-06 10:13:00+00:00,CC,24.73170347277713
2026-04-06 10:13:00+00:00,ETH,77.61766665879516
2026-04-06 10:13:00+00:00,FARTCOIN,46.54424801250251
2026-04-06 10:13:00+00:00,SOL,76.6528874193049
2026-04-06 10:13:00+00:00,XPL,198.98374653952985
2026-04-06 10:14:00+00:00,AVAX,12.157317936445393
2026-04-06 10:14:00+00:00,BCH,151.31376344464002
2026-04-06 10:14:00+00:00,BTC,69136.62044356929
2026-04-06 10:14:00+00:00,CC,24.7702769518998
2026-04-06 10:14:00+00:00,ETH,77.60601554469396
2026-04-06 10:14:00+00:00,FARTCOIN,46.54132254196647
2026-04-06 10:14:00+00:00,SOL,76.6132264526248
2026-04-06 10:14:00+00:00,XPL,199.12488034567775
2026-04-06 10:15:00+00:00,AVAX,12.129787047878395
2026-04-06 10:15:00+00:00,BCH,151.35209051243223
2026-04-06 10:15:00+00:00,BTC,69074.5743840984
2026-04-06 10:15:00+00:00,CC,24.766327549460403
2026-04-06 10:15:00+00:00,ETH,77.58751878051646
2026-04-06 10:15:00+00:00,FARTCOIN,46.61211725593185
2026-04-06 10:15:00+00:00,SOL,76.62395007027798
2026-04-06 10:15:00+00:00,XPL,199.16642213816505
2026-04-06 10:16:00+00:00,AVAX,12.14258379168738
2026-04-06 10:16:00+00:00,BCH,151.34321998719278
2026-04-06 10:16:00+00:00,BTC,69109.09778408447
2026-04-06 10:16:00+00:00,CC,24.79841709437476
2026-04-06 10:16:00+00:00,ETH,77.58605620666496
2026-04-06 10:16:00+00:00,FARTCOIN,46.53789040273135
2026-04-06 10:16:00+00:00,SOL,76.73100001806222
2026-04-06 10:16:00+00:00,XPL,199.1725703459876
2026-04-06 10:17:00+00:00,AVAX,12.133911800044709
2026-04-06 10:17:00+00:00,BCH,151.07427508337358
2026-04-06 10:17:00+00:00,BTC,69120.78865723328
2026-04-06 10:17:00+00:00,CC,24.80383334883953
2026-04-06 10:17:00+00:00,ETH,77.47089438411176
2026-04-06 10:17:00+00:00,FARTCOIN,46.67101257951985
2026-04-06 10:17:00+00:00,SOL,76.72604921532124
2026-04-06 10:17:00+00:00,XPL,199.08602736882645
2026-04-06 10:18:00+00:00,AVAX,12.133526325150719
2026-04-06 10:18:00+00:00,BCH,150.92741208780487
2026-04-06 10:18:00+00:00,BTC,69091.08804759965
2026-04-06 10:18:00+00:00,CC,24.848991548886488
2026-04-06 10:18:00+00:00,ETH,77.40060103400563
2026-04-06 10:18:00+00:00,FARTCOIN,46.580952299102975
2026-04-06 10:18:00+00:00,SOL,76.73908646172237
2026-04-06 10:18:00+00:00,XPL,198.85528877551963
2026-04-06 10:19:00+00:00,AVAX,12.13830779281239
2026-04-06 10:19:00+00:00,BCH,151.132287094415
2026-04-06 10:19:00+00:00,BTC,69161.30817519005
2026-04-06 10:19:00+00:00,CC,24.822383502526634
2026-04-06 10:19:00+00:00,ETH,77.39130157752388
2026-04-06 10:19:00+00:00,FARTCOIN,46.47710739128366
2026-04-06 10:19:00+00:00,SOL,76.7885435573251
2026-04-06 10:19:00+00:00,XPL,199.06945593779957
2026-04-06 10:20:00+00:00,AVAX,12.132238153740444
2026-04-06 10:20:00+00:00,BCH,151.0835942207414
2026-04-06 10:20:00+00:00,BTC,69139.97819649811
2026-04-06 10:20:00+00:00,CC,24.82060754151262
2026-04-06 10:20:00+00:00,ETH,77.27031814487727
2026-04-06 10:20:00+00:00,FARTCOIN,46.47095484886593
2026-04-06 10:20:00+00:00,SOL,76.85981596454488
2026-04-06 10:20:00+00:00,XPL,198.7776352836212
2026-04-06 10:21:00+00:00,AVAX,12.12420787784115
2026-04-06 10:21:00+00:00,BCH,151.11100584530197
2026-04-06 10:21:00+00:00,BTC,69141.5321606758
2026-04-06 10:21:00+00:00,CC,24.840777238704543
2026-04-06 10:21:00+00:00,ETH,77.39166808070372
2026-04-06 10:21:00+00:00,FARTCOIN,46.40794323020687
2026-04-06 10:21:00+00:00,SOL,76.90528146329153
2026-04-06 10:21:00+00:00,XPL,198.90067101605715
2026-04-06 10:22:00+00:00,AVAX,12.124388493672546
2026-04-06 10:22:00+00:00,BCH,151.0640166513789
2026-04-06 10:22:00+00:00,BTC,69154.54854718962
2026-04-06 10:22:00+00:00,CC,24.83603692247428
2026-04-06 10:22:00+00:00,ETH,77.42306294158729
2026-04-06 10:22:00+00:00,FARTCOIN,46.40753210804163
2026-04-06 10:22:00+00:00,SOL,76.83521947140731
2026-04-06 10:22:00+00:00,XPL,199.40392652739337
2026-04-06 10:23:00+00:00,AVAX,12.140545787449437
2026-04-06 10:23:00+00:00,BCH,151.1462146562545
2026-04-06 10:23:00+00:00,BTC,69124.55814952226
2026-04-06 10:23:00+00:00,CC,24.8682430438871
2026-04-06 10:23:00+00:00,ETH,77.42097390907843
2026-04-06 10:23:00+00:00,FARTCOIN,46.399401038102184
2026-04-06 10:23:00+00:00,SOL,76.81806185127614
2026-04-06 10:23:00+00:00,XPL,199.74237707725374
2026-04-06 10:24:00+00:00,AVAX,12.159097100282377
2026-04-06 10:24:00+00:00,BCH,151.2352960526263
2026-04-06 10:24:00+00:00,BTC,69147.35887077879
2026-04-06 10:24:00+00:00,CC,24.856992998667746
2026-04-06 10:24:00+00:00,ETH,77.4211446972949
2026-04-06 10:24:00+00:00,FARTCOIN,46.39156159487446
2026-04-06 10:24:00+00:00,SOL,76.953659799291
2026-04-06 10:24:00+00:00,XPL,199.39508876344692
2026-04-06 10:25:00+00:00,AVAX,12.159116882090794
2026-04-06 10:25:00+00:00,BCH,151.26712126983477
2026-04-06 10:25:00+00:00,BTC,69121.54291650937
2026-04-06 10:25:00+00:00,CC,24.916934766520793
2026-04-06 10:25:00+00:00,ETH,77.38453407443467
2026-04-06 10:25:00+00:00,FARTCOIN,46.34122732848263
2026-04-06 10:25:00+00:00,SOL,76.9166915189016
2026-04-06 10:25:00+00:00,XPL,199.25182124898123
2026-04-06 10:26:00+00:00,AVAX,12.15586244806964
2026-04-06 10:26:00+00:00,BCH,151.2517282505729
2026-04-06 10:26:00+00:00,BTC,69101.62863259739
2026-04-06 10:26:00+00:00,CC,24.97903045378274
2026-04-06 10:26:00+00:00,ETH,77.43277288634174
2026-04-06 10:26:00+00:00,FARTCOIN,46.362621430449224
2026-04-06 10:26:00+00:00,SOL,76.92884675680718
2026-04-06 10:26:00+00:00,XPL,199.3411282944361
2026-04-06 10:27:00+00:00,AVAX,12.17496887959017
2026-04-06 10:27:00+00:00,BCH,151.44586388737716
2026-04-06 10:27:00+00:00,BTC,69167.5726559041
2026-04-06 10:27:00+00:00,CC,24.992254263727173
2026-04-06 10:27:00+00:00,ETH,77.49332334381602
2026-04-06 10:27:00+00:00,FARTCOIN,46.35381176680429
2026-04-06 10:27:00+00:00,SOL,77.02907822647623
2026-04-06 10:27:00+00:00,XPL,199.3623456313339
2026-04-06 10:28:00+00:00,AVAX,12.179813345925659
2026-04-06 10:28:00+00:00,BCH,151.41460351108228
2026-04-06 10:28:00+00:00,BTC,69117.20863299158
2026-04-06 10:28:00+00:00,CC,25.005189586339103
2026-04-06 10:28:00+00:00,ETH,77.48235694257855
2026-04-06 10:28:00+00:00,FARTCOIN,46.40848195098578
2026-04-06 10:28:00+00:00,SOL,76.90961341219047
2026-04-06 10:28:00+00:00,XPL,198.99884733630327
2026-04-06 10:29:00+00:00,AVAX,12.153260609272879
2026-04-06 10:29:00+00:00,BCH,151.07115052539154
2026-04-06 10:29:00+00:00,BTC,69000.57190823296
2026-04-06 10:29:00+00:00,CC,25.03251558663866
2026-04-06 10:29:00+00:00,ETH,77.35755536815046
2026-04-06 10:29:00+00:00,FARTCOIN,46.382767828436926
2026-04-06 10:29:00+00:00,SOL,76.83458877329565
2026-04-06 10:29:00+00:00,XPL,199.0236421264433
2026-04-06 10:30:00+00:00,AVAX,12.164067381482738
2026-04-06 10:30:00+00:00,BCH,151.26680310771889
2026-04-06 10:30:00+00:00,BTC,69078.42469733622
2026-04-06 10:30:00+00:00,CC,25.002516943893138
2026-04-06 10:30:00+00:00,ETH,77.40789824001622
2026-04-06 10:30:00+00:00,FARTCOIN,46.33955710813496
2026-04-06 10:30:00+00:00,SOL,76.81185339253395
2026-04-06 10:30:00+00:00,XPL,199.0661403811813
2026-04-06 10:31:00+00:00,AVAX,12.162572360170053
2026-04-06 10:31:00+00:00,BCH,151.60438432716737
2026-04-06 10:31:00+00:00,BTC,69201.80724579807
2026-04-06 10:31:00+00:00,CC,24.972095049921695
2026-04-06 10:31:00+00:00,ETH,77.4273012103133
2026-04-06 10:31:00+00:00,FARTCOIN,46.26231111315997
2026-04-06 10:31:00+00:00,SOL,76.88515059950814
2026-04-06 10:31:00+00:00,XPL,199.59518286277932
2026-04-06 10:32:00+00:00,AVAX,12.171936968614048
2026-04-06 10:32:00+00:00,BCH,151.7254875749428
2026-04-06 10:32:00+00:00,BTC,69182.17827427313
2026-04-06 10:32:00+00:00,CC,25.0083549853896
2026-04-06 10:32:00+00:00,ETH,77.27097020066542
2026-04-06 10:32:00+00:00,FARTCOIN,46.25013328317915
2026-04-06 10:32:00+00:00,SOL,76.9410676162743
2026-04-06 10:32:00+00:00,XPL,199.52321939292312
2026-04-06 10:33:00+00:00,AVAX,12.180534647297526
2026-04-06 10:33:00+00:00,BCH,151.6075028471637
2026-04-06 10:33:00+00:00,BTC,69088.44555718312
2026-04-06 10:33:00+00:00,CC,25.00979622944996
2026-04-06 10:33:00+00:00,ETH,77.16380604676043
2026-04-06 10:33:00+00:00,FARTCOIN,46.16722556289199
2026-04-06 10:33:00+00:00,SOL,76.87713016558779
2026-04-06 10:33:00+00:00,XPL,199.7488972995763
2026-04-06 10:34:00+00:00,AVAX,12.179162421670858
2026-04-06 10:34:00+00:00,BCH,151.44787398314034
2026-04-06 10:34:00+00:00,BTC,69073.43159010084
2026-04-06 10:34:00+00:00,CC,25.001912532484777
2026-04-06 10:34:00+00:00,ETH,77.15347520361865
2026-04-06 10:34:00+00:00,FARTCOIN,46.09049382139268
2026-04-06 10:34:00+00:00,SOL,76.84186948774249
2026-04-06 10:34:00+00:00,XPL,199.43673941655646
2026-04-06 10:35:00+00:00,AVAX,12.153821917770554
2026-04-06 10:35:00+00:00,BCH,151.3115583363932
2026-04-06 10:35:00+00:00,BTC,69059.59369545845
2026-04-06 10:35:00+00:00,CC,25.00124440906494
2026-04-06 10:35:00+00:00,ETH,77.05109728498068
2026-04-06 10:35:00+00:00,FARTCOIN,46.11782794290939
2026-04-06 10:35:00+00:00,SOL,76.85966138235635
2026-04-06 10:35:00+00:00,XPL,199.18288205868024
2026-04-06 10:36:00+00:00,AVAX,12.159109941216736
2026-04-06 10:36:00+00:00,BCH,151.23522004371154
2026-04-06 10:36:00+00:00,BTC,69050.41306143356
2026-04-06 10:36:00+00:00,CC,24.929099129641425
2026-04-06 10:36:00+00:00,ETH,77.04000025559314
2026-04-06 10:36:00+00:00,FARTCOIN,46.01833044767679
2026-04-06 10:36:00+00:00,SOL,76.8468201505044
2026-04-06 10:36:00+00:00,XPL,199.3501473604341
2026-04-06 10:37:00+00:00,AVAX,12.141174558957692
2026-04-06 10:37:00+00:00,BCH,151.16083842154322
2026-04-06 10:37:00+00:00,BTC,68996.61809435749
2026-04-06 10:37:00+00:00,CC,24.919514509923676
2026-04-06 10:37:00+00:00,ETH,76.99270539447092
2026-04-06 10:37:00+00:00,FARTCOIN,46.08919601777782
2026-04-06 10:37:00+00:00,SOL,76.79679799751614
2026-04-06 10:37:00+00:00,XPL,199.57845469523815
2026-04-06 10:38:00+00:00,AVAX,12.138113236775016
2026-04-06 10:38:00+00:00,BCH,151.196339143417
2026-04-06 10:38:00+00:00,BTC,69024.61520425329
2026-04-06 10:38:00+00:00,CC,24.899026199625055
2026-04-06 10:38:00+00:00,ETH,76.86995622581948
2026-04-06 10:38:00+00:00,FARTCOIN,46.101770783577884
2026-04-06 10:38:00+00:00,SOL,76.86871157247766
2026-04-06 10:38:00+00:00,XPL,199.36547197522373
2026-04-06 10:39:00+00:00,AVAX,12.14875089034339
2026-04-06 10:39:00+00:00,BCH,151.0906479833928
2026-04-06 10:39:00+00:00,BTC,69049.96260100798
2026-04-06 10:39:00+00:00,CC,24.928302666686335
2026-04-06 10:39:00+00:00,ETH,76.83064496895459
2026-04-06 10:39:00+00:00,FARTCOIN,46.102730626689045
2026-04-06 10:39:00+00:00,SOL,76.842384775546
2026-04-06 10:39:00+00:00,XPL,199.38587287562504
2026-04-06 10:40:00+00:00,AVAX,12.140734478380017
2026-04-06 10:40:00+00:00,BCH,150.80295563636554
2026-04-06 10:40:00+00:00,BTC,68977.76831172303
2026-04-06 10:40:00+00:00,CC,24.95286465397494
2026-04-06 10:40:00+00:00,ETH,76.79050116515745
2026-04-06 10:40:00+00:00,FARTCOIN,46.035887023642005
2026-04-06 10:40:00+00:00,SOL,76.77687625909988
2026-04-06 10:40:00+00:00,XPL,199.01394448461207
2026-04-06 10:41:00+00:00,AVAX,12.140451895845802
2026-04-06 10:41:00+00:00,BCH,150.58103947666183
2026-04-06 10:41:00+00:00,BTC,69011.53689597246
2026-04-06 10:41:00+00:00,CC,24.972582803865464
2026-04-06 10:41:00+00:00,ETH,76.84922033658552
2026-04-06 10:41:00+00:00,FARTCOIN,46.082643359465685
2026-04-06 10:41:00+00:00,SOL,76.78724035354244
2026-04-06 10:41:00+00:00,XPL,198.99014856634784
2026-04-06 10:42:00+00:00,AVAX,12.148184213188953
2026-04-06 10:42:00+00:00,BCH,150.342380191773
2026-04-06 10:42:00+00:00,BTC,69110.76943325512
2026-04-06 10:42:00+00:00,CC,24.991617321412786
2026-04-06 10:42:00+00:00,ETH,76.86328811604113
2026-04-06 10:42:00+00:00,FARTCOIN,46.09572761719321
2026-04-06 10:42:00+00:00,SOL,76.77144719017336
2026-04-06 10:42:00+00:00,XPL,199.2473468798355
2026-04-06 10:43:00+00:00,AVAX,12.1508032655419
2026-04-06 10:43:00+00:00,BCH,150.33993154885565
2026-04-06 10:43:00+00:00,BTC,69119.08895158528
2026-04-06 10:43:00+00:00,CC,24.94735288673389
2026-04-06 10:43:00+00:00,ETH,76.88211575068019
2026-04-06 10:43:00+00:00,FARTCOIN,46.05890071632267
2026-04-06 10:43:00+00:00,SOL,76.71572415219404
2026-04-06 10:43:00+00:00,XPL,199.14817114773436
2026-04-06 10:44:00+00:00,AVAX,12.143888662734115
2026-04-06 10:44:00+00:00,BCH,150.62396597219805
2026-04-06 10:44:00+00:00,BTC,69102.76995282638
2026-04-06 10:44:00+00:00,CC,24.963862172795647
2026-04-06 10:44:00+00:00,ETH,76.93744910895525
2026-04-06 10:44:00+00:00,FARTCOIN,46.06777086170676
2026-04-06 10:44:00+00:00,SOL,76.80865838568415
2026-04-06 10:44:00+00:00,XPL,199.07926442763448
2026-04-06 10:45:00+00:00,AVAX,12.13074631191685
2026-04-06 10:45:00+00:00,BCH,150.85499070744913
2026-04-06 10:45:00+00:00,BTC,69095.90132339021
2026-04-06 10:45:00+00:00,CC,24.982227276252253
2026-04-06 10:45:00+00:00,ETH,76.98477047368587
2026-04-06 10:45:00+00:00,FARTCOIN,45.973924123700435
2026-04-06 10:45:00+00:00,SOL,76.82876638032388
2026-04-06 10:45:00+00:00,XPL,198.80559231766688
2026-04-06 10:46:00+00:00,AVAX,12.131556319965846
2026-04-06 10:46:00+00:00,BCH,150.7774213353278
2026-04-06 10:46:00+00:00,BTC,69125.66593703943
2026-04-06 10:46:00+00:00,CC,25.02173958087132
2026-04-06 10:46:00+00:00,ETH,77.00635391327468
2026-04-06 10:46:00+00:00,FARTCOIN,45.88774611596314
2026-04-06 10:46:00+00:00,SOL,76.7653971417398
2026-04-06 10:46:00+00:00,XPL,198.66808746644543
2026-04-06 10:47:00+00:00,AVAX,12.122774842754206
2026-04-06 10:47:00+00:00,BCH,150.64256052278728
2026-04-06 10:47:00+00:00,BTC,69041.97296396941
2026-04-06 10:47:00+00:00,CC,25.079344723838606
2026-04-06 10:47:00+00:00,ETH,76.89470423350882
2026-04-06 10:47:00+00:00,FARTCOIN,45.815002131701135
2026-04-06 10:47:00+00:00,SOL,76.58015055481198
2026-04-06 10:47:00+00:00,XPL,199.039434642069
2026-04-06 10:48:00+00:00,AVAX,12.122017427541747
2026-04-06 10:48:00+00:00,BCH,150.45884215611915
2026-04-06 10:48:00+00:00,BTC,69049.91832204004
2026-04-06 10:48:00+00:00,CC,25.02903447213566
2026-04-06 10:48:00+00:00,ETH,76.85868000323394
2026-04-06 10:48:00+00:00,FARTCOIN,45.835277346198325
2026-04-06 10:48:00+00:00,SOL,76.57991047321315
2026-04-06 10:48:00+00:00,XPL,199.06143460543862
2026-04-06 10:49:00+00:00,AVAX,12.103793760882793
2026-04-06 10:49:00+00:00,BCH,150.24636019266447
2026-04-06 10:49:00+00:00,BTC,69031.04784836872
2026-04-06 10:49:00+00:00,CC,25.016001815552887
2026-04-06 10:49:00+00:00,ETH,76.87318550823699
2026-04-06 10:49:00+00:00,FARTCOIN,45.832592626248925
2026-04-06 10:49:00+00:00,SOL,76.66977161922064
2026-04-06 10:49:00+00:00,XPL,198.81128524130403
2026-04-06 10:50:00+00:00,AVAX,12.127899611627795
2026-04-06 10:50:00+00:00,BCH,150.2496251634066
2026-04-06 10:50:00+00:00,BTC,69120.39572846756
2026-04-06 10:50:00+00:00,CC,25.000196085774704
2026-04-06 10:50:00+00:00,ETH,76.97126513669613
2026-04-06 10:50:00+00:00,FARTCOIN,45.90219503546905
2026-04-06 10:50:00+00:00,SOL,76.74121308164449
2026-04-06 10:50:00+00:00,XPL,198.78762197575756
2026-04-06 10:51:00+00:00,AVAX,12.096788309346186
2026-04-06 10:51:00+00:00,BCH,150.20356845446503
2026-04-06 10:51:00+00:00,BTC,69111.96902037397
2026-04-06 10:51:00+00:00,CC,25.004762149592732
2026-04-06 10:51:00+00:00,ETH,77.00689805650997
2026-04-06 10:51:00+00:00,FARTCOIN,45.85042949449367
2026-04-06 10:51:00+00:00,SOL,76.82357500030649
2026-04-06 10:51:00+00:00,XPL,198.40209043310435
2026-04-06 10:52:00+00:00,AVAX,12.103935563239299
2026-04-06 10:52:00+00:00,BCH,150.32801549272418
2026-04-06 10:52:00+00:00,BTC,69192.70584001875
2026-04-06 10:52:00+00:00,CC,25.011003779427277
2026-04-06 10:52:00+00:00,ETH,77.092506396984
2026-04-06 10:52:00+00:00,FARTCOIN,45.892773827261564
2026-04-06 10:52:00+00:00,SOL,76.92421296998374
2026-04-06 10:52:00+00:00,XPL,198.20706040447618
2026-04-06 10:53:00+00:00,AVAX,12.089239368625543
2026-04-06 10:53:00+00:00,BCH,150.26349443668244
2026-04-06 10:53:00+00:00,BTC,69139.26692282708
2026-04-06 10:53:00+00:00,CC,25.000115804107978
2026-04-06 10:53:00+00:00,ETH,77.098686521859
2026-04-06 10:53:00+00:00,FARTCOIN,45.879413248727815
2026-04-06 10:53:00+00:00,SOL,76.90632245547995
2026-04-06 10:53:00+00:00,XPL,198.50020400835143
2026-04-06 10:54:00+00:00,AVAX,12.09507722304411
2026-04-06 10:54:00+00:00,BCH,150.4057581808588
2026-04-06 10:54:00+00:00,BTC,69167.69463327901
2026-04-06 10:54:00+00:00,CC,25.033021130482542
2026-04-06 10:54:00+00:00,ETH,77.13219722814623
2026-04-06 10:54:00+00:00,FARTCOIN,45.83129090644806
2026-04-06 10:54:00+00:00,SOL,76.8407701376566
2026-04-06 10:54:00+00:00,XPL,198.4825853909486
2026-04-06 10:55:00+00:00,AVAX,12.10349274466952
2026-04-06 10:55:00+00:00,BCH,150.3887407811127
2026-04-06 10:55:00+00:00,BTC,69183.16088812683
2026-04-06 10:55:00+00:00,CC,25.001074839458393
2026-04-06 10:55:00+00:00,ETH,77.20135895166145
2026-04-06 10:55:00+00:00,FARTCOIN,45.85453717109948
2026-04-06 10:55:00+00:00,SOL,76.92025026193782
2026-04-06 10:55:00+00:00,XPL,198.94232478159645
2026-04-06 10:56:00+00:00,AVAX,12.10950973879767
2026-04-06 10:56:00+00:00,BCH,150.3158948832438
2026-04-06 10:56:00+00:00,BTC,69141.08728190955
2026-04-06 10:56:00+00:00,CC,24.966821542663215
2026-04-06 10:56:00+00:00,ETH,77.22194800882762
2026-04-06 10:56:00+00:00,FARTCOIN,45.84532679806874
2026-04-06 10:56:00+00:00,SOL,76.85731510942014
2026-04-06 10:56:00+00:00,XPL,198.89536322129067
2026-04-06 10:57:00+00:00,AVAX,12.10302545619814
2026-04-06 10:57:00+00:00,BCH,150.18384320152617
2026-04-06 10:57:00+00:00,BTC,69149.6735671812
2026-04-06 10:57:00+00:00,CC,24.936773721534944
2026-04-06 10:57:00+00:00,ETH,77.17419920473067
2026-04-06 10:57:00+00:00,FARTCOIN,45.81186699372153
2026-04-06 10:57:00+00:00,SOL,76.92515884974645
2026-04-06 10:57:00+00:00,XPL,198.8917157167715
2026-04-06 10:58:00+00:00,AVAX,12.118156097077696
2026-04-06 10:58:00+00:00,BCH,150.1104815075757
2026-04-06 10:58:00+00:00,BTC,69208.39017913824
2026-04-06 10:58:00+00:00,CC,24.930225175614652
2026-04-06 10:58:00+00:00,ETH,77.1043202248501
2026-04-06 10:58:00+00:00,FARTCOIN,45.82195365712621
2026-04-06 10:58:00+00:00,SOL,76.92428927144424
2026-04-06 10:58:00+00:00,XPL,199.07852803494
2026-04-06 10:59:00+00:00,AVAX,12.117957124465926
2026-04-06 10:59:00+00:00,BCH,149.87922980825002
2026-04-06 10:59:00+00:00,BTC,69192.70558486998
2026-04-06 10:59:00+00:00,CC,24.892369001869433
2026-04-06 10:59:00+00:00,ETH,77.196629793296
2026-04-06 10:59:00+00:00,FARTCOIN,45.81275503055331
2026-04-06 10:59:00+00:00,SOL,76.92172683902385
2026-04-06 10:59:00+00:00,XPL,198.4320896955184
2026-04-06 11:00:00+00:00,AVAX,12.087130712620517
2026-04-06 11:00:00+00:00,BCH,149.8159349763031
2026-04-06 11:00:00+00:00,BTC,69110.8040640426
2026-04-06 11:00:00+00:00,CC,24.885022840560634
2026-04-06 11:00:00+00:00,ETH,77.13676966443077
2026-04-06 11:00:00+00:00,FARTCOIN,45.79345816127627
2026-04-06 11:00:00+00:00,SOL,76.86867567929993
2026-04-06 11:00:00+00:00,XPL,198.43388599377025
2026-04-06 11:01:00+00:00,AVAX,12.107696750729612
2026-04-06 11:01:00+00:00,BCH,149.7688152468635
2026-04-06 11:01:00+00:00,BTC,69109.95442252372
2026-04-06 11:01:00+00:00,CC,24.88002028353684
2026-04-06 11:01:00+00:00,ETH,77.01703171082539
2026-04-06 11:01:00+00:00,FARTCOIN,45.77067835169172
2026-04-06 11:01:00+00:00,SOL,76.85721696153165
2026-04-06 11:01:00+00:00,XPL,198.42173376247953
2026-04-06 11:02:00+00:00,AVAX,12.085537697421554
2026-04-06 11:02:00+00:00,BCH,149.43655530287796
2026-04-06 11:02:00+00:00,BTC,69066.31171517479
2026-04-06 11:02:00+00:00,CC,24.85340898813956
2026-04-06 11:02:00+00:00,ETH,76.92625296054447
2026-04-06 11:02:00+00:00,FARTCOIN,45.69328716562551
2026-04-06 11:02:00+00:00,SOL,76.84393325760952
2026-04-06 11:02:00+00:00,XPL,198.75077272747677
2026-04-06 11:03:00+00:00,AVAX,12.087639007446018
2026-04-06 11:03:00+00:00,BCH,149.39763619647974
2026-04-06 11:03:00+00:00,BTC,69049.76273995324
2026-04-06 11:03:00+00:00,CC,24.878289550282457
2026-04-06 11:03:00+00:00,ETH,76.9640325635669
2026-04-06 11:03:00+00:00,FARTCOIN,45.69519676307461
2026-04-06 11:03:00+00:00,SOL,76.80986435251612
2026-04-06 11:03:00+00:00,XPL,198.97144640062052
2026-04-06 11:04:00+00:00,AVAX,12.091295094696349
2026-04-06 11:04:00+00:00,BCH,149.2225725198471
2026-04-06 11:04:00+00:00,BTC,69045.819321264
2026-04-06 11:04:00+00:00,CC,24.87622914298066
2026-04-06 11:04:00+00:00,ETH,76.94092728376172
2026-04-06 11:04:00+00:00,FARTCOIN,45.65068028805885
2026-04-06 11:04:00+00:00,SOL,76.76128223703779
2026-04-06 11:04:00+00:00,XPL,198.69867410659998
2026-04-06 11:05:00+00:00,AVAX,12.082027164692699
2026-04-06 11:05:00+00:00,BCH,149.29413859666184
2026-04-06 11:05:00+00:00,BTC,68963.43080689218
2026-04-06 11:05:00+00:00,CC,24.902023871153368
2026-04-06 11:05:00+00:00,ETH,76.82746788346698
2026-04-06 11:05:00+00:00,FARTCOIN,45.583933697234045
2026-04-06 11:05:00+00:00,SOL,76.79430221334293
2026-04-06 11:05:00+00:00,XPL,198.94755588525982
2026-04-06 11:06:00+00:00,AVAX,12.065046511771977
2026-04-06 11:06:00+00:00,BCH,149.07301034979864
2026-04-06 11:06:00+00:00,BTC,68885.47995541712
2026-04-06 11:06:00+00:00,CC,24.89056530225462
2026-04-06 11:06:00+00:00,ETH,76.85047938571194
2026-04-06 11:06:00+00:00,FARTCOIN,45.56046255829867
2026-04-06 11:06:00+00:00,SOL,76.79297682176866
2026-04-06 11:06:00+00:00,XPL,198.8399604114534
2026-04-06 11:07:00+00:00,AVAX,12.07749630278209
2026-04-06 11:07:00+00:00,BCH,149.20726407817423
2026-04-06 11:07:00+00:00,BTC,68908.7290615996
2026-04-06 11:07:00+00:00,CC,24.891522499571604
2026-04-06 11:07:00+00:00,ETH,76.80010284196682
2026-04-06 11:07:00+00:00,FARTCOIN,45.6036890043175
2026-04-06 11:07:00+00:00,SOL,76.76242325134741
2026-04-06 11:07:00+00:00,XPL,198.63767322699593
2026-04-06 11:08:00+00:00,AVAX,12.056796947795421
2026-04-06 11:08:00+00:00,BCH,149.30712446600901
2026-04-06 11:08:00+00:00,BTC,68883.51975725517
2026-04-06 11:08:00+00:00,CC,24.872897680908874
2026-04-06 11:08:00+00:00,ETH,76.72108889618005
2026-04-06 11:08:00+00:00,FARTCOIN,45.61050980104466
2026-04-06 11:08:00+00:00,SOL,76.77782197528484
2026-04-06 11:08:00+00:00,XPL,198.67012200685681
2026-04-06 11:09:00+00:00,AVAX,12.037698825676344
2026-04-06 11:09:00+00:00,BCH,148.95138299018683
2026-04-06 11:09:00+00:00,BTC,68759.9626704816
2026-04-06 11:09:00+00:00,CC,24.863758071745643
2026-04-06 11:09:00+00:00,ETH,76.61867519543709
2026-04-06 11:09:00+00:00,FARTCOIN,45.56508453461099
2026-04-06 11:09:00+00:00,SOL,76.60952285179684
2026-04-06 11:09:00+00:00,XPL,198.5504816602578
2026-04-06 11:10:00+00:00,AVAX,12.037211248474483
2026-04-06 11:10:00+00:00,BCH,149.03115658043885
2026-04-06 11:10:00+00:00,BTC,68797.7491419631
2026-04-06 11:10:00+00:00,CC,24.887752122063947
2026-04-06 11:10:00+00:00,ETH,76.68140494398294
2026-04-06 11:10:00+00:00,FARTCOIN,45.53885857513652
2026-04-06 11:10:00+00:00,SOL,76.56362957448172
2026-04-06 11:10:00+00:00,XPL,198.93923374049655
2026-04-06 11:11:00+00:00,AVAX,12.03182570354358
2026-04-06 11:11:00+00:00,BCH,149.1295766196059
2026-04-06 11:11:00+00:00,BTC,68810.86729073685
2026-04-06 11:11:00+00:00,CC,24.876419095821905
2026-04-06 11:11:00+00:00,ETH,76.72810039781541
2026-04-06 11:11:00+00:00,FARTCOIN,45.57535472121572
2026-04-06 11:11:00+00:00,SOL,76.64732016661708
2026-04-06 11:11:00+00:00,XPL,199.0281552142198
2026-04-06 11:12:00+00:00,AVAX,12.03135788503621
2026-04-06 11:12:00+00:00,BCH,149.081748896406
2026-04-06 11:12:00+00:00,BTC,68776.49023872612
2026-04-06 11:12:00+00:00,CC,24.889411756588334
2026-04-06 11:12:00+00:00,ETH,76.75844151878033
2026-04-06 11:12:00+00:00,FARTCOIN,45.43992293218936
2026-04-06 11:12:00+00:00,SOL,76.49735748639375
2026-04-06 11:12:00+00:00,XPL,199.05738429253972
2026-04-06 11:13:00+00:00,AVAX,12.033598533569528
2026-04-06 11:13:00+00:00,BCH,149.01340711144243
2026-04-06 11:13:00+00:00,BTC,68713.12257666128
2026-04-06 11:13:00+00:00,CC,24.860565415060286
2026-04-06 11:13:00+00:00,ETH,76.71203256932837
2026-04-06 11:13:00+00:00,FARTCOIN,45.47503800484662
2026-04-06 11:13:00+00:00,SOL,76.50123266120184
2026-04-06 11:13:00+00:00,XPL,199.23590336879343
2026-04-06 11:14:00+00:00,AVAX,12.035865582383897
2026-04-06 11:14:00+00:00,BCH,148.90922941554854
2026-04-06 11:14:00+00:00,BTC,68753.33601856447
2026-04-06 11:14:00+00:00,CC,24.886132075907827
2026-04-06 11:14:00+00:00,ETH,76.78400311320969
2026-04-06 11:14:00+00:00,FARTCOIN,45.378197313411775
2026-04-06 11:14:00+00:00,SOL,76.52187973428126
2026-04-06 11:14:00+00:00,XPL,199.52070706426608
2026-04-06 11:15:00+00:00,AVAX,12.046828946559652
2026-04-06 11:15:00+00:00,BCH,149.01447039478018
2026-04-06 11:15:00+00:00,BTC,68770.15138906056
2026-04-06 11:15:00+00:00,CC,24.870036505599103
2026-04-06 11:15:00+00:00,ETH,76.7820509267876
2026-04-06 11:15:00+00:00,FARTCOIN,45.30340403413184
2026-04-06 11:15:00+00:00,SOL,76.5232167115768
2026-04-06 11:15:00+00:00,XPL,199.71817762719826
2026-04-06 11:16:00+00:00,AVAX,12.064459297699187
2026-04-06 11:16:00+00:00,BCH,149.1605911589815
2026-04-06 11:16:00+00:00,BTC,68884.94343255226
2026-04-06 11:16:00+00:00,CC,24.903772694738198
2026-04-06 11:16:00+00:00,ETH,76.89531703006351
2026-04-06 11:16:00+00:00,FARTCOIN,45.2905598630898
2026-04-06 11:16:00+00:00,SOL,76.66004183483683
2026-04-06 11:16:00+00:00,XPL,200.12540227613982
2026-04-06 11:17:00+00:00,AVAX,12.057784108995278
2026-04-06 11:17:00+00:00,BCH,149.2448188166857
2026-04-06 11:17:00+00:00,BTC,68905.20768008611
2026-04-06 11:17:00+00:00,CC,24.90706016623587
2026-04-06 11:17:00+00:00,ETH,76.92198841052932
2026-04-06 11:17:00+00:00,FARTCOIN,45.41132823897761
2026-04-06 11:17:00+00:00,SOL,76.71932994911599
2026-04-06 11:17:00+00:00,XPL,200.28341265543278
2026-04-06 11:18:00+00:00,AVAX,12.057766341684232
2026-04-06 11:18:00+00:00,BCH,149.40290399152886
2026-04-06 11:18:00+00:00,BTC,68923.91055370512
2026-04-06 11:18:00+00:00,CC,24.95391508228798
2026-04-06 11:18:00+00:00,ETH,76.95463115685644
2026-04-06 11:18:00+00:00,FARTCOIN,45.50529879805051
2026-04-06 11:18:00+00:00,SOL,76.67998107162072
2026-04-06 11:18:00+00:00,XPL,200.33458363137098
2026-04-06 11:19:00+00:00,AVAX,12.053319541155961
2026-04-06 11:19:00+00:00,BCH,149.47801359219036
2026-04-06 11:19:00+00:00,BTC,68915.85729621745
2026-04-06 11:19:00+00:00,CC,24.9187984342189
2026-04-06 11:19:00+00:00,ETH,77.00050699302889
2026-04-06 11:19:00+00:00,FARTCOIN,45.5428295353461
2026-04-06 11:19:00+00:00,SOL,76.72190817922778
2026-04-06 11:19:00+00:00,XPL,200.62801533937096
2026-04-06 11:20:00+00:00,AVAX,12.051619994913896
2026-04-06 11:20:00+00:00,BCH,149.5976183265218
2026-04-06 11:20:00+00:00,BTC,68955.27072869787
2026-04-06 11:20:00+00:00,CC,24.87754059557615
2026-04-06 11:20:00+00:00,ETH,77.07643708753032
2026-04-06 11:20:00+00:00,FARTCOIN,45.56752952918343
2026-04-06 11:20:00+00:00,SOL,76.76703508802413
2026-04-06 11:20:00+00:00,XPL,200.62907330450633
2026-04-06 11:21:00+00:00,AVAX,12.060753283212355
2026-04-06 11:21:00+00:00,BCH,149.73977980676668
2026-04-06 11:21:00+00:00,BTC,68985.4493741914
2026-04-06 11:21:00+00:00,CC,24.861326999450256
2026-04-06 11:21:00+00:00,ETH,77.10817760875156
2026-04-06 11:21:00+00:00,FARTCOIN,45.46979096934581
2026-04-06 11:21:00+00:00,SOL,76.70882755744587
2026-04-06 11:21:00+00:00,XPL,200.65463663132527
2026-04-06 11:22:00+00:00,AVAX,12.072288368834682
2026-04-06 11:22:00+00:00,BCH,149.94421615486914
2026-04-06 11:22:00+00:00,BTC,69045.92143190409
2026-04-06 11:22:00+00:00,CC,24.824403263577267
2026-04-06 11:22:00+00:00,ETH,77.10945476158432
2026-04-06 11:22:00+00:00,FARTCOIN,45.48631547877236
2026-04-06 11:22:00+00:00,SOL,76.75424413460308
2026-04-06 11:22:00+00:00,XPL,201.10483480874188
2026-04-06 11:23:00+00:00,AVAX,12.051279498248489
2026-04-06 11:23:00+00:00,BCH,150.0996034206433
2026-04-06 11:23:00+00:00,BTC,69020.72937390607
2026-04-06 11:23:00+00:00,CC,24.78143799138273
2026-04-06 11:23:00+00:00,ETH,77.09023508070831
2026-04-06 11:23:00+00:00,FARTCOIN,45.45302935969053
2026-04-06 11:23:00+00:00,SOL,76.82588649416807
2026-04-06 11:23:00+00:00,XPL,201.48192236426914
2026-04-06 11:24:00+00:00,AVAX,12.030263049632026
2026-04-06 11:24:00+00:00,BCH,150.05612390143895
2026-04-06 11:24:00+00:00,BTC,68999.6960804373
2026-04-06 11:24:00+00:00,CC,24.798416707807032
2026-04-06 11:24:00+00:00,ETH,77.06832271731054
2026-04-06 11:24:00+00:00,FARTCOIN,45.40573918090977
2026-04-06 11:24:00+00:00,SOL,76.92196873398079
2026-04-06 11:24:00+00:00,XPL,201.46766439317182
2026-04-06 11:25:00+00:00,AVAX,12.031431841903087
2026-04-06 11:25:00+00:00,BCH,150.03549183876686
2026-04-06 11:25:00+00:00,BTC,68976.55937912871
2026-04-06 11:25:00+00:00,CC,24.796629079278556
2026-04-06 11:25:00+00:00,ETH,77.05975296782714
2026-04-06 11:25:00+00:00,FARTCOIN,45.41112867450762
2026-04-06 11:25:00+00:00,SOL,76.94970773667103
2026-04-06 11:25:00+00:00,XPL,201.34453752905705
2026-04-06 11:26:00+00:00,AVAX,12.02826521572863
2026-04-06 11:26:00+00:00,BCH,150.2320750578355
2026-04-06 11:26:00+00:00,BTC,69014.75269663746
2026-04-06 11:26:00+00:00,CC,24.7851036834597
2026-04-06 11:26:00+00:00,ETH,77.24927520554299
2026-04-06 11:26:00+00:00,FARTCOIN,45.39048856967268
2026-04-06 11:26:00+00:00,SOL,76.90349161278955
2026-04-06 11:26:00+00:00,XPL,201.720702174372
2026-04-06 11:27:00+00:00,AVAX,12.042266679467783
2026-04-06 11:27:00+00:00,BCH,150.2997223514988
2026-04-06 11:27:00+00:00,BTC,69087.17763089327
2026-04-06 11:27:00+00:00,CC,24.778794628087248
2026-04-06 11:27:00+00:00,ETH,77.28173732557799
2026-04-06 11:27:00+00:00,FARTCOIN,45.447395402453196
2026-04-06 11:27:00+00:00,SOL,77.0060784057649
2026-04-06 11:27:00+00:00,XPL,201.95690894480902
2026-04-06 11:28:00+00:00,AVAX,12.047443899384573
2026-04-06 11:28:00+00:00,BCH,150.07823107525414
2026-04-06 11:28:00+00:00,BTC,69064.99119783775
2026-04-06 11:28:00+00:00,CC,24.759451854354648
2026-04-06 11:28:00+00:00,ETH,77.29001078022601
2026-04-06 11:28:00+00:00,FARTCOIN,45.339024458510956
2026-04-06 11:28:00+00:00,SOL,77.0440336351636
2026-04-06 11:28:00+00:00,XPL,202.0204262675741
2026-04-06 11:29:00+00:00,AVAX,12.030630207989008
2026-04-06 11:29:00+00:00,BCH,150.10692379126056
2026-04-06 11:29:00+00:00,BTC,69044.45835498354
2026-04-06 11:29:00+00:00,CC,24.80705984667883
2026-04-06 11:29:00+00:00,ETH,77.34481919855901
2026-04-06 11:29:00+00:00,FARTCOIN,45.34040937761647
2026-04-06 11:29:00+00:00,SOL,77.07488799757813
2026-04-06 11:29:00+00:00,XPL,201.9304026812441
2026-04-06 11:30:00+00:00,AVAX,12.017601988317427
2026-04-06 11:30:00+00:00,BCH,150.1071421417614
2026-04-06 11:30:00+00:00,BTC,69059.63972802821
2026-04-06 11:30:00+00:00,CC,24.786264473392333
2026-04-06 11:30:00+00:00,ETH,77.3660979578013
2026-04-06 11:30:00+00:00,FARTCOIN,45.29459584001199
2026-04-06 11:30:00+00:00,SOL,77.1437724417055
2026-04-06 11:30:00+00:00,XPL,202.01967700180467
2026-04-06 11:31:00+00:00,AVAX,12.033966196824792
2026-04-06 11:31:00+00:00,BCH,149.9221736774919
2026-04-06 11:31:00+00:00,BTC,69047.76020943747
2026-04-06 11:31:00+00:00,CC,24.746119295297103
2026-04-06 11:31:00+00:00,ETH,77.51771619304685
2026-04-06 11:31:00+00:00,FARTCOIN,45.270778523484296
2026-04-06 11:31:00+00:00,SOL,77.15771425056724
2026-04-06 11:31:00+00:00,XPL,202.00746391548526
2026-04-06 11:32:00+00:00,AVAX,12.044595504172126
2026-04-06 11:32:00+00:00,BCH,150.07471603183416
2026-04-06 11:32:00+00:00,BTC,69093.79156689046
2026-04-06 11:32:00+00:00,CC,24.77307130683141
2026-04-06 11:32:00+00:00,ETH,77.5352555185231
2026-04-06 11:32:00+00:00,FARTCOIN,45.2933669966367
2026-04-06 11:32:00+00:00,SOL,77.1964031724717
2026-04-06 11:32:00+00:00,XPL,201.87339197397023
2026-04-06 11:33:00+00:00,AVAX,12.023931185887681
2026-04-06 11:33:00+00:00,BCH,150.06694419754308
2026-04-06 11:33:00+00:00,BTC,68984.9686736025
2026-04-06 11:33:00+00:00,CC,24.75885179248399
2026-04-06 11:33:00+00:00,ETH,77.45403128329927
2026-04-06 11:33:00+00:00,FARTCOIN,45.218422425938705
2026-04-06 11:33:00+00:00,SOL,77.05084485131863
2026-04-06 11:33:00+00:00,XPL,201.84101447703128
2026-04-06 11:34:00+00:00,AVAX,12.0079207370099
2026-04-06 11:34:00+00:00,BCH,149.7733020736757
2026-04-06 11:34:00+00:00,BTC,68945.05906719713
2026-04-06 11:34:00+00:00,CC,24.816626774232407
2026-04-06 11:34:00+00:00,ETH,77.36030555940533
2026-04-06 11:34:00+00:00,FARTCOIN,45.222100635706184
2026-04-06 11:34:00+00:00,SOL,76.88151689959781
2026-04-06 11:34:00+00:00,XPL,201.88194595915056
2026-04-06 11:35:00+00:00,AVAX,11.996819331882074
2026-04-06 11:35:00+00:00,BCH,149.84139771902647
2026-04-06 11:35:00+00:00,BTC,68907.30878764107
2026-04-06 11:35:00+00:00,CC,24.79824483593102
2026-04-06 11:35:00+00:00,ETH,77.29984040664041
2026-04-06 11:35:00+00:00,FARTCOIN,45.20562722983399
2026-04-06 11:35:00+00:00,SOL,76.86922759272554
2026-04-06 11:35:00+00:00,XPL,201.76892122330628
2026-04-06 11:36:00+00:00,AVAX,11.967437646658842
2026-04-06 11:36:00+00:00,BCH,149.29338750498022
2026-04-06 11:36:00+00:00,BTC,68795.47699181017
2026-04-06 11:36:00+00:00,CC,24.815369747651225
2026-04-06 11:36:00+00:00,ETH,77.21048930952985
2026-04-06 11:36:00+00:00,FARTCOIN,45.155135715440736
2026-04-06 11:36:00+00:00,SOL,76.77602913644395
2026-04-06 11:36:00+00:00,XPL,201.92227158807995
2026-04-06 11:37:00+00:00,AVAX,11.970091194517419
2026-04-06 11:37:00+00:00,BCH,149.15406883397782
2026-04-06 11:37:00+00:00,BTC,68749.08686322856
2026-04-06 11:37:00+00:00,CC,24.84426488349761
2026-04-06 11:37:00+00:00,ETH,77.22503009173997
2026-04-06 11:37:00+00:00,FARTCOIN,45.12355639429111
2026-04-06 11:37:00+00:00,SOL,76.77053626788073
2026-04-06 11:37:00+00:00,XPL,202.2075244332363
2026-04-06 11:38:00+00:00,AVAX,11.95521451399224
2026-04-06 11:38:00+00:00,BCH,149.32001241173603
2026-04-06 11:38:00+00:00,BTC,68705.05966373932
2026-04-06 11:38:00+00:00,CC,24.825546198809295
2026-04-06 11:38:00+00:00,ETH,77.20516013542841
2026-04-06 11:38:00+00:00,FARTCOIN,45.10940858169397
2026-04-06 11:38:00+00:00,SOL,76.63643504481135
2026-04-06 11:38:00+00:00,XPL,202.4170704642505
2026-04-06 11:39:00+00:00,AVAX,11.965554551150882
2026-04-06 11:39:00+00:00,BCH,149.25803523664774
2026-04-06 11:39:00+00:00,BTC,68695.38850937408
2026-04-06 11:39:00+00:00,CC,24.802725642769374
2026-04-06 11:39:00+00:00,ETH,77.28345079288754
2026-04-06 11:39:00+00:00,FARTCOIN,45.06659489111515
2026-04-06 11:39:00+00:00,SOL,76.67176167955799
2026-04-06 11:39:00+00:00,XPL,202.3442837052828
2026-04-06 11:40:00+00:00,AVAX,11.969164489298883
2026-04-06 11:40:00+00:00,BCH,149.36899895467886
2026-04-06 11:40:00+00:00,BTC,68748.92829947983
2026-04-06 11:40:00+00:00,CC,24.828669336962975
2026-04-06 11:40:00+00:00,ETH,77.32803656437503
2026-04-06 11:40:00+00:00,FARTCOIN,45.074001229865054
2026-04-06 11:40:00+00:00,SOL,76.8645498539714
2026-04-06 11:40:00+00:00,XPL,202.55944973747773
2026-04-06 11:41:00+00:00,AVAX,11.956187065835376
2026-04-06 11:41:00+00:00,BCH,149.4497948471476
2026-04-06 11:41:00+00:00,BTC,68737.13595095654
2026-04-06 11:41:00+00:00,CC,24.84495140074809
2026-04-06 11:41:00+00:00,ETH,77.29365158022084
2026-04-06 11:41:00+00:00,FARTCOIN,45.0574116225016
2026-04-06 11:41:00+00:00,SOL,76.85876939832471
2026-04-06 11:41:00+00:00,XPL,202.57145076520803
2026-04-06 11:42:00+00:00,AVAX,11.944272620833575
2026-04-06 11:42:00+00:00,BCH,149.12760602177133
2026-04-06 11:42:00+00:00,BTC,68687.5552131032
2026-04-06 11:42:00+00:00,CC,24.799351978064653
2026-04-06 11:42:00+00:00,ETH,77.43447366455287
2026-04-06 11:42:00+00:00,FARTCOIN,45.017875196222725
2026-04-06 11:42:00+00:00,SOL,76.80738090786306
2026-04-06 11:42:00+00:00,XPL,202.2420926980062
2026-04-06 11:43:00+00:00,AVAX,11.915692714066966
2026-04-06 11:43:00+00:00,BCH,149.13222865680794
2026-04-06 11:43:00+00:00,BTC,68684.81681995497
2026-04-06 11:43:00+00:00,CC,24.765595864788644
2026-04-06 11:43:00+00:00,ETH,77.459328383268
2026-04-06 11:43:00+00:00,FARTCOIN,45.10348311800508
2026-04-06 11:43:00+00:00,SOL,76.82614064912676
2026-04-06 11:43:00+00:00,XPL,202.40380975175538
2026-04-06 11:44:00+00:00,AVAX,11.921837630997222
2026-04-06 11:44:00+00:00,BCH,149.233978999201
2026-04-06 11:44:00+00:00,BTC,68735.27895652743
2026-04-06 11:44:00+00:00,CC,24.693957913285487
2026-04-06 11:44:00+00:00,ETH,77.45752553167097
2026-04-06 11:44:00+00:00,FARTCOIN,45.1325920211889
2026-04-06 11:44:00+00:00,SOL,77.01485435136802
2026-04-06 11:44:00+00:00,XPL,202.46904332605448
2026-04-06 11:45:00+00:00,AVAX,11.91309256251879
2026-04-06 11:45:00+00:00,BCH,149.39753847654785
2026-04-06 11:45:00+00:00,BTC,68688.33703200491
2026-04-06 11:45:00+00:00,CC,24.708230946048445
2026-04-06 11:45:00+00:00,ETH,77.36420419998328
2026-04-06 11:45:00+00:00,FARTCOIN,45.1057060213005
2026-04-06 11:45:00+00:00,SOL,76.89926652435014
2026-04-06 11:45:00+00:00,XPL,203.07241219677132
2026-04-06 11:46:00+00:00,AVAX,11.915481096033043
2026-04-06 11:46:00+00:00,BCH,149.1506453343399
2026-04-06 11:46:00+00:00,BTC,68644.56887028908
2026-04-06 11:46:00+00:00,CC,24.69732039433376
2026-04-06 11:46:00+00:00,ETH,77.25672690046595
2026-04-06 11:46:00+00:00,FARTCOIN,45.10785094032979
2026-04-06 11:46:00+00:00,SOL,76.87167188259266
2026-04-06 11:46:00+00:00,XPL,203.4019092642355
2026-04-06 11:47:00+00:00,AVAX,11.899223540288087
2026-04-06 11:47:00+00:00,BCH,149.1489974146489
2026-04-06 11:47:00+00:00,BTC,68671.41306452759
2026-04-06 11:47:00+00:00,CC,24.694446197277536
2026-04-06 11:47:00+00:00,ETH,77.34757617024434
2026-04-06 11:47:00+00:00,FARTCOIN,45.05582707598388
2026-04-06 11:47:00+00:00,SOL,76.84190101866031
2026-04-06 11:47:00+00:00,XPL,203.59148210047232
2026-04-06 11:48:00+00:00,AVAX,11.910102803301275
2026-04-06 11:48:00+00:00,BCH,149.00479024797147
2026-04-06 11:48:00+00:00,BTC,68660.7646515233
2026-04-06 11:48:00+00:00,CC,24.643609566054128
2026-04-06 11:48:00+00:00,ETH,77.31202352068031
2026-04-06 11:48:00+00:00,FARTCOIN,45.03082168119274
2026-04-06 11:48:00+00:00,SOL,76.79395754957412
2026-04-06 11:48:00+00:00,XPL,203.64604980065624
2026-04-06 11:49:00+00:00,AVAX,11.92349481407338
2026-04-06 11:49:00+00:00,BCH,148.92349794955194
2026-04-06 11:49:00+00:00,BTC,68691.89146071179
2026-04-06 11:49:00+00:00,CC,24.613388555173884
2026-04-06 11:49:00+00:00,ETH,77.35067988650658
2026-04-06 11:49:00+00:00,FARTCOIN,45.01760954656251
2026-04-06 11:49:00+00:00,SOL,76.82011972518258
2026-04-06 11:49:00+00:00,XPL,203.70452794176563
2026-04-06 11:50:00+00:00,AVAX,11.936841322741687
2026-04-06 11:50:00+00:00,BCH,149.07347126095345
2026-04-06 11:50:00+00:00,BTC,68691.23526708747
2026-04-06 11:50:00+00:00,CC,24.599228578578956
2026-04-06 11:50:00+00:00,ETH,77.34563078084234
2026-04-06 11:50:00+00:00,FARTCOIN,44.95022080932253
2026-04-06 11:50:00+00:00,SOL,76.9127030832676
2026-04-06 11:50:00+00:00,XPL,203.45893962352847
2026-04-06 11:51:00+00:00,AVAX,11.941259256408411
2026-04-06 11:51:00+00:00,BCH,149.13929818334927
2026-04-06 11:51:00+00:00,BTC,68724.9822539814
2026-04-06 11:51:00+00:00,CC,24.581804776677714
2026-04-06 11:51:00+00:00,ETH,77.42888654238206
2026-04-06 11:51:00+00:00,FARTCOIN,44.97553750704999
2026-04-06 11:51:00+00:00,SOL,77.06964040223757
2026-04-06 11:51:00+00:00,XPL,203.05475299686947
2026-04-06 11:52:00+00:00,AVAX,11.94480198530638
2026-04-06 11:52:00+00:00,BCH,148.97296915082137
2026-04-06 11:52:00+00:00,BTC,68675.20528171492
2026-04-06 11:52:00+00:00,CC,24.58171855257585
2026-04-06 11:52:00+00:00,ETH,77.32226756673762
2026-04-06 11:52:00+00:00,FARTCOIN,44.94174451790639
2026-04-06 11:52:00+00:00,SOL,77.05326148812519
2026-04-06 11:52:00+00:00,XPL,202.81285960822385
2026-04-06 11:53:00+00:00,AVAX,11.928910331697475
2026-04-06 11:53:00+00:00,BCH,148.9024841230516
2026-04-06 11:53:00+00:00,BTC,68674.62434306052
2026-04-06 11:53:00+00:00,CC,24.598894140713337
2026-04-06 11:53:00+00:00,ETH,77.24689922773238
2026-04-06 11:53:00+00:00,FARTCOIN,44.922502253144216
2026-04-06 11:53:00+00:00,SOL,77.02659599544958
2026-04-06 11:53:00+00:00,XPL,202.80090368159154
2026-04-06 11:54:00+00:00,AVAX,11.935071799955761
2026-04-06 11:54:00+00:00,BCH,148.80836806095667
2026-04-06 11:54:00+00:00,BTC,68664.49674959041
2026-04-06 11:54:00+00:00,CC,24.66525385579902
2026-04-06 11:54:00+00:00,ETH,77.25280938371698
2026-04-06 11:54:00+00:00,FARTCOIN,44.890530591619964
2026-04-06 11:54:00+00:00,SOL,77.18991927581561
2026-04-06 11:54:00+00:00,XPL,202.2831773953169
2026-04-06 11:55:00+00:00,AVAX,11.918165801723934
2026-04-06 11:55:00+00:00,BCH,148.63735493928567
2026-04-06 11:55:00+00:00,BTC,68606.07963632596
2026-04-06 11:55:00+00:00,CC,24.660463214778368
2026-04-06 11:55:00+00:00,ETH,77.23870494626877
2026-04-06 11:55:00+00:00,FARTCOIN,45.04254810602116
2026-04-06 11:55:00+00:00,SOL,77.10442061462257
2026-04-06 11:55:00+00:00,XPL,202.11668378192135
2026-04-06 11:56:00+00:00,AVAX,11.88939995504428
2026-04-06 11:56:00+00:00,BCH,148.33025042614722
2026-04-06 11:56:00+00:00,BTC,68531.03584425562
2026-04-06 11:56:00+00:00,CC,24.68808843939478
2026-04-06 11:56:00+00:00,ETH,77.18998344589338
2026-04-06 11:56:00+00:00,FARTCOIN,44.99689698159759
2026-04-06 11:56:00+00:00,SOL,76.99313972012901
2026-04-06 11:56:00+00:00,XPL,202.0124139199772
2026-04-06 11:57:00+00:00,AVAX,11.882224421620991
2026-04-06 11:57:00+00:00,BCH,148.3562348348396
2026-04-06 11:57:00+00:00,BTC,68563.94030529624
2026-04-06 11:57:00+00:00,CC,24.665880081249888
2026-04-06 11:57:00+00:00,ETH,77.16524897092316
2026-04-06 11:57:00+00:00,FARTCOIN,44.88964407554483
2026-04-06 11:57:00+00:00,SOL,76.90161636001689
2026-04-06 11:57:00+00:00,XPL,201.97958815606142
2026-04-06 11:58:00+00:00,AVAX,11.879802611960768
2026-04-06 11:58:00+00:00,BCH,148.2773150817881
2026-04-06 11:58:00+00:00,BTC,68547.09849938702
2026-04-06 11:58:00+00:00,CC,24.61514358729486
2026-04-06 11:58:00+00:00,ETH,77.19619224112373
2026-04-06 11:58:00+00:00,FARTCOIN,44.80134101080585
2026-04-06 11:58:00+00:00,SOL,76.98222576768923
2026-04-06 11:58:00+00:00,XPL,201.8093504162501
2026-04-06 11:59:00+00:00,AVAX,11.863774203547067
2026-04-06 11:59:00+00:00,BCH,148.08612011995848
2026-04-06 11:59:00+00:00,BTC,68498.06400291705
2026-04-06 11:59:00+00:00,CC,24.601218280328812
2026-04-06 11:59:00+00:00,ETH,77.09761921509185
2026-04-06 11:59:00+00:00,FARTCOIN,44.835763625178146
2026-04-06 11:59:00+00:00,SOL,77.00248740454656
2026-04-06 11:59:00+00:00,XPL,201.69779364297239
2026-04-06 12:00:00+00:00,AVAX,11.8268315732323
2026-04-06 12:00:00+00:00,BCH,147.59563113852715
2026-04-06 12:00:00+00:00,BTC,68220.0259161892
2026-04-06 12:00:00+00:00,CC,24.534130609046812
2026-04-06 12:00:00+00:00,ETH,76.79548041531469
2026-04-06 12:00:00+00:00,FARTCOIN,44.87121035534708
2026-04-06 12:00:00+00:00,SOL,76.90389487527179
2026-04-06 12:00:00+00:00,XPL,201.95112519344983
2026-04-06 12:01:00+00:00,AVAX,11.7754230811824
2026-04-06 12:01:00+00:00,BCH,147.22519953674328
2026-04-06 12:01:00+00:00,BTC,68001.36442728525
2026-04-06 12:01:00+00:00,CC,24.51881457401245
2026-04-06 12:01:00+00:00,ETH,76.52116756169356
2026-04-06 12:01:00+00:00,FARTCOIN,44.80573570462031
2026-04-06 12:01:00+00:00,SOL,76.59847163526314
2026-04-06 12:01:00+00:00,XPL,201.98192447804792
2026-04-06 12:02:00+00:00,AVAX,11.697125676079992
2026-04-06 12:02:00+00:00,BCH,146.4531178604671
2026-04-06 12:02:00+00:00,BTC,67621.85662119988
2026-04-06 12:02:00+00:00,CC,24.468459391076117
2026-04-06 12:02:00+00:00,ETH,76.24725434177309
2026-04-06 12:02:00+00:00,FARTCOIN,44.82435350090016
2026-04-06 12:02:00+00:00,SOL,76.33506793856677
2026-04-06 12:02:00+00:00,XPL,201.6203646823225
2026-04-06 12:03:00+00:00,AVAX,11.66144138936751
2026-04-06 12:03:00+00:00,BCH,145.80719136962813
2026-04-06 12:03:00+00:00,BTC,67281.38536615005
2026-04-06 12:03:00+00:00,CC,24.386513676117087
2026-04-06 12:03:00+00:00,ETH,75.96410951898393
2026-04-06 12:03:00+00:00,FARTCOIN,44.81899186891774
2026-04-06 12:03:00+00:00,SOL,76.01305186900315
2026-04-06 12:03:00+00:00,XPL,201.40040669502912
2026-04-06 12:04:00+00:00,AVAX,11.624931910149991
2026-04-06 12:04:00+00:00,BCH,145.51494349958443
2026-04-06 12:04:00+00:00,BTC,66969.51969796959
2026-04-06 12:04:00+00:00,CC,24.414672593670378
2026-04-06 12:04:00+00:00,ETH,75.7059201028118
2026-04-06 12:04:00+00:00,FARTCOIN,44.767185072825576
2026-04-06 12:04:00+00:00,SOL,75.76840865568869
2026-04-06 12:04:00+00:00,XPL,201.20651522142703
2026-04-06 12:05:00+00:00,AVAX,11.584605776733103
2026-04-06 12:05:00+00:00,BCH,145.4244310060109
2026-04-06 12:05:00+00:00,BTC,66770.43623219288
2026-04-06 12:05:00+00:00,CC,24.38440474988269
2026-04-06 12:05:00+00:00,ETH,75.59939298717289
2026-04-06 12:05:00+00:00,FARTCOIN,44.7265562371313
2026-04-06 12:05:00+00:00,SOL,75.4649141819686
2026-04-06 12:05:00+00:00,XPL,200.9015200588475
2026-04-06 12:06:00+00:00,AVAX,11.547195205350508
2026-04-06 12:06:00+00:00,BCH,144.81774709388225
2026-04-06 12:06:00+00:00,BTC,66517.04443358524
2026-04-06 12:06:00+00:00,CC,24.318033571042992
2026-04-06 12:06:00+00:00,ETH,75.54645593762896
2026-04-06 12:06:00+00:00,FARTCOIN,44.702258717083076
2026-04-06 12:06:00+00:00,SOL,75.32086953880695
2026-04-06 12:06:00+00:00,XPL,200.5636081278484
2026-04-06 12:07:00+00:00,AVAX,11.523825539529884
2026-04-06 12:07:00+00:00,BCH,144.27332434153294
2026-04-06 12:07:00+00:00,BTC,66287.10238873171
2026-04-06 12:07:00+00:00,CC,24.32740342545021
2026-04-06 12:07:00+00:00,ETH,75.20863321263192
2026-04-06 12:07:00+00:00,FARTCOIN,44.718371035686275
2026-04-06 12:07:00+00:00,SOL,75.15267170149033
2026-04-06 12:07:00+00:00,XPL,200.66793900814628
2026-04-06 12:08:00+00:00,AVAX,11.481253364529094
2026-04-06 12:08:00+00:00,BCH,143.5491847717248
2026-04-06 12:08:00+00:00,BTC,65969.81121278807
2026-04-06 12:08:00+00:00,CC,24.282828832910184
2026-04-06 12:08:00+00:00,ETH,74.85276816814904
2026-04-06 12:08:00+00:00,FARTCOIN,44.69678313083337
2026-04-06 12:08:00+00:00,SOL,74.84417251863044
2026-04-06 12:08:00+00:00,XPL,200.374503567816
2026-04-06 12:09:00+00:00,AVAX,11.436189444712987
2026-04-06 12:09:00+00:00,BCH,143.10275693881374
2026-04-06 12:09:00+00:00,BTC,65654.9866782044
2026-04-06 12:09:00+00:00,CC,24.291364878323513
2026-04-06 12:09:00+00:00,ETH,74.50769522295896
2026-04-06 12:09:00+00:00,FARTCOIN,44.61778865581163
2026-04-06 12:09:00+00:00,SOL,74.58375558497346
2026-04-06 12:09:00+00:00,XPL,199.92009520140644
2026-04-06 12:10:00+00:00,AVAX,11.411651875984145
2026-04-06 12:10:00+00:00,BCH,142.60388119819504
2026-04-06 12:10:00+00:00,BTC,65413.39316853909
2026-04-06 12:10:00+00:00,CC,24.252108283015097
2026-04-06 12:10:00+00:00,ETH,74.2177339127047
2026-04-06 12:10:00+00:00,FARTCOIN,44.57558438237948
2026-04-06 12:10:00+00:00,SOL,74.29920362804931
2026-04-06 12:10:00+00:00,XPL,199.76240557634878
2026-04-06 12:11:00+00:00,AVAX,11.365835386578667
2026-04-06 12:11:00+00:00,BCH,142.15543974925913
2026-04-06 12:11:00+00:00,BTC,65154.91995331399
2026-04-06 12:11:00+00:00,CC,24.21718812831329
2026-04-06 12:11:00+00:00,ETH,73.8966851779513
2026-04-06 12:11:00+00:00,FARTCOIN,44.646322821424505
2026-04-06 12:11:00+00:00,SOL,74.01097629280217
2026-04-06 12:11:00+00:00,XPL,199.63255630987408
2026-04-06 12:12:00+00:00,AVAX,11.331274073055763
2026-04-06 12:12:00+00:00,BCH,141.97413245990964
2026-04-06 12:12:00+00:00,BTC,64919.752821796195
2026-04-06 12:12:00+00:00,CC,24.209697009492576
2026-04-06 12:12:00+00:00,ETH,73.65004716333566
2026-04-06 12:12:00+00:00,FARTCOIN,44.627498543346476
2026-04-06 12:12:00+00:00,SOL,73.75308389939431
2026-04-06 12:12:00+00:00,XPL,199.01655987354852
2026-04-06 12:13:00+00:00,AVAX,11.291370845322867
2026-04-06 12:13:00+00:00,BCH,141.47510888609273
2026-04-06 12:13:00+00:00,BTC,64652.09859245296
2026-04-06 12:13:00+00:00,CC,24.206927319993543
2026-04-06 12:13:00+00:00,ETH,73.31155055667374
2026-04-06 12:13:00+00:00,FARTCOIN,44.63718003741597
2026-04-06 12:13:00+00:00,SOL,73.37209532228343
2026-04-06 12:13:00+00:00,XPL,198.84246283012635
2026-04-06 12:14:00+00:00,AVAX,11.252145275904928
2026-04-06 12:14:00+00:00,BCH,141.10790932612204
2026-04-06 12:14:00+00:00,BTC,64406.54549884679
2026-04-06 12:14:00+00:00,CC,24.210827869026115
2026-04-06 12:14:00+00:00,ETH,73.0968452612964
2026-04-06 12:14:00+00:00,FARTCOIN,44.632127488633955
2026-04-06 12:14:00+00:00,SOL,73.19190070782616
2026-04-06 12:14:00+00:00,XPL,198.898249155078
2026-04-06 12:15:00+00:00,AVAX,11.211074198976673
2026-04-06 12:15:00+00:00,BCH,140.70807746058125
2026-04-06 12:15:00+00:00,BTC,64156.53455070225
2026-04-06 12:15:00+00:00,CC,24.18939739547577
2026-04-06 12:15:00+00:00,ETH,72.85898194224801
2026-04-06 12:15:00+00:00,FARTCOIN,44.612054953614184
2026-04-06 12:15:00+00:00,SOL,73.02861012480489
2026-04-06 12:15:00+00:00,XPL,198.8512375394428
2026-04-06 12:16:00+00:00,AVAX,11.178926132545817
2026-04-06 12:16:00+00:00,BCH,140.22113996170717
2026-04-06 12:16:00+00:00,BTC,63935.22021777423
2026-04-06 12:16:00+00:00,CC,24.18802414190218
2026-04-06 12:16:00+00:00,ETH,72.67674928205994
2026-04-06 12:16:00+00:00,FARTCOIN,44.587049150128315
2026-04-06 12:16:00+00:00,SOL,72.76847645873704
2026-04-06 12:16:00+00:00,XPL,199.24627784929305
2026-04-06 12:17:00+00:00,AVAX,11.146678344971557
2026-04-06 12:17:00+00:00,BCH,139.94565421115968
2026-04-06 12:17:00+00:00,BTC,63715.973495622056
2026-04-06 12:17:00+00:00,CC,24.19304937483728
2026-04-06 12:17:00+00:00,ETH,72.49797581067327
2026-04-06 12:17:00+00:00,FARTCOIN,44.604434795896545
2026-04-06 12:17:00+00:00,SOL,72.57905621971065
2026-04-06 12:17:00+00:00,XPL,199.40859267007227
2026-04-06 12:18:00+00:00,AVAX,11.087675082897592
2026-04-06 12:18:00+00:00,BCH,139.22977257553563
2026-04-06 12:18:00+00:00,BTC,63389.69964389056
2026-04-06 12:18:00+00:00,CC,24.174038713295598
2026-04-06 12:18:00+00:00,ETH,72.221481110183
2026-04-06 12:18:00+00:00,FARTCOIN,44.59710192128699
2026-04-06 12:18:00+00:00,SOL,72.24575624152087
2026-04-06 12:18:00+00:00,XPL,199.55060992216798
2026-04-06 12:19:00+00:00,AVAX,11.043241700688903
2026-04-06 12:19:00+00:00,BCH,138.73898685979844
2026-04-06 12:19:00+00:00,BTC,63037.40586414465
2026-04-06 12:19:00+00:00,CC,24.142975531946664
2026-04-06 12:19:00+00:00,ETH,71.85601543255427
2026-04-06 12:19:00+00:00,FARTCOIN,44.56153006196789
2026-04-06 12:19:00+00:00,SOL,71.92557543565363
2026-04-06 12:19:00+00:00,XPL,199.99920139265888
2026-04-06 12:20:00+00:00,AVAX,11.0401201272453
2026-04-06 12:20:00+00:00,BCH,138.74832883696547
2026-04-06 12:20:00+00:00,BTC,63081.62456773474
2026-04-06 12:20:00+00:00,CC,24.10451964290246
2026-04-06 12:20:00+00:00,ETH,72.03624525650255
2026-04-06 12:20:00+00:00,FARTCOIN,44.53069209681451
2026-04-06 12:20:00+00:00,SOL,71.92782091484911
2026-04-06 12:20:00+00:00,XPL,200.2093172229094
2026-04-06 12:21:00+00:00,AVAX,11.04575518725696
2026-04-06 12:21:00+00:00,BCH,138.78670159075256
2026-04-06 12:21:00+00:00,BTC,63134.09291589917
2026-04-06 12:21:00+00:00,CC,24.125868593795513
2026-04-06 12:21:00+00:00,ETH,72.10238213930626
2026-04-06 12:21:00+00:00,FARTCOIN,44.558708577808375
2026-04-06 12:21:00+00:00,SOL,71.92146376831192
2026-04-06 12:21:00+00:00,XPL,200.28179925830904
2026-04-06 12:22:00+00:00,AVAX,11.036116195721343
2026-04-06 12:22:00+00:00,BCH,138.56663428217084
2026-04-06 12:22:00+00:00,BTC,63089.00374849956
2026-04-06 12:22:00+00:00,CC,24.1236423907017
2026-04-06 12:22:00+00:00,ETH,71.93792368932256
2026-04-06 12:22:00+00:00,FARTCOIN,44.54875987395293
2026-04-06 12:22:00+00:00,SOL,71.9458922077991
2026-04-06 12:22:00+00:00,XPL,200.4873138678172
2026-04-06 12:23:00+00:00,AVAX,11.027463865992914
2026-04-06 12:23:00+00:00,BCH,138.2982919602589
2026-04-06 12:23:00+00:00,BTC,63006.92257615295
2026-04-06 12:23:00+00:00,CC,24.105394550102236
2026-04-06 12:23:00+00:00,ETH,71.79356412633639
2026-04-06 12:23:00+00:00,FARTCOIN,44.52069034794998
2026-04-06 12:23:00+00:00,SOL,71.86218975902746
2026-04-06 12:23:00+00:00,XPL,200.3006547650168
2026-04-06 12:24:00+00:00,AVAX,11.007100983135741
2026-04-06 12:24:00+00:00,BCH,138.25332989769413
2026-04-06 12:24:00+00:00,BTC,63011.29064306763
2026-04-06 12:24:00+00:00,CC,24.14271890957766
2026-04-06 12:24:00+00:00,ETH,71.68541493142294
2026-04-06 12:24:00+00:00,FARTCOIN,44.66465302782063
2026-04-06 12:24:00+00:00,SOL,71.9973330650914
2026-04-06 12:24:00+00:00,XPL,200.32931752751696
2026-04-06 12:25:00+00:00,AVAX,11.02203307225527
2026-04-06 12:25:00+00:00,BCH,138.02755804711617
2026-04-06 12:25:00+00:00,BTC,63052.361344792815
2026-04-06 12:25:00+00:00,CC,24.10452921821115
2026-04-06 12:25:00+00:00,ETH,71.72624780960552
2026-04-06 12:25:00+00:00,FARTCOIN,44.58804994103862
2026-04-06 12:25:00+00:00,SOL,72.04022224177236
2026-04-06 12:25:00+00:00,XPL,200.19975522468687
2026-04-06 12:26:00+00:00,AVAX,11.027107433006343
2026-04-06 12:26:00+00:00,BCH,138.14625335077076
2026-04-06 12:26:00+00:00,BTC,63131.75108858257
2026-04-06 12:26:00+00:00,CC,24.15820959168905
2026-04-06 12:26:00+00:00,ETH,71.79513405182352
2026-04-06 12:26:00+00:00,FARTCOIN,44.65060081104172
2026-04-06 12:26:00+00:00,SOL,72.05723283851907
2026-04-06 12:26:00+00:00,XPL,200.34580308141003
2026-04-06 12:27:00+00:00,AVAX,11.042613219158671
2026-04-06 12:27:00+00:00,BCH,138.1255357627567
2026-04-06 12:27:00+00:00,BTC,63154.57155095312
2026-04-06 12:27:00+00:00,CC,24.159310113209223
2026-04-06 12:27:00+00:00,ETH,71.7869221580718
2026-04-06 12:27:00+00:00,FARTCOIN,44.607626393295114
2026-04-06 12:27:00+00:00,SOL,72.15900938528237
2026-04-06 12:27:00+00:00,XPL,200.20360619544465
2026-04-06 12:28:00+00:00,AVAX,11.03542108043299
2026-04-06 12:28:00+00:00,BCH,138.19321154925572
2026-04-06 12:28:00+00:00,BTC,63138.14076260741
2026-04-06 12:28:00+00:00,CC,24.167259386235965
2026-04-06 12:28:00+00:00,ETH,71.90105795578994
2026-04-06 12:28:00+00:00,FARTCOIN,44.612328028367585
2026-04-06 12:28:00+00:00,SOL,72.18402033064034
2026-04-06 12:28:00+00:00,XPL,200.02823371221973
2026-04-06 12:29:00+00:00,AVAX,11.029073435023601
2026-04-06 12:29:00+00:00,BCH,138.17238324859866
2026-04-06 12:29:00+00:00,BTC,63098.6796744264
2026-04-06 12:29:00+00:00,CC,24.152785329291625
2026-04-06 12:29:00+00:00,ETH,71.89837407361568
2026-04-06 12:29:00+00:00,FARTCOIN,44.74445385141568
2026-04-06 12:29:00+00:00,SOL,72.19288311312442
2026-04-06 12:29:00+00:00,XPL,200.1024839009004
2026-04-06 12:30:00+00:00,AVAX,11.048161639022029
2026-04-06 12:30:00+00:00,BCH,138.08535375318476
2026-04-06 12:30:00+00:00,BTC,63099.185469423086
2026-04-06 12:30:00+00:00,CC,24.104554925110868
2026-04-06 12:30:00+00:00,ETH,71.94586439421809
2026-04-06 12:30:00+00:00,FARTCOIN,44.6928825175424
2026-04-06 12:30:00+00:00,SOL,72.27077459650518
2026-04-06 12:30:00+00:00,XPL,200.06973969910965
2026-04-06 12:31:00+00:00,AVAX,11.043437716334477
2026-04-06 12:31:00+00:00,BCH,138.00380279142067
2026-04-06 12:31:00+00:00,BTC,63085.968502513075
2026-04-06 12:31:00+00:00,CC,24.099507262384975
2026-04-06 12:31:00+00:00,ETH,71.8728024584056
2026-04-06 12:31:00+00:00,FARTCOIN,44.652206192210556
2026-04-06 12:31:00+00:00,SOL,72.21546677132115
2026-04-06 12:31:00+00:00,XPL,199.59914530736964
2026-04-06 12:32:00+00:00,AVAX,11.049082349480251
2026-04-06 12:32:00+00:00,BCH,137.89135873957517
2026-04-06 12:32:00+00:00,BTC,63041.15884474417
2026-04-06 12:32:00+00:00,CC,24.10576393010287
2026-04-06 12:32:00+00:00,ETH,71.76484472431198
2026-04-06 12:32:00+00:00,FARTCOIN,44.64492285087527
2026-04-06 12:32:00+00:00,SOL,72.16359907189894
2026-04-06 12:32:00+00:00,XPL,199.22250267943534
2026-04-06 12:33:00+00:00,AVAX,11.06294825134439
2026-04-06 12:33:00+00:00,BCH,138.24431108909528
2026-04-06 12:33:00+00:00,BTC,63131.63285623139
2026-04-06 12:33:00+00:00,CC,24.132253746253205
2026-04-06 12:33:00+00:00,ETH,71.85476024810816
2026-04-06 12:33:00+00:00,FARTCOIN,44.61235133069412
2026-04-06 12:33:00+00:00,SOL,72.24047291632495
2026-04-06 12:33:00+00:00,XPL,199.0054895515072
2026-04-06 12:34:00+00:00,AVAX,11.078846634648857
2026-04-06 12:34:00+00:00,BCH,138.2888468902473
2026-04-06 12:34:00+00:00,BTC,63210.57258551
2026-04-06 12:34:00+00:00,CC,24.132550182360188
2026-04-06 12:34:00+00:00,ETH,71.94232415068818
2026-04-06 12:34:00+00:00,FARTCOIN,44.67086715074709
2026-04-06 12:34:00+00:00,SOL,72.2332855863835
2026-04-06 12:34:00+00:00,XPL,198.8444314160044
2026-04-06 12:35:00+00:00,AVAX,11.087035949236087
2026-04-06 12:35:00+00:00,BCH,138.29274176310543
2026-04-06 12:35:00+00:00,BTC,63260.85977934579
2026-04-06 12:35:00+00:00,CC,24.07296816806809
2026-04-06 12:35:00+00:00,ETH,71.87079644005296
2026-04-06 12:35:00+00:00,FARTCOIN,44.64932363440013
2026-04-06 12:35:00+00:00,SOL,72.26498256931076
2026-04-06 12:35:00+00:00,XPL,198.97498675584492
2026-04-06 12:36:00+00:00,AVAX,11.089421697829348
2026-04-06 12:36:00+00:00,BCH,138.07667181593814
2026-04-06 12:36:00+00:00,BTC,63220.095267537705
2026-04-06 12:36:00+00:00,CC,24.0253769713173
2026-04-06 12:36:00+00:00,ETH,71.81977319206098
2026-04-06 12:36:00+00:00,FARTCOIN,44.67861839751718
2026-04-06 12:36:00+00:00,SOL,72.31231974447947
2026-04-06 12:36:00+00:00,XPL,199.0016128948311
2026-04-06 12:37:00+00:00,AVAX,11.088221422121627
2026-04-06 12:37:00+00:00,BCH,137.96279187504425
2026-04-06 12:37:00+00:00,BTC,63257.94467529547
2026-04-06 12:37:00+00:00,CC,24.08749369004737
2026-04-06 12:37:00+00:00,ETH,71.85722988451589
2026-04-06 12:37:00+00:00,FARTCOIN,44.612751547643164
2026-04-06 12:37:00+00:00,SOL,72.36457275271721
2026-04-06 12:37:00+00:00,XPL,199.28001926804816
2026-04-06 12:38:00+00:00,AVAX,11.082622552975023
2026-04-06 12:38:00+00:00,BCH,138.05344677975435
2026-04-06 12:38:00+00:00,BTC,63286.274033311565
2026-04-06 12:38:00+00:00,CC,24.058088887876085
2026-04-06 12:38:00+00:00,ETH,71.87066437972322
2026-04-06 12:38:00+00:00,FARTCOIN,44.52011356127872
2026-04-06 12:38:00+00:00,SOL,72.30447163055729
2026-04-06 12:38:00+00:00,XPL,199.47798463365461
2026-04-06 12:39:00+00:00,AVAX,11.079171918111927
2026-04-06 12:39:00+00:00,BCH,138.11502235617914
2026-04-06 12:39:00+00:00,BTC,63305.88201480593
2026-04-06 12:39:00+00:00,CC,24.10081583588132
2026-04-06 12:39:00+00:00,ETH,71.83698385416538
2026-04-06 12:39:00+00:00,FARTCOIN,44.510639550152675
2026-04-06 12:39:00+00:00,SOL,72.22231243891542
2026-04-06 12:39:00+00:00,XPL,199.74711020080431
2026-04-06 12:40:00+00:00,AVAX,11.088407930796508
2026-04-06 12:40:00+00:00,BCH,138.37741865010616
2026-04-06 12:40:00+00:00,BTC,63361.284056543045
2026-04-06 12:40:00+00:00,CC,24.078028425890743
2026-04-06 12:40:00+00:00,ETH,71.85551797178988
2026-04-06 12:40:00+00:00,FARTCOIN,44.434713312990624
2026-04-06 12:40:00+00:00,SOL,72.38440560488083
2026-04-06 12:40:00+00:00,XPL,199.9279688705257
2026-04-06 12:41:00+00:00,AVAX,11.090396359546626
2026-04-06 12:41:00+00:00,BCH,138.55954814989366
2026-04-06 12:41:00+00:00,BTC,63389.47087628547
2026-04-06 12:41:00+00:00,CC,24.074898602850382
2026-04-06 12:41:00+00:00,ETH,71.87124689390765
2026-04-06 12:41:00+00:00,FARTCOIN,44.51970365756304
2026-04-06 12:41:00+00:00,SOL,72.40588949610041
2026-04-06 12:41:00+00:00,XPL,199.99606936100878
2026-04-06 12:42:00+00:00,AVAX,11.102375526846629
2026-04-06 12:42:00+00:00,BCH,138.91995407356944
2026-04-06 12:42:00+00:00,BTC,63422.315760155776
2026-04-06 12:42:00+00:00,CC,24.095463779433693
2026-04-06 12:42:00+00:00,ETH,71.90877552718673
2026-04-06 12:42:00+00:00,FARTCOIN,44.442655059531035
2026-04-06 12:42:00+00:00,SOL,72.39558247561034
2026-04-06 12:42:00+00:00,XPL,200.280831120071
2026-04-06 12:43:00+00:00,AVAX,11.119633332882858
2026-04-06 12:43:00+00:00,BCH,138.96336969503344
2026-04-06 12:43:00+00:00,BTC,63450.59791425545
2026-04-06 12:43:00+00:00,CC,24.073906387146113
2026-04-06 12:43:00+00:00,ETH,71.97519751999849
2026-04-06 12:43:00+00:00,FARTCOIN,44.391306497238006
2026-04-06 12:43:00+00:00,SOL,72.40516587059881
2026-04-06 12:43:00+00:00,XPL,200.5198008994274
2026-04-06 12:44:00+00:00,AVAX,11.112124739004917
2026-04-06 12:44:00+00:00,BCH,138.95896383123744
2026-04-06 12:44:00+00:00,BTC,63465.736112843704
2026-04-06 12:44:00+00:00,CC,24.121098172542712
2026-04-06 12:44:00+00:00,ETH,72.05985710032887
2026-04-06 12:44:00+00:00,FARTCOIN,44.415464365392026
2026-04-06 12:44:00+00:00,SOL,72.32362523753558
2026-04-06 12:44:00+00:00,XPL,200.61989031232656
2026-04-06 12:45:00+00:00,AVAX,11.093008316539192
2026-04-06 12:45:00+00:00,BCH,138.64922923475052
2026-04-06 12:45:00+00:00,BTC,63386.54682284472
2026-04-06 12:45:00+00:00,CC,24.117267285892243
2026-04-06 12:45:00+00:00,ETH,71.96435742485725
2026-04-06 12:45:00+00:00,FARTCOIN,44.373141401857914
2026-04-06 12:45:00+00:00,SOL,72.3395046931451
2026-04-06 12:45:00+00:00,XPL,200.87596045415395
2026-04-06 12:46:00+00:00,AVAX,11.079229814001168
2026-04-06 12:46:00+00:00,BCH,138.7430814370727
2026-04-06 12:46:00+00:00,BTC,63390.25724737512
2026-04-06 12:46:00+00:00,CC,24.13089082763711
2026-04-06 12:46:00+00:00,ETH,71.93839837276195
2026-04-06 12:46:00+00:00,FARTCOIN,44.292882773504545
2026-04-06 12:46:00+00:00,SOL,72.3175173248342
2026-04-06 12:46:00+00:00,XPL,200.31364565925972
2026-04-06 12:47:00+00:00,AVAX,11.095821200441248
2026-04-06 12:47:00+00:00,BCH,138.71197131798718
2026-04-06 12:47:00+00:00,BTC,63365.58204519372
2026-04-06 12:47:00+00:00,CC,24.12126463653163
2026-04-06 12:47:00+00:00,ETH,71.94292746126948
2026-04-06 12:47:00+00:00,FARTCOIN,44.39798539940485
2026-04-06 12:47:00+00:00,SOL,72.38261263889504
2026-04-06 12:47:00+00:00,XPL,200.22824558655282
2026-04-06 12:48:00+00:00,AVAX,11.090415492688841
2026-04-06 12:48:00+00:00,BCH,138.68764812948123
2026-04-06 12:48:00+00:00,BTC,63308.838959688386
2026-04-06 12:48:00+00:00,CC,24.13601415025951
2026-04-06 12:48:00+00:00,ETH,71.92769552274908
2026-04-06 12:48:00+00:00,FARTCOIN,44.33670796746666
2026-04-06 12:48:00+00:00,SOL,72.33087620659151
2026-04-06 12:48:00+00:00,XPL,200.11892553106185
2026-04-06 12:49:00+00:00,AVAX,11.10631393045407
2026-04-06 12:49:00+00:00,BCH,138.68424603715744
2026-04-06 12:49:00+00:00,BTC,63383.41454919587
2026-04-06 12:49:00+00:00,CC,24.187478786436152
2026-04-06 12:49:00+00:00,ETH,71.97157764061055
2026-04-06 12:49:00+00:00,FARTCOIN,44.336705527072624
2026-04-06 12:49:00+00:00,SOL,72.4965050481924
2026-04-06 12:49:00+00:00,XPL,200.44311509642705
2026-04-06 12:50:00+00:00,AVAX,11.104343452923551
2026-04-06 12:50:00+00:00,BCH,138.87092906438497
2026-04-06 12:50:00+00:00,BTC,63460.17373043086
2026-04-06 12:50:00+00:00,CC,24.18952310716474
2026-04-06 12:50:00+00:00,ETH,72.09692486751746
2026-04-06 12:50:00+00:00,FARTCOIN,44.336307754282196
2026-04-06 12:50:00+00:00,SOL,72.58789204945913
2026-04-06 12:50:00+00:00,XPL,200.87005864594582
2026-04-06 12:51:00+00:00,AVAX,11.113315868269378
2026-04-06 12:51:00+00:00,BCH,139.00895420205003
2026-04-06 12:51:00+00:00,BTC,63520.58192649924
2026-04-06 12:51:00+00:00,CC,24.244397413560577
2026-04-06 12:51:00+00:00,ETH,72.21889790667413
2026-04-06 12:51:00+00:00,FARTCOIN,44.38255964002317
2026-04-06 12:51:00+00:00,SOL,72.70242770131705
2026-04-06 12:51:00+00:00,XPL,200.558966395819
2026-04-06 12:52:00+00:00,AVAX,11.120099006898386
2026-04-06 12:52:00+00:00,BCH,139.04746272421497
2026-04-06 12:52:00+00:00,BTC,63531.9308535364
2026-04-06 12:52:00+00:00,CC,24.22747624447066
2026-04-06 12:52:00+00:00,ETH,72.31388265409264
2026-04-06 12:52:00+00:00,FARTCOIN,44.40877762706421
2026-04-06 12:52:00+00:00,SOL,72.76054275321823
2026-04-06 12:52:00+00:00,XPL,200.9060590168589
2026-04-06 12:53:00+00:00,AVAX,11.126507586966095
2026-04-06 12:53:00+00:00,BCH,139.07370104039975
2026-04-06 12:53:00+00:00,BTC,63592.024731821104
2026-04-06 12:53:00+00:00,CC,24.254286723664627
2026-04-06 12:53:00+00:00,ETH,72.4879423832958
2026-04-06 12:53:00+00:00,FARTCOIN,44.37312842083047
2026-04-06 12:53:00+00:00,SOL,72.85989839303042
2026-04-06 12:53:00+00:00,XPL,200.66177595510487
2026-04-06 12:54:00+00:00,AVAX,11.13736463803342
2026-04-06 12:54:00+00:00,BCH,139.22364260110282
2026-04-06 12:54:00+00:00,BTC,63592.56127439582
2026-04-06 12:54:00+00:00,CC,24.268567597293433
2026-04-06 12:54:00+00:00,ETH,72.43195961908316
2026-04-06 12:54:00+00:00,FARTCOIN,44.35585709262884
2026-04-06 12:54:00+00:00,SOL,72.88324007988017
2026-04-06 12:54:00+00:00,XPL,200.38750424055377
2026-04-06 12:55:00+00:00,AVAX,11.161908461234553
2026-04-06 12:55:00+00:00,BCH,139.49761731707267
2026-04-06 12:55:00+00:00,BTC,63601.58939396816
2026-04-06 12:55:00+00:00,CC,24.238156144245213
2026-04-06 12:55:00+00:00,ETH,72.44160622596682
2026-04-06 12:55:00+00:00,FARTCOIN,44.34503933973485
2026-04-06 12:55:00+00:00,SOL,72.87676095566343
2026-04-06 12:55:00+00:00,XPL,200.33686245373363
2026-04-06 12:56:00+00:00,AVAX,11.145145025883936
2026-04-06 12:56:00+00:00,BCH,139.26764646789937
2026-04-06 12:56:00+00:00,BTC,63552.92545877835
2026-04-06 12:56:00+00:00,CC,24.24066457546937
2026-04-06 12:56:00+00:00,ETH,72.39522472808878
2026-04-06 12:56:00+00:00,FARTCOIN,44.37811823285746
2026-04-06 12:56:00+00:00,SOL,72.95501980559602
2026-04-06 12:56:00+00:00,XPL,200.22972416144995
2026-04-06 12:57:00+00:00,AVAX,11.13752804316925
2026-04-06 12:57:00+00:00,BCH,139.39089844506037
2026-04-06 12:57:00+00:00,BTC,63570.58888409169
2026-04-06 12:57:00+00:00,CC,24.242226158667492
2026-04-06 12:57:00+00:00,ETH,72.40593593161496
2026-04-06 12:57:00+00:00,FARTCOIN,44.31840740753065
2026-04-06 12:57:00+00:00,SOL,72.91271572308169
2026-04-06 12:57:00+00:00,XPL,199.86673235920233
2026-04-06 12:58:00+00:00,AVAX,11.129132946449353
2026-04-06 12:58:00+00:00,BCH,139.03532948069736
2026-04-06 12:58:00+00:00,BTC,63573.27607920653
2026-04-06 12:58:00+00:00,CC,24.21762366245427
2026-04-06 12:58:00+00:00,ETH,72.36623889555253
2026-04-06 12:58:00+00:00,FARTCOIN,44.42624038575739
2026-04-06 12:58:00+00:00,SOL,72.91561818127067
2026-04-06 12:58:00+00:00,XPL,200.02435094074292
2026-04-06 12:59:00+00:00,AVAX,11.136597546060816
2026-04-06 12:59:00+00:00,BCH,139.01123270682518
2026-04-06 12:59:00+00:00,BTC,63515.33279733894
2026-04-06 12:59:00+00:00,CC,24.223611765091803
2026-04-06 12:59:00+00:00,ETH,72.21355662944485
2026-04-06 12:59:00+00:00,FARTCOIN,44.37769166451709
2026-04-06 12:59:00+00:00,SOL,72.86010090648473
2026-04-06 12:59:00+00:00,XPL,200.15098874644073
2026-04-06 13:00:00+00:00,AVAX,11.146710351177695
2026-04-06 13:00:00+00:00,BCH,138.77322684061818
2026-04-06 13:00:00+00:00,BTC,63513.056577010044
2026-04-06 13:00:00+00:00,CC,24.227690876852147
2026-04-06 13:00:00+00:00,ETH,72.21738038216571
2026-04-06 13:00:00+00:00,FARTCOIN,44.376907656454854
2026-04-06 13:00:00+00:00,SOL,72.88427511757325
2026-04-06 13:00:00+00:00,XPL,200.40287346854495
2026-04-06 13:01:00+00:00,AVAX,11.144822100932751
2026-04-06 13:01:00+00:00,BCH,138.70109604575816
2026-04-06 13:01:00+00:00,BTC,63509.511968114435
2026-04-06 13:01:00+00:00,CC,24.22531022402622
2026-04-06 13:01:00+00:00,ETH,72.16403439836138
2026-04-06 13:01:00+00:00,FARTCOIN,44.31468388698206
2026-04-06 13:01:00+00:00,SOL,72.85265279359818
2026-04-06 13:01:00+00:00,XPL,200.29642599222842
2026-04-06 13:02:00+00:00,AVAX,11.157115514154095
2026-04-06 13:02:00+00:00,BCH,138.6855383584983
2026-04-06 13:02:00+00:00,BTC,63589.47582923839
2026-04-06 13:02:00+00:00,CC,24.22941350570621
2026-04-06 13:02:00+00:00,ETH,72.24684991766493
2026-04-06 13:02:00+00:00,FARTCOIN,44.256840832742995
2026-04-06 13:02:00+00:00,SOL,72.95127605556463
2026-04-06 13:02:00+00:00,XPL,200.33732254598974
2026-04-06 13:03:00+00:00,AVAX,11.154852719875242
2026-04-06 13:03:00+00:00,BCH,138.73242290690595
2026-04-06 13:03:00+00:00,BTC,63629.29207920362
2026-04-06 13:03:00+00:00,CC,24.22982971137088
2026-04-06 13:03:00+00:00,ETH,72.23366012888859
2026-04-06 13:03:00+00:00,FARTCOIN,44.21596090598648
2026-04-06 13:03:00+00:00,SOL,72.9790100042212
2026-04-06 13:03:00+00:00,XPL,200.3550887001687
2026-04-06 13:04:00+00:00,AVAX,11.163867635291403
2026-04-06 13:04:00+00:00,BCH,138.838139031783
2026-04-06 13:04:00+00:00,BTC,63629.80186687663
2026-04-06 13:04:00+00:00,CC,24.219179718505192
2026-04-06 13:04:00+00:00,ETH,72.16269780976549
2026-04-06 13:04:00+00:00,FARTCOIN,44.16456650824868
2026-04-06 13:04:00+00:00,SOL,72.8756758250173
2026-04-06 13:04:00+00:00,XPL,200.7616598737998
2026-04-06 13:05:00+00:00,AVAX,11.161703358810318
2026-04-06 13:05:00+00:00,BCH,138.62677275558977
2026-04-06 13:05:00+00:00,BTC,63640.884032895156
2026-04-06 13:05:00+00:00,CC,24.224087775684023
2026-04-06 13:05:00+00:00,ETH,72.18860143170906
2026-04-06 13:05:00+00:00,FARTCOIN,44.14415490997356
2026-04-06 13:05:00+00:00,SOL,72.88709090861194
2026-04-06 13:05:00+00:00,XPL,200.0869794359769
2026-04-06 13:06:00+00:00,AVAX,11.159384616069257
2026-04-06 13:06:00+00:00,BCH,138.58557548650268
2026-04-06 13:06:00+00:00,BTC,63642.85366375314
2026-04-06 13:06:00+00:00,CC,24.205526949450928
2026-04-06 13:06:00+00:00,ETH,72.20030673285481
2026-04-06 13:06:00+00:00,FARTCOIN,44.0925995786754
2026-04-06 13:06:00+00:00,SOL,72.81684686827508
2026-04-06 13:06:00+00:00,XPL,199.85858185204512
2026-04-06 13:07:00+00:00,AVAX,11.164152666542991
2026-04-06 13:07:00+00:00,BCH,138.5048360931684
2026-04-06 13:07:00+00:00,BTC,63633.81448820117
2026-04-06 13:07:00+00:00,CC,24.282131650987036
2026-04-06 13:07:00+00:00,ETH,72.22923741107826
2026-04-06 13:07:00+00:00,FARTCOIN,44.128163790226075
2026-04-06 13:07:00+00:00,SOL,72.6944950670805
2026-04-06 13:07:00+00:00,XPL,199.85423318716215
2026-04-06 13:08:00+00:00,AVAX,11.155077225949935
2026-04-06 13:08:00+00:00,BCH,138.6127594844641
2026-04-06 13:08:00+00:00,BTC,63585.617469891324
2026-04-06 13:08:00+00:00,CC,24.23742720491891
2026-04-06 13:08:00+00:00,ETH,72.32487679921292
2026-04-06 13:08:00+00:00,FARTCOIN,44.080040905587694
2026-04-06 13:08:00+00:00,SOL,72.6566414027302
2026-04-06 13:08:00+00:00,XPL,199.56381156710543
2026-04-06 13:09:00+00:00,AVAX,11.151716202727833
2026-04-06 13:09:00+00:00,BCH,138.6541705533885
2026-04-06 13:09:00+00:00,BTC,63578.8945164924
2026-04-06 13:09:00+00:00,CC,24.21991398225613
2026-04-06 13:09:00+00:00,ETH,72.33642689841903
2026-04-06 13:09:00+00:00,FARTCOIN,44.03185578062138
2026-04-06 13:09:00+00:00,SOL,72.68201892350285
2026-04-06 13:09:00+00:00,XPL,199.49774060429957
2026-04-06 13:10:00+00:00,AVAX,11.146872829102177
2026-04-06 13:10:00+00:00,BCH,138.44587118480018
2026-04-06 13:10:00+00:00,BTC,63545.697914370365
2026-04-06 13:10:00+00:00,CC,24.202691411263203
2026-04-06 13:10:00+00:00,ETH,72.33589487518938
2026-04-06 13:10:00+00:00,FARTCOIN,44.00650001325307
2026-04-06 13:10:00+00:00,SOL,72.68420666885767
2026-04-06 13:10:00+00:00,XPL,199.4467266979506
2026-04-06 13:11:00+00:00,AVAX,11.146559407151287
2026-04-06 13:11:00+00:00,BCH,138.28424660612455
2026-04-06 13:11:00+00:00,BTC,63490.10572416795
2026-04-06 13:11:00+00:00,CC,24.257779989553647
2026-04-06 13:11:00+00:00,ETH,72.21203590744929
2026-04-06 13:11:00+00:00,FARTCOIN,44.051249305596755
2026-04-06 13:11:00+00:00,SOL,72.66723804262976
2026-04-06 13:11:00+00:00,XPL,199.25449939438357
2026-04-06 13:12:00+00:00,AVAX,11.166485182143772
2026-04-06 13:12:00+00:00,BCH,138.5201767570988
2026-04-06 13:12:00+00:00,BTC,63512.830058874795
2026-04-06 13:12:00+00:00,CC,24.22111563742749
2026-04-06 13:12:00+00:00,ETH,72.15039028840185
2026-04-06 13:12:00+00:00,FARTCOIN,44.06576316707818
2026-04-06 13:12:00+00:00,SOL,72.56302422711593
2026-04-06 13:12:00+00:00,XPL,199.28417732721152
2026-04-06 13:13:00+00:00,AVAX,11.174972031999932
2026-04-06 13:13:00+00:00,BCH,138.6415363371479
2026-04-06 13:13:00+00:00,BTC,63530.22766933866
2026-04-06 13:13:00+00:00,CC,24.234825853454996
2026-04-06 13:13:00+00:00,ETH,72.2700678100893
2026-04-06 13:13:00+00:00,FARTCOIN,44.06290557809758
2026-04-06 13:13:00+00:00,SOL,72.49106922433809
2026-04-06 13:13:00+00:00,XPL,199.44537494138353
2026-04-06 13:14:00+00:00,AVAX,11.171171978985818
2026-04-06 13:14:00+00:00,BCH,138.37982033795078
2026-04-06 13:14:00+00:00,BTC,63450.82038236528
2026-04-06 13:14:00+00:00,CC,24.23598754923389
2026-04-06 13:14:00+00:00,ETH,72.13330177552942
2026-04-06 13:14:00+00:00,FARTCOIN,43.97619621279723
2026-04-06 13:14:00+00:00,SOL,72.54277946901217
2026-04-06 13:14:00+00:00,XPL,199.33896755993536
2026-04-06 13:15:00+00:00,AVAX,11.168347526361462
2026-04-06 13:15:00+00:00,BCH,138.33646431407215
2026-04-06 13:15:00+00:00,BTC,63445.371507713084
2026-04-06 13:15:00+00:00,CC,24.245275272295924
2026-04-06 13:15:00+00:00,ETH,72.06030038042165
2026-04-06 13:15:00+00:00,FARTCOIN,43.91518088598138
2026-04-06 13:15:00+00:00,SOL,72.46915073771999
2026-04-06 13:15:00+00:00,XPL,199.22716786271153
2026-04-06 13:16:00+00:00,AVAX,11.167849699964755
2026-04-06 13:16:00+00:00,BCH,138.38915897266972
2026-04-06 13:16:00+00:00,BTC,63489.60777309845
2026-04-06 13:16:00+00:00,CC,24.284657546520066
2026-04-06 13:16:00+00:00,ETH,72.10046741085009
2026-04-06 13:16:00+00:00,FARTCOIN,43.85397534978146
2026-04-06 13:16:00+00:00,SOL,72.55197223785515
2026-04-06 13:16:00+00:00,XPL,199.21531027314504
2026-04-06 13:17:00+00:00,AVAX,11.181469661062122
2026-04-06 13:17:00+00:00,BCH,138.40937279301687
2026-04-06 13:17:00+00:00,BTC,63536.70001917828
2026-04-06 13:17:00+00:00,CC,24.323721335032165
2026-04-06 13:17:00+00:00,ETH,72.14006612070878
2026-04-06 13:17:00+00:00,FARTCOIN,43.92931590245542
2026-04-06 13:17:00+00:00,SOL,72.55284245066568
2026-04-06 13:17:00+00:00,XPL,199.24307638903588
2026-04-06 13:18:00+00:00,AVAX,11.19002104734923
2026-04-06 13:18:00+00:00,BCH,138.28087535814868
2026-04-06 13:18:00+00:00,BTC,63582.34120578933
2026-04-06 13:18:00+00:00,CC,24.314053822638908
2026-04-06 13:18:00+00:00,ETH,72.12550374247829
2026-04-06 13:18:00+00:00,FARTCOIN,43.96360701282429
2026-04-06 13:18:00+00:00,SOL,72.60234605715716
2026-04-06 13:18:00+00:00,XPL,198.85597170058864
2026-04-06 13:19:00+00:00,AVAX,11.175961653518042
2026-04-06 13:19:00+00:00,BCH,138.19976890836034
2026-04-06 13:19:00+00:00,BTC,63584.073164336885
2026-04-06 13:19:00+00:00,CC,24.31984779301706
2026-04-06 13:19:00+00:00,ETH,72.10737925541162
2026-04-06 13:19:00+00:00,FARTCOIN,43.91841382988202
2026-04-06 13:19:00+00:00,SOL,72.56265972935581
2026-04-06 13:19:00+00:00,XPL,198.96722545121577
2026-04-06 13:20:00+00:00,AVAX,11.167046071880831
2026-04-06 13:20:00+00:00,BCH,138.30310873029399
2026-04-06 13:20:00+00:00,BTC,63546.47228971595
2026-04-06 13:20:00+00:00,CC,24.262636386882058
2026-04-06 13:20:00+00:00,ETH,72.150919017834
2026-04-06 13:20:00+00:00,FARTCOIN,43.883488328308445
2026-04-06 13:20:00+00:00,SOL,72.56284730908166
2026-04-06 13:20:00+00:00,XPL,198.8360482708008
2026-04-06 13:21:00+00:00,AVAX,11.159015297270816
2026-04-06 13:21:00+00:00,BCH,138.1665561106834
2026-04-06 13:21:00+00:00,BTC,63498.28490298966
2026-04-06 13:21:00+00:00,CC,24.261840434415173
2026-04-06 13:21:00+00:00,ETH,72.05212588411433
2026-04-06 13:21:00+00:00,FARTCOIN,43.83339909430204
2026-04-06 13:21:00+00:00,SOL,72.52500084755822
2026-04-06 13:21:00+00:00,XPL,199.10707221694946
2026-04-06 13:22:00+00:00,AVAX,11.156177115416398
2026-04-06 13:22:00+00:00,BCH,138.18204705973145
2026-04-06 13:22:00+00:00,BTC,63513.60402487554
2026-04-06 13:22:00+00:00,CC,24.23990448803419
2026-04-06 13:22:00+00:00,ETH,71.97656373666744
2026-04-06 13:22:00+00:00,FARTCOIN,43.78894001512159
2026-04-06 13:22:00+00:00,SOL,72.51061180080733
2026-04-06 13:22:00+00:00,XPL,199.25795472793624
2026-04-06 13:23:00+00:00,AVAX,11.173585770795542
2026-04-06 13:23:00+00:00,BCH,138.23071570429985
2026-04-06 13:23:00+00:00,BTC,63530.468872893565
2026-04-06 13:23:00+00:00,CC,24.235770489599762
2026-04-06 13:23:00+00:00,ETH,72.05390851622865
2026-04-06 13:23:00+00:00,FARTCOIN,43.81546051385599
2026-04-06 13:23:00+00:00,SOL,72.45846039075094
2026-04-06 13:23:00+00:00,XPL,199.54852086521115
2026-04-06 13:24:00+00:00,AVAX,11.18697770234006
2026-04-06 13:24:00+00:00,BCH,138.61307677943194
2026-04-06 13:24:00+00:00,BTC,63587.74399961661
2026-04-06 13:24:00+00:00,CC,24.191163971467127
2026-04-06 13:24:00+00:00,ETH,72.14107648160633
2026-04-06 13:24:00+00:00,FARTCOIN,43.8082395713945
2026-04-06 13:24:00+00:00,SOL,72.53145982183068
2026-04-06 13:24:00+00:00,XPL,199.34249802081985
2026-04-06 13:25:00+00:00,AVAX,11.208144953666803
2026-04-06 13:25:00+00:00,BCH,138.70493492679728
2026-04-06 13:25:00+00:00,BTC,63636.72451143237
2026-04-06 13:25:00+00:00,CC,24.206647493040023
2026-04-06 13:25:00+00:00,ETH,72.1480038821157
2026-04-06 13:25:00+00:00,FARTCOIN,43.924546789890734
2026-04-06 13:25:00+00:00,SOL,72.49977346902975
2026-04-06 13:25:00+00:00,XPL,199.28436490681707
2026-04-06 13:26:00+00:00,AVAX,11.209920539380851
2026-04-06 13:26:00+00:00,BCH,138.8306411559418
2026-04-06 13:26:00+00:00,BTC,63630.83456501173
2026-04-06 13:26:00+00:00,CC,24.156968538416294
2026-04-06 13:26:00+00:00,ETH,72.0396737994917
2026-04-06 13:26:00+00:00,FARTCOIN,43.989687699376454
2026-04-06 13:26:00+00:00,SOL,72.52196591992865
2026-04-06 13:26:00+00:00,XPL,198.98377960970885
2026-04-06 13:27:00+00:00,AVAX,11.202445416695664
2026-04-06 13:27:00+00:00,BCH,138.6532367669064
2026-04-06 13:27:00+00:00,BTC,63575.439790479955
2026-04-06 13:27:00+00:00,CC,24.157059192565654
2026-04-06 13:27:00+00:00,ETH,71.93813609214656
2026-04-06 13:27:00+00:00,FARTCOIN,44.051192501788634
2026-04-06 13:27:00+00:00,SOL,72.63980342226748
2026-04-06 13:27:00+00:00,XPL,198.78083648585977
2026-04-06 13:28:00+00:00,AVAX,11.190881431396805
2026-04-06 13:28:00+00:00,BCH,138.59455342483457
2026-04-06 13:28:00+00:00,BTC,63561.24023687743
2026-04-06 13:28:00+00:00,CC,24.120453219098014
2026-04-06 13:28:00+00:00,ETH,71.92093756601929
2026-04-06 13:28:00+00:00,FARTCOIN,44.084726165699394
2026-04-06 13:28:00+00:00,SOL,72.71431808842566
2026-04-06 13:28:00+00:00,XPL,199.07084078381294
2026-04-06 13:29:00+00:00,AVAX,11.192448142931804
2026-04-06 13:29:00+00:00,BCH,138.61403425992532
2026-04-06 13:29:00+00:00,BTC,63570.906210683876
2026-04-06 13:29:00+00:00,CC,24.096606103184612
2026-04-06 13:29:00+00:00,ETH,72.00573608969563
2026-04-06 13:29:00+00:00,FARTCOIN,44.06371252514524
2026-04-06 13:29:00+00:00,SOL,72.77074924517144
2026-04-06 13:29:00+00:00,XPL,199.43256243493366
2026-04-06 13:30:00+00:00,AVAX,11.19123392893068
2026-04-06 13:30:00+00:00,BCH,138.50083849679865
2026-04-06 13:30:00+00:00,BTC,63561.914216167286
2026-04-06 13:30:00+00:00,CC,24.129336728924585
2026-04-06 13:30:00+00:00,ETH,71.92994220912499
2026-04-06 13:30:00+00:00,FARTCOIN,44.09408541577506
2026-04-06 13:30:00+00:00,SOL,72.7563940040248
2026-04-06 13:30:00+00:00,XPL,199.1523470046538
2026-04-06 13:31:00+00:00,AVAX,11.173629994754092
2026-04-06 13:31:00+00:00,BCH,138.4278410682427
2026-04-06 13:31:00+00:00,BTC,63536.20697713298
2026-04-06 13:31:00+00:00,CC,24.144412532469747
2026-04-06 13:31:00+00:00,ETH,71.8997440962847
2026-04-06 13:31:00+00:00,FARTCOIN,44.072065725642204
2026-04-06 13:31:00+00:00,SOL,72.6045845508678
2026-04-06 13:31:00+00:00,XPL,199.026753679981
2026-04-06 13:32:00+00:00,AVAX,11.169886246387815
2026-04-06 13:32:00+00:00,BCH,138.55937014005895
2026-04-06 13:32:00+00:00,BTC,63547.45511203419
2026-04-06 13:32:00+00:00,CC,24.178587703575893
2026-04-06 13:32:00+00:00,ETH,71.95427171804603
2026-04-06 13:32:00+00:00,FARTCOIN,44.15993308262218
2026-04-06 13:32:00+00:00,SOL,72.52914467716495
2026-04-06 13:32:00+00:00,XPL,199.01560233782612
2026-04-06 13:33:00+00:00,AVAX,11.163288923959811
2026-04-06 13:33:00+00:00,BCH,138.41808631146927
2026-04-06 13:33:00+00:00,BTC,63525.04140334789
2026-04-06 13:33:00+00:00,CC,24.22217544615405
2026-04-06 13:33:00+00:00,ETH,71.7787023037105
2026-04-06 13:33:00+00:00,FARTCOIN,44.178244755180664
2026-04-06 13:33:00+00:00,SOL,72.59115883940514
2026-04-06 13:33:00+00:00,XPL,199.14145434169475
2026-04-06 13:34:00+00:00,AVAX,11.163271422948727
2026-04-06 13:34:00+00:00,BCH,138.36638031768769
2026-04-06 13:34:00+00:00,BTC,63497.118995007935
2026-04-06 13:34:00+00:00,CC,24.197594287860422
2026-04-06 13:34:00+00:00,ETH,71.81867322315466
2026-04-06 13:34:00+00:00,FARTCOIN,44.18827007668632
2026-04-06 13:34:00+00:00,SOL,72.51247786624518
2026-04-06 13:34:00+00:00,XPL,198.70388401084267
2026-04-06 13:35:00+00:00,AVAX,11.169977310510207
2026-04-06 13:35:00+00:00,BCH,138.48032690454707
2026-04-06 13:35:00+00:00,BTC,63510.963954548024
2026-04-06 13:35:00+00:00,CC,24.242216287411203
2026-04-06 13:35:00+00:00,ETH,71.75558016200935
2026-04-06 13:35:00+00:00,FARTCOIN,44.196935830321266
2026-04-06 13:35:00+00:00,SOL,72.48028856990479
2026-04-06 13:35:00+00:00,XPL,198.3306722927424
2026-04-06 13:36:00+00:00,AVAX,11.161464875356755
2026-04-06 13:36:00+00:00,BCH,138.34451595144702
2026-04-06 13:36:00+00:00,BTC,63493.09481342108
2026-04-06 13:36:00+00:00,CC,24.198259335044597
2026-04-06 13:36:00+00:00,ETH,71.75985766538885
2026-04-06 13:36:00+00:00,FARTCOIN,44.28683711562772
2026-04-06 13:36:00+00:00,SOL,72.45215203747146
2026-04-06 13:36:00+00:00,XPL,198.43606790168235
2026-04-06 13:37:00+00:00,AVAX,11.167797730428225
2026-04-06 13:37:00+00:00,BCH,138.50108797661798
2026-04-06 13:37:00+00:00,BTC,63503.945000576736
2026-04-06 13:37:00+00:00,CC,24.220761952905697
2026-04-06 13:37:00+00:00,ETH,71.78621681156051
2026-04-06 13:37:00+00:00,FARTCOIN,44.212218013953205
2026-04-06 13:37:00+00:00,SOL,72.39344615439168
2026-04-06 13:37:00+00:00,XPL,197.97926451114057
2026-04-06 13:38:00+00:00,AVAX,11.167783048772812
2026-04-06 13:38:00+00:00,BCH,138.53269081608164
2026-04-06 13:38:00+00:00,BTC,63516.09083521032
2026-04-06 13:38:00+00:00,CC,24.207353256753002
2026-04-06 13:38:00+00:00,ETH,71.86800519526969
2026-04-06 13:38:00+00:00,FARTCOIN,44.31155022510343
2026-04-06 13:38:00+00:00,SOL,72.32531723515268
2026-04-06 13:38:00+00:00,XPL,197.8807135240424
2026-04-06 13:39:00+00:00,AVAX,11.131428472645771
2026-04-06 13:39:00+00:00,BCH,138.41823108292746
2026-04-06 13:39:00+00:00,BTC,63465.45058008278
2026-04-06 13:39:00+00:00,CC,24.17648726811964
2026-04-06 13:39:00+00:00,ETH,71.85491718862038
2026-04-06 13:39:00+00:00,FARTCOIN,44.294586375375296
2026-04-06 13:39:00+00:00,SOL,72.27301696554274
2026-04-06 13:39:00+00:00,XPL,197.88763751313363
2026-04-06 13:40:00+00:00,AVAX,11.123388138266407
2026-04-06 13:40:00+00:00,BCH,138.12873194207032
2026-04-06 13:40:00+00:00,BTC,63444.07465139187
2026-04-06 13:40:00+00:00,CC,24.192690702305296
2026-04-06 13:40:00+00:00,ETH,71.68081561326939
2026-04-06 13:40:00+00:00,FARTCOIN,44.216928493051626
2026-04-06 13:40:00+00:00,SOL,72.1943750665485
2026-04-06 13:40:00+00:00,XPL,197.97302968645667
2026-04-06 13:41:00+00:00,AVAX,11.143724319629358
2026-04-06 13:41:00+00:00,BCH,138.20047060497131
2026-04-06 13:41:00+00:00,BTC,63507.95969360914
2026-04-06 13:41:00+00:00,CC,24.225015098729898
2026-04-06 13:41:00+00:00,ETH,71.69150946513638
2026-04-06 13:41:00+00:00,FARTCOIN,44.18592725240333
2026-04-06 13:41:00+00:00,SOL,72.20798936167495
2026-04-06 13:41:00+00:00,XPL,197.97921189805206
2026-04-06 13:42:00+00:00,AVAX,11.119178783288035
2026-04-06 13:42:00+00:00,BCH,138.1511412713429
2026-04-06 13:42:00+00:00,BTC,63456.31979064349
2026-04-06 13:42:00+00:00,CC,24.24769137884942
2026-04-06 13:42:00+00:00,ETH,71.65086812556126
2026-04-06 13:42:00+00:00,FARTCOIN,44.09130910514223
2026-04-06 13:42:00+00:00,SOL,72.107364830995
2026-04-06 13:42:00+00:00,XPL,197.86014358291112
2026-04-06 13:43:00+00:00,AVAX,11.106310367453299
2026-04-06 13:43:00+00:00,BCH,138.1941683904332
2026-04-06 13:43:00+00:00,BTC,63362.368838306444
2026-04-06 13:43:00+00:00,CC,24.246757866613468
2026-04-06 13:43:00+00:00,ETH,71.54813064481978
2026-04-06 13:43:00+00:00,FARTCOIN,44.11283340601311
2026-04-06 13:43:00+00:00,SOL,72.05047400928034
2026-04-06 13:43:00+00:00,XPL,198.00209055214074
2026-04-06 13:44:00+00:00,AVAX,11.109853148211817
2026-04-06 13:44:00+00:00,BCH,138.11173285501332
2026-04-06 13:44:00+00:00,BTC,63279.842984090654
2026-04-06 13:44:00+00:00,CC,24.244277318382196
2026-04-06 13:44:00+00:00,ETH,71.4996411563015
2026-04-06 13:44:00+00:00,FARTCOIN,44.046422616305954
2026-04-06 13:44:00+00:00,SOL,71.9556667890405
2026-04-06 13:44:00+00:00,XPL,198.0182459622042
2026-04-06 13:45:00+00:00,AVAX,11.10244277961475
2026-04-06 13:45:00+00:00,BCH,138.25418773261325
2026-04-06 13:45:00+00:00,BTC,63281.13244822235
2026-04-06 13:45:00+00:00,CC,24.259709232125527
2026-04-06 13:45:00+00:00,ETH,71.55169398134511
2026-04-06 13:45:00+00:00,FARTCOIN,44.05551811050709
2026-04-06 13:45:00+00:00,SOL,71.94534949250314
2026-04-06 13:45:00+00:00,XPL,197.8653666937129
2026-04-06 13:46:00+00:00,AVAX,11.102668494046958
2026-04-06 13:46:00+00:00,BCH,138.10636271823094
2026-04-06 13:46:00+00:00,BTC,63282.50199929856
2026-04-06 13:46:00+00:00,CC,24.2686589625183
2026-04-06 13:46:00+00:00,ETH,71.59220387106441
2026-04-06 13:46:00+00:00,FARTCOIN,44.11571210869743
2026-04-06 13:46:00+00:00,SOL,71.98533682483789
2026-04-06 13:46:00+00:00,XPL,197.8751802470063
2026-04-06 13:47:00+00:00,AVAX,11.088869873934476
2026-04-06 13:47:00+00:00,BCH,138.08093709430423
2026-04-06 13:47:00+00:00,BTC,63277.2923173163
2026-04-06 13:47:00+00:00,CC,24.284029808332846
2026-04-06 13:47:00+00:00,ETH,71.57339005761513
2026-04-06 13:47:00+00:00,FARTCOIN,44.07942484632936
2026-04-06 13:47:00+00:00,SOL,71.97109851807627
2026-04-06 13:47:00+00:00,XPL,197.96292514548014
2026-04-06 13:48:00+00:00,AVAX,11.113147225737851
2026-04-06 13:48:00+00:00,BCH,138.33262743396523
2026-04-06 13:48:00+00:00,BTC,63331.096630418426
2026-04-06 13:48:00+00:00,CC,24.29410457149661
2026-04-06 13:48:00+00:00,ETH,71.50619557087359
2026-04-06 13:48:00+00:00,FARTCOIN,44.07273683635299
2026-04-06 13:48:00+00:00,SOL,72.00507794299207
2026-04-06 13:48:00+00:00,XPL,198.40524632816405
2026-04-06 13:49:00+00:00,AVAX,11.094655504970788
2026-04-06 13:49:00+00:00,BCH,138.00250428420105
2026-04-06 13:49:00+00:00,BTC,63212.71593412034
2026-04-06 13:49:00+00:00,CC,24.309588341012095
2026-04-06 13:49:00+00:00,ETH,71.36330685644643
2026-04-06 13:49:00+00:00,FARTCOIN,43.987396169957115
2026-04-06 13:49:00+00:00,SOL,71.92110197992264
2026-04-06 13:49:00+00:00,XPL,198.51824877337958
2026-04-06 13:50:00+00:00,AVAX,11.097735196423528
2026-04-06 13:50:00+00:00,BCH,138.15498200421402
2026-04-06 13:50:00+00:00,BTC,63230.23800103428
2026-04-06 13:50:00+00:00,CC,24.263511460014062
2026-04-06 13:50:00+00:00,ETH,71.4068740316002
2026-04-06 13:50:00+00:00,FARTCOIN,43.969338749797814
2026-04-06 13:50:00+00:00,SOL,71.98132217037157
2026-04-06 13:50:00+00:00,XPL,198.81881413257037
2026-04-06 13:51:00+00:00,AVAX,11.121597930567845
2026-04-06 13:51:00+00:00,BCH,138.37469056344347
2026-04-06 13:51:00+00:00,BTC,63299.38686062175
2026-04-06 13:51:00+00:00,CC,24.264993355023538
2026-04-06 13:51:00+00:00,ETH,71.40313620827737
2026-04-06 13:51:00+00:00,FARTCOIN,44.11500500426588
2026-04-06 13:51:00+00:00,SOL,72.03869178959093
2026-04-06 13:51:00+00:00,XPL,198.71662217937742
2026-04-06 13:52:00+00:00,AVAX,11.120756068591339
2026-04-06 13:52:00+00:00,BCH,138.31606279971993
2026-04-06 13:52:00+00:00,BTC,63249.43509868713
2026-04-06 13:52:00+00:00,CC,24.22090743824469
2026-04-06 13:52:00+00:00,ETH,71.3957904674196
2026-04-06 13:52:00+00:00,FARTCOIN,44.14923522049058
2026-04-06 13:52:00+00:00,SOL,71.99559078800732
2026-04-06 13:52:00+00:00,XPL,198.560311830813
2026-04-06 13:53:00+00:00,AVAX,11.10948477353836
2026-04-06 13:53:00+00:00,BCH,138.24390592196667
2026-04-06 13:53:00+00:00,BTC,63232.621550727155
2026-04-06 13:53:00+00:00,CC,24.227662852716822
2026-04-06 13:53:00+00:00,ETH,71.43803850551699
2026-04-06 13:53:00+00:00,FARTCOIN,44.13286553799745
2026-04-06 13:53:00+00:00,SOL,71.92869506675919
2026-04-06 13:53:00+00:00,XPL,198.49368043350557
2026-04-06 13:54:00+00:00,AVAX,11.098042115114298
2026-04-06 13:54:00+00:00,BCH,138.05938559229352
2026-04-06 13:54:00+00:00,BTC,63199.30519999271
2026-04-06 13:54:00+00:00,CC,24.27288745280348
2026-04-06 13:54:00+00:00,ETH,71.41419715243458
2026-04-06 13:54:00+00:00,FARTCOIN,44.09583460871079
2026-04-06 13:54:00+00:00,SOL,71.84080982675441
2026-04-06 13:54:00+00:00,XPL,198.43856797009036
2026-04-06 13:55:00+00:00,AVAX,11.097079981837314
2026-04-06 13:55:00+00:00,BCH,138.2065946611504
2026-04-06 13:55:00+00:00,BTC,63159.752148120664
2026-04-06 13:55:00+00:00,CC,24.256045240260125
2026-04-06 13:55:00+00:00,ETH,71.17966341836161
2026-04-06 13:55:00+00:00,FARTCOIN,44.08805817734708
2026-04-06 13:55:00+00:00,SOL,71.85231223514704
2026-04-06 13:55:00+00:00,XPL,198.17386125999803
2026-04-06 13:56:00+00:00,AVAX,11.088695591142995
2026-04-06 13:56:00+00:00,BCH,138.25836968829924
2026-04-06 13:56:00+00:00,BTC,63145.32915600854
2026-04-06 13:56:00+00:00,CC,24.25864140075667
2026-04-06 13:56:00+00:00,ETH,71.0840333902765
2026-04-06 13:56:00+00:00,FARTCOIN,44.092925071954596
2026-04-06 13:56:00+00:00,SOL,71.86713847471198
2026-04-06 13:56:00+00:00,XPL,198.46607450867572
2026-04-06 13:57:00+00:00,AVAX,11.076990278794755
2026-04-06 13:57:00+00:00,BCH,138.4182760800377
2026-04-06 13:57:00+00:00,BTC,63208.45801085728
2026-04-06 13:57:00+00:00,CC,24.285525934527296
2026-04-06 13:57:00+00:00,ETH,71.26530977056312
2026-04-06 13:57:00+00:00,FARTCOIN,44.07956536548605
2026-04-06 13:57:00+00:00,SOL,71.9576849867654
2026-04-06 13:57:00+00:00,XPL,198.7162735191252
2026-04-06 13:58:00+00:00,AVAX,11.08857542488654
2026-04-06 13:58:00+00:00,BCH,138.51820587718737
2026-04-06 13:58:00+00:00,BTC,63289.80717906935
2026-04-06 13:58:00+00:00,CC,24.231574131655737
2026-04-06 13:58:00+00:00,ETH,71.3081788412619
2026-04-06 13:58:00+00:00,FARTCOIN,44.11895946195139
2026-04-06 13:58:00+00:00,SOL,72.05460625119667
2026-04-06 13:58:00+00:00,XPL,198.6944995221858
2026-04-06 13:59:00+00:00,AVAX,11.071599900309598
2026-04-06 13:59:00+00:00,BCH,138.49524154939343
2026-04-06 13:59:00+00:00,BTC,63274.925858720984
2026-04-06 13:59:00+00:00,CC,24.215258109519212
2026-04-06 13:59:00+00:00,ETH,71.16672889179372
2026-04-06 13:59:00+00:00,FARTCOIN,44.06643763547081
2026-04-06 13:59:00+00:00,SOL,72.0432008456173
2026-04-06 13:59:00+00:00,XPL,198.83821182227746
2026-04-06 14:00:00+00:00,AVAX,11.100292135178389
2026-04-06 14:00:00+00:00,BCH,138.67287252300818
2026-04-06 14:00:00+00:00,BTC,63359.36192639656
2026-04-06 14:00:00+00:00,CC,24.23231473623287
2026-04-06 14:00:00+00:00,ETH,71.32669432661423
2026-04-06 14:00:00+00:00,FARTCOIN,44.02752843689686
2026-04-06 14:00:00+00:00,SOL,72.17012884309364
2026-04-06 14:00:00+00:00,XPL,198.94445706966758
2026-04-06 14:01:00+00:00,AVAX,11.10229344157632
2026-04-06 14:01:00+00:00,BCH,138.72572473896085
2026-04-06 14:01:00+00:00,BTC,63360.93981806095
2026-04-06 14:01:00+00:00,CC,24.148340204178492
2026-04-06 14:01:00+00:00,ETH,71.3290615588089
2026-04-06 14:01:00+00:00,FARTCOIN,44.04731071723953
2026-04-06 14:01:00+00:00,SOL,72.23242163662908
2026-04-06 14:01:00+00:00,XPL,199.1173699981703
2026-04-06 14:02:00+00:00,AVAX,11.104833810451257
2026-04-06 14:02:00+00:00,BCH,138.96236386465753
2026-04-06 14:02:00+00:00,BTC,63438.76843698153
2026-04-06 14:02:00+00:00,CC,24.125973426192452
2026-04-06 14:02:00+00:00,ETH,71.47457074127702
2026-04-06 14:02:00+00:00,FARTCOIN,43.99638390092254
2026-04-06 14:02:00+00:00,SOL,72.36715596778866
2026-04-06 14:02:00+00:00,XPL,198.84523290459873
2026-04-06 14:03:00+00:00,AVAX,11.09723757328838
2026-04-06 14:03:00+00:00,BCH,138.85682909993332
2026-04-06 14:03:00+00:00,BTC,63434.62544626881
2026-04-06 14:03:00+00:00,CC,24.157550067655443
2026-04-06 14:03:00+00:00,ETH,71.48842028893517
2026-04-06 14:03:00+00:00,FARTCOIN,44.03431451716183
2026-04-06 14:03:00+00:00,SOL,72.35657573527612
2026-04-06 14:03:00+00:00,XPL,198.80788232208639
2026-04-06 14:04:00+00:00,AVAX,11.079247143264196
2026-04-06 14:04:00+00:00,BCH,138.68448181546478
2026-04-06 14:04:00+00:00,BTC,63440.44523609481
2026-04-06 14:04:00+00:00,CC,24.187087292850897
2026-04-06 14:04:00+00:00,ETH,71.52350702247327
2026-04-06 14:04:00+00:00,FARTCOIN,44.03436785863529
2026-04-06 14:04:00+00:00,SOL,72.45260396390422
2026-04-06 14:04:00+00:00,XPL,198.79768410951212
2026-04-06 14:05:00+00:00,AVAX,11.070696618763726
2026-04-06 14:05:00+00:00,BCH,138.72516533770778
2026-04-06 14:05:00+00:00,BTC,63456.67741664977
2026-04-06 14:05:00+00:00,CC,24.199192288940544
2026-04-06 14:05:00+00:00,ETH,71.5624382485869
2026-04-06 14:05:00+00:00,FARTCOIN,43.94013292448013
2026-04-06 14:05:00+00:00,SOL,72.48326311157366
2026-04-06 14:05:00+00:00,XPL,198.95669376125304
2026-04-06 14:06:00+00:00,AVAX,11.101805825702453
2026-04-06 14:06:00+00:00,BCH,138.76941494716746
2026-04-06 14:06:00+00:00,BTC,63598.03828098745
2026-04-06 14:06:00+00:00,CC,24.235607421565476
2026-04-06 14:06:00+00:00,ETH,71.74294255981921
2026-04-06 14:06:00+00:00,FARTCOIN,43.96546900893476
2026-04-06 14:06:00+00:00,SOL,72.66183187584745
2026-04-06 14:06:00+00:00,XPL,198.89520861350957
2026-04-06 14:07:00+00:00,AVAX,11.129763370333878
2026-04-06 14:07:00+00:00,BCH,138.79928411774773
2026-04-06 14:07:00+00:00,BTC,63635.94763976117
2026-04-06 14:07:00+00:00,CC,24.244753364217768
2026-04-06 14:07:00+00:00,ETH,71.9265666262333
2026-04-06 14:07:00+00:00,FARTCOIN,43.881882456295656
2026-04-06 14:07:00+00:00,SOL,72.71710451002674
2026-04-06 14:07:00+00:00,XPL,198.32306833759128
2026-04-06 14:08:00+00:00,AVAX,11.13235617779285
2026-04-06 14:08:00+00:00,BCH,138.6773202216998
2026-04-06 14:08:00+00:00,BTC,63604.45022333961
2026-04-06 14:08:00+00:00,CC,24.25851511993774
2026-04-06 14:08:00+00:00,ETH,71.95916273672364
2026-04-06 14:08:00+00:00,FARTCOIN,43.914060430755285
2026-04-06 14:08:00+00:00,SOL,72.70267040798264
2026-04-06 14:08:00+00:00,XPL,198.04619321726878
2026-04-06 14:09:00+00:00,AVAX,11.137853751017824
2026-04-06 14:09:00+00:00,BCH,138.8187220786909
2026-04-06 14:09:00+00:00,BTC,63647.60766226271
2026-04-06 14:09:00+00:00,CC,24.25261799144166
2026-04-06 14:09:00+00:00,ETH,71.89832888466447
2026-04-06 14:09:00+00:00,FARTCOIN,43.906911913694316
2026-04-06 14:09:00+00:00,SOL,72.69644564948287
2026-04-06 14:09:00+00:00,XPL,198.05855210498893
2026-04-06 14:10:00+00:00,AVAX,11.13112791974828
2026-04-06 14:10:00+00:00,BCH,139.0367061431739
2026-04-06 14:10:00+00:00,BTC,63631.4888609044
2026-04-06 14:10:00+00:00,CC,24.254760044859058
2026-04-06 14:10:00+00:00,ETH,71.91175391568106
2026-04-06 14:10:00+00:00,FARTCOIN,44.00232172368247
2026-04-06 14:10:00+00:00,SOL,72.72668823624468
2026-04-06 14:10:00+00:00,XPL,198.06370258862728
2026-04-06 14:11:00+00:00,AVAX,11.118309490837278
2026-04-06 14:11:00+00:00,BCH,138.75314767590586
2026-04-06 14:11:00+00:00,BTC,63609.6781264364
2026-04-06 14:11:00+00:00,CC,24.234699726430488
2026-04-06 14:11:00+00:00,ETH,71.9646955068587
2026-04-06 14:11:00+00:00,FARTCOIN,44.05590560575741
2026-04-06 14:11:00+00:00,SOL,72.89191894839857
2026-04-06 14:11:00+00:00,XPL,198.45068717172646
2026-04-06 14:12:00+00:00,AVAX,11.144963147346534
2026-04-06 14:12:00+00:00,BCH,139.11262024313424
2026-04-06 14:12:00+00:00,BTC,63650.14808297588
2026-04-06 14:12:00+00:00,CC,24.27455939253716
2026-04-06 14:12:00+00:00,ETH,72.08159253959133
2026-04-06 14:12:00+00:00,FARTCOIN,44.00546287863159
2026-04-06 14:12:00+00:00,SOL,72.90673954541093
2026-04-06 14:12:00+00:00,XPL,198.61477444835378
2026-04-06 14:13:00+00:00,AVAX,11.143276173840688
2026-04-06 14:13:00+00:00,BCH,139.08601447774396
2026-04-06 14:13:00+00:00,BTC,63651.533119630374
2026-04-06 14:13:00+00:00,CC,24.31902793736573
2026-04-06 14:13:00+00:00,ETH,72.05525523815066
2026-04-06 14:13:00+00:00,FARTCOIN,43.89907488786477
2026-04-06 14:13:00+00:00,SOL,72.91274666434472
2026-04-06 14:13:00+00:00,XPL,198.63507159500662
2026-04-06 14:14:00+00:00,AVAX,11.166364630565898
2026-04-06 14:14:00+00:00,BCH,139.15262209088687
2026-04-06 14:14:00+00:00,BTC,63663.946578757015
2026-04-06 14:14:00+00:00,CC,24.36028111031305
2026-04-06 14:14:00+00:00,ETH,72.14279805804178
2026-04-06 14:14:00+00:00,FARTCOIN,43.86102558246934
2026-04-06 14:14:00+00:00,SOL,72.89555352788474
2026-04-06 14:14:00+00:00,XPL,198.63509763525062
2026-04-06 14:15:00+00:00,AVAX,11.180470943122158
2026-04-06 14:15:00+00:00,BCH,138.97670146026343
2026-04-06 14:15:00+00:00,BTC,63664.56982990012
2026-04-06 14:15:00+00:00,CC,24.348401730527836
2026-04-06 14:15:00+00:00,ETH,72.20366097143834
2026-04-06 14:15:00+00:00,FARTCOIN,43.79687962548221
2026-04-06 14:15:00+00:00,SOL,72.86414984046307
2026-04-06 14:15:00+00:00,XPL,198.8988570005198
2026-04-06 14:16:00+00:00,AVAX,11.165203823778139
2026-04-06 14:16:00+00:00,BCH,139.12930535453057
2026-04-06 14:16:00+00:00,BTC,63679.57149106497
2026-04-06 14:16:00+00:00,CC,24.321696274988472
2026-04-06 14:16:00+00:00,ETH,72.38552027893584
2026-04-06 14:16:00+00:00,FARTCOIN,43.895007127717555
2026-04-06 14:16:00+00:00,SOL,72.98011580488794
2026-04-06 14:16:00+00:00,XPL,198.76742613048214
2026-04-06 14:17:00+00:00,AVAX,11.16133572352142
2026-04-06 14:17:00+00:00,BCH,139.1696837534207
2026-04-06 14:17:00+00:00,BTC,63698.51746128512
2026-04-06 14:17:00+00:00,CC,24.360443930739272
2026-04-06 14:17:00+00:00,ETH,72.354969408231
2026-04-06 14:17:00+00:00,FARTCOIN,43.89707540534578
2026-04-06 14:17:00+00:00,SOL,72.95437156010341
2026-04-06 14:17:00+00:00,XPL,198.7457924038357
2026-04-06 14:18:00+00:00,AVAX,11.141768814180455
2026-04-06 14:18:00+00:00,BCH,139.00169385422606
2026-04-06 14:18:00+00:00,BTC,63612.20864118393
2026-04-06 14:18:00+00:00,CC,24.369739536509336
2026-04-06 14:18:00+00:00,ETH,72.23863261350547
2026-04-06 14:18:00+00:00,FARTCOIN,43.934356648705496
2026-04-06 14:18:00+00:00,SOL,72.83925528711775
2026-04-06 14:18:00+00:00,XPL,198.43236228417524
2026-04-06 14:19:00+00:00,AVAX,11.145387680153698
2026-04-06 14:19:00+00:00,BCH,138.81457964029855
2026-04-06 14:19:00+00:00,BTC,63641.89707873973
2026-04-06 14:19:00+00:00,CC,24.381625640339728
2026-04-06 14:19:00+00:00,ETH,72.24738150130588
2026-04-06 14:19:00+00:00,FARTCOIN,43.92343078955305
2026-04-06 14:19:00+00:00,SOL,72.76411428676712
2026-04-06 14:19:00+00:00,XPL,198.78906850922652
2026-04-06 14:20:00+00:00,AVAX,11.138272681648361
2026-04-06 14:20:00+00:00,BCH,138.7427083440284
2026-04-06 14:20:00+00:00,BTC,63598.163806692406
2026-04-06 14:20:00+00:00,CC,24.35974463611556
2026-04-06 14:20:00+00:00,ETH,72.17332968055568
2026-04-06 14:20:00+00:00,FARTCOIN,43.90792487948935
2026-04-06 14:20:00+00:00,SOL,72.67204215112181
2026-04-06 14:20:00+00:00,XPL,198.8553789024919
2026-04-06 14:21:00+00:00,AVAX,11.158768642473067
2026-04-06 14:21:00+00:00,BCH,138.72926170633178
2026-04-06 14:21:00+00:00,BTC,63533.98690526797
2026-04-06 14:21:00+00:00,CC,24.36726990696225
2026-04-06 14:21:00+00:00,ETH,72.05367994278286
2026-04-06 14:21:00+00:00,FARTCOIN,43.89734108276359
2026-04-06 14:21:00+00:00,SOL,72.49814809755603
2026-04-06 14:21:00+00:00,XPL,198.64650165398808
2026-04-06 14:22:00+00:00,AVAX,11.147567965099448
2026-04-06 14:22:00+00:00,BCH,138.6949435746638
2026-04-06 14:22:00+00:00,BTC,63531.38918893417
2026-04-06 14:22:00+00:00,CC,24.33535724124232
2026-04-06 14:22:00+00:00,ETH,71.87224970013847
2026-04-06 14:22:00+00:00,FARTCOIN,43.95530931071158
2026-04-06 14:22:00+00:00,SOL,72.53686298390309
2026-04-06 14:22:00+00:00,XPL,198.6175960058951
2026-04-06 14:23:00+00:00,AVAX,11.150422572106411
2026-04-06 14:23:00+00:00,BCH,138.84852891552703
2026-04-06 14:23:00+00:00,BTC,63535.12409957887
2026-04-06 14:23:00+00:00,CC,24.35416678655498
2026-04-06 14:23:00+00:00,ETH,71.84772670120397
2026-04-06 14:23:00+00:00,FARTCOIN,43.97226645331229
2026-04-06 14:23:00+00:00,SOL,72.7235003828326
2026-04-06 14:23:00+00:00,XPL,198.74144054637216
2026-04-06 14:24:00+00:00,AVAX,11.152008506902089
2026-04-06 14:24:00+00:00,BCH,138.93283131776803
2026-04-06 14:24:00+00:00,BTC,63504.28818473747
2026-04-06 14:24:00+00:00,CC,24.392129740842112
2026-04-06 14:24:00+00:00,ETH,71.8419637449573
2026-04-06 14:24:00+00:00,FARTCOIN,43.91224610938746
2026-04-06 14:24:00+00:00,SOL,72.6695125369049
2026-04-06 14:24:00+00:00,XPL,198.66236641788268
2026-04-06 14:25:00+00:00,AVAX,11.157508350966905
2026-04-06 14:25:00+00:00,BCH,138.9213667911058
2026-04-06 14:25:00+00:00,BTC,63541.240792379394
2026-04-06 14:25:00+00:00,CC,24.44276171649869
2026-04-06 14:25:00+00:00,ETH,71.84559647500173
2026-04-06 14:25:00+00:00,FARTCOIN,44.002946485778345
2026-04-06 14:25:00+00:00,SOL,72.59647148550793
2026-04-06 14:25:00+00:00,XPL,198.55809202093428
2026-04-06 14:26:00+00:00,AVAX,11.14970716440537
2026-04-06 14:26:00+00:00,BCH,139.00988903941177
2026-04-06 14:26:00+00:00,BTC,63481.57039481034
2026-04-06 14:26:00+00:00,CC,24.458956114940566
2026-04-06 14:26:00+00:00,ETH,71.91339672184625
2026-04-06 14:26:00+00:00,FARTCOIN,43.97922283687365
2026-04-06 14:26:00+00:00,SOL,72.59729948739754
2026-04-06 14:26:00+00:00,XPL,198.36498242184638
2026-04-06 14:27:00+00:00,AVAX,11.136530878599615
2026-04-06 14:27:00+00:00,BCH,138.98189998350725
2026-04-06 14:27:00+00:00,BTC,63463.48957042596
2026-04-06 14:27:00+00:00,CC,24.417035236695806
2026-04-06 14:27:00+00:00,ETH,71.89685183465365
2026-04-06 14:27:00+00:00,FARTCOIN,43.95268515168841
2026-04-06 14:27:00+00:00,SOL,72.53225503821379
2026-04-06 14:27:00+00:00,XPL,198.4343790888782
2026-04-06 14:28:00+00:00,AVAX,11.13372301677423
2026-04-06 14:28:00+00:00,BCH,138.93976297642027
2026-04-06 14:28:00+00:00,BTC,63437.51218102129
2026-04-06 14:28:00+00:00,CC,24.420818064876393
2026-04-06 14:28:00+00:00,ETH,71.95539437592882
2026-04-06 14:28:00+00:00,FARTCOIN,43.80011439447055
2026-04-06 14:28:00+00:00,SOL,72.59185838822226
2026-04-06 14:28:00+00:00,XPL,198.33289643438718
2026-04-06 14:29:00+00:00,AVAX,11.13853983531908
2026-04-06 14:29:00+00:00,BCH,138.94828909240357
2026-04-06 14:29:00+00:00,BTC,63435.44344838254
2026-04-06 14:29:00+00:00,CC,24.483442280366532
2026-04-06 14:29:00+00:00,ETH,71.97033091176827
2026-04-06 14:29:00+00:00,FARTCOIN,43.83318532887484
2026-04-06 14:29:00+00:00,SOL,72.5714233489899
2026-04-06 14:29:00+00:00,XPL,198.2236388659977
2026-04-06 14:30:00+00:00,AVAX,11.143673264683352
2026-04-06 14:30:00+00:00,BCH,138.9800157790693
2026-04-06 14:30:00+00:00,BTC,63447.82757275567
2026-04-06 14:30:00+00:00,CC,24.458890534702196
2026-04-06 14:30:00+00:00,ETH,72.03583144980854
2026-04-06 14:30:00+00:00,FARTCOIN,43.84021043005541
2026-04-06 14:30:00+00:00,SOL,72.54220400432271
2026-04-06 14:30:00+00:00,XPL,197.9138132705498
2026-04-06 14:31:00+00:00,AVAX,11.142709206017292
2026-04-06 14:31:00+00:00,BCH,138.56829864581638
2026-04-06 14:31:00+00:00,BTC,63403.079327460524
2026-04-06 14:31:00+00:00,CC,24.453702794139183
2026-04-06 14:31:00+00:00,ETH,72.01074005653011
2026-04-06 14:31:00+00:00,FARTCOIN,43.839281280616746
2026-04-06 14:31:00+00:00,SOL,72.48710315970406
2026-04-06 14:31:00+00:00,XPL,197.90432623783238
2026-04-06 14:32:00+00:00,AVAX,11.161693541456849
2026-04-06 14:32:00+00:00,BCH,138.60488445732656
2026-04-06 14:32:00+00:00,BTC,63435.23270405655
2026-04-06 14:32:00+00:00,CC,24.497701008855984
2026-04-06 14:32:00+00:00,ETH,72.1305830428311
2026-04-06 14:32:00+00:00,FARTCOIN,43.82253831025121
2026-04-06 14:32:00+00:00,SOL,72.56782239364453
2026-04-06 14:32:00+00:00,XPL,197.88135710233243
2026-04-06 14:33:00+00:00,AVAX,11.171528603838135
2026-04-06 14:33:00+00:00,BCH,138.44003368899206
2026-04-06 14:33:00+00:00,BTC,63438.03036467419
2026-04-06 14:33:00+00:00,CC,24.516066001797267
2026-04-06 14:33:00+00:00,ETH,72.13691868175731
2026-04-06 14:33:00+00:00,FARTCOIN,43.6178651358275
2026-04-06 14:33:00+00:00,SOL,72.55569063697493
2026-04-06 14:33:00+00:00,XPL,197.80673869976278
2026-04-06 14:34:00+00:00,AVAX,11.159675839539426
2026-04-06 14:34:00+00:00,BCH,138.4868335137305
2026-04-06 14:34:00+00:00,BTC,63354.071032529995
2026-04-06 14:34:00+00:00,CC,24.58262697519293
2026-04-06 14:34:00+00:00,ETH,72.08793996610495
2026-04-06 14:34:00+00:00,FARTCOIN,43.41297885093466
2026-04-06 14:34:00+00:00,SOL,72.44166761953369
2026-04-06 14:34:00+00:00,XPL,197.80152702323383
2026-04-06 14:35:00+00:00,AVAX,11.1349294573482
2026-04-06 14:35:00+00:00,BCH,138.52313744107354
2026-04-06 14:35:00+00:00,BTC,63267.27122913247
2026-04-06 14:35:00+00:00,CC,24.554283676611835
2026-04-06 14:35:00+00:00,ETH,72.02772395841443
2026-04-06 14:35:00+00:00,FARTCOIN,43.25185136149289
2026-04-06 14:35:00+00:00,SOL,72.34434896389591
2026-04-06 14:35:00+00:00,XPL,197.9248749216354
2026-04-06 14:36:00+00:00,AVAX,11.128836591349376
2026-04-06 14:36:00+00:00,BCH,138.62837387697192
2026-04-06 14:36:00+00:00,BTC,63266.72564585192
2026-04-06 14:36:00+00:00,CC,24.525095396786597
2026-04-06 14:36:00+00:00,ETH,72.00851046889754
2026-04-06 14:36:00+00:00,FARTCOIN,43.11216703790764
2026-04-06 14:36:00+00:00,SOL,72.26105628532648
2026-04-06 14:36:00+00:00,XPL,198.0912321433896
2026-04-06 14:37:00+00:00,AVAX,11.125174208870103
2026-04-06 14:37:00+00:00,BCH,138.58040341862667
2026-04-06 14:37:00+00:00,BTC,63256.94048757172
2026-04-06 14:37:00+00:00,CC,24.56038822398702
2026-04-06 14:37:00+00:00,ETH,72.02529102121177
2026-04-06 14:37:00+00:00,FARTCOIN,42.92683186433632
2026-04-06 14:37:00+00:00,SOL,72.27737849671702
2026-04-06 14:37:00+00:00,XPL,198.2165325227454
2026-04-06 14:38:00+00:00,AVAX,11.127016426346524
2026-04-06 14:38:00+00:00,BCH,138.44621887910935
2026-04-06 14:38:00+00:00,BTC,63252.36122535073
2026-04-06 14:38:00+00:00,CC,24.524812916615648
2026-04-06 14:38:00+00:00,ETH,72.16583497951397
2026-04-06 14:38:00+00:00,FARTCOIN,42.80356219506942
2026-04-06 14:38:00+00:00,SOL,72.15680566924621
2026-04-06 14:38:00+00:00,XPL,198.15642590345075
2026-04-06 14:39:00+00:00,AVAX,11.122042103770378
2026-04-06 14:39:00+00:00,BCH,138.3620037912242
2026-04-06 14:39:00+00:00,BTC,63251.122267971055
2026-04-06 14:39:00+00:00,CC,24.518926708336004
2026-04-06 14:39:00+00:00,ETH,72.14707381012609
2026-04-06 14:39:00+00:00,FARTCOIN,42.62848285270541
2026-04-06 14:39:00+00:00,SOL,72.12676879662732
2026-04-06 14:39:00+00:00,XPL,198.020870766992
2026-04-06 14:40:00+00:00,AVAX,11.114171020826403
2026-04-06 14:40:00+00:00,BCH,138.6227274779834
2026-04-06 14:40:00+00:00,BTC,63261.109895524314
2026-04-06 14:40:00+00:00,CC,24.51776950418256
2026-04-06 14:40:00+00:00,ETH,72.18400282824776
2026-04-06 14:40:00+00:00,FARTCOIN,42.43396691867473
2026-04-06 14:40:00+00:00,SOL,72.18576771188414
2026-04-06 14:40:00+00:00,XPL,197.77921102149637
2026-04-06 14:41:00+00:00,AVAX,11.10855392384997
2026-04-06 14:41:00+00:00,BCH,138.6145314948772
2026-04-06 14:41:00+00:00,BTC,63303.08837357363
2026-04-06 14:41:00+00:00,CC,24.551525697726696
2026-04-06 14:41:00+00:00,ETH,72.30652011148244
2026-04-06 14:41:00+00:00,FARTCOIN,42.449703062173946
2026-04-06 14:41:00+00:00,SOL,72.24618323037373
2026-04-06 14:41:00+00:00,XPL,197.66470690399137
2026-04-06 14:42:00+00:00,AVAX,11.084727587732479
2026-04-06 14:42:00+00:00,BCH,138.22956020662372
2026-04-06 14:42:00+00:00,BTC,63253.87205541241
2026-04-06 14:42:00+00:00,CC,24.565808204529404
2026-04-06 14:42:00+00:00,ETH,72.3329255272064
2026-04-06 14:42:00+00:00,FARTCOIN,42.373920876827434
2026-04-06 14:42:00+00:00,SOL,72.23680491906589
2026-04-06 14:42:00+00:00,XPL,197.63862191022105
2026-04-06 14:43:00+00:00,AVAX,11.074658598994285
2026-04-06 14:43:00+00:00,BCH,138.26133258507363
2026-04-06 14:43:00+00:00,BTC,63202.001116432104
2026-04-06 14:43:00+00:00,CC,24.57525316245316
2026-04-06 14:43:00+00:00,ETH,72.28326589653068
2026-04-06 14:43:00+00:00,FARTCOIN,42.3788020381846
2026-04-06 14:43:00+00:00,SOL,72.18222433442605
2026-04-06 14:43:00+00:00,XPL,197.4198347333581
2026-04-06 14:44:00+00:00,AVAX,11.052827334234616
2026-04-06 14:44:00+00:00,BCH,138.35813903773266
2026-04-06 14:44:00+00:00,BTC,63153.64944222504
2026-04-06 14:44:00+00:00,CC,24.559628703091086
2026-04-06 14:44:00+00:00,ETH,72.08147461573812
2026-04-06 14:44:00+00:00,FARTCOIN,42.293973329587025
2026-04-06 14:44:00+00:00,SOL,72.2112650318327
2026-04-06 14:44:00+00:00,XPL,197.41237304166154
2026-04-06 14:45:00+00:00,AVAX,11.044777534027025
2026-04-06 14:45:00+00:00,BCH,138.58872487901468
2026-04-06 14:45:00+00:00,BTC,63166.42303319914
2026-04-06 14:45:00+00:00,CC,24.596457742642908
2026-04-06 14:45:00+00:00,ETH,72.12740066715304
2026-04-06 14:45:00+00:00,FARTCOIN,42.243554138947395
2026-04-06 14:45:00+00:00,SOL,72.28381128536243
2026-04-06 14:45:00+00:00,XPL,197.191769681773
2026-04-06 14:46:00+00:00,AVAX,11.049044204505147
2026-04-06 14:46:00+00:00,BCH,138.82109117809327
2026-04-06 14:46:00+00:00,BTC,63221.49423691814
2026-04-06 14:46:00+00:00,CC,24.7198785574506
2026-04-06 14:46:00+00:00,ETH,72.03680910478302
2026-04-06 14:46:00+00:00,FARTCOIN,42.14869151159841
2026-04-06 14:46:00+00:00,SOL,72.36642613269694
2026-04-06 14:46:00+00:00,XPL,196.8334240343151
2026-04-06 14:47:00+00:00,AVAX,11.032935706156858
2026-04-06 14:47:00+00:00,BCH,138.9356270352158
2026-04-06 14:47:00+00:00,BTC,63202.40817179738
2026-04-06 14:47:00+00:00,CC,24.73889919062931
2026-04-06 14:47:00+00:00,ETH,72.11366267229982
2026-04-06 14:47:00+00:00,FARTCOIN,42.13729065828358
2026-04-06 14:47:00+00:00,SOL,72.4082764612858
2026-04-06 14:47:00+00:00,XPL,197.01516541829739
2026-04-06 14:48:00+00:00,AVAX,11.020291110216936
2026-04-06 14:48:00+00:00,BCH,138.73558290886376
2026-04-06 14:48:00+00:00,BTC,63091.82560732014
2026-04-06 14:48:00+00:00,CC,24.733194283318326
2026-04-06 14:48:00+00:00,ETH,72.01738423380422
2026-04-06 14:48:00+00:00,FARTCOIN,42.20397601422812
2026-04-06 14:48:00+00:00,SOL,72.34942303535531
2026-04-06 14:48:00+00:00,XPL,196.83408624823173
2026-04-06 14:49:00+00:00,AVAX,11.01646029652684
2026-04-06 14:49:00+00:00,BCH,138.336247616831
2026-04-06 14:49:00+00:00,BTC,63016.61485737401
2026-04-06 14:49:00+00:00,CC,24.688813466569158
2026-04-06 14:49:00+00:00,ETH,72.00916254065548
2026-04-06 14:49:00+00:00,FARTCOIN,42.18798158670984
2026-04-06 14:49:00+00:00,SOL,72.24752609438632
2026-04-06 14:49:00+00:00,XPL,196.58957359617017
2026-04-06 14:50:00+00:00,AVAX,11.005557844037371
2026-04-06 14:50:00+00:00,BCH,138.27116688440523
2026-04-06 14:50:00+00:00,BTC,62979.87896121192
2026-04-06 14:50:00+00:00,CC,24.667057329049932
2026-04-06 14:50:00+00:00,ETH,71.91506799554456
2026-04-06 14:50:00+00:00,FARTCOIN,42.21565235972284
2026-04-06 14:50:00+00:00,SOL,72.12443705209728
2026-04-06 14:50:00+00:00,XPL,196.30880027195676
2026-04-06 14:51:00+00:00,AVAX,10.99757980080492
2026-04-06 14:51:00+00:00,BCH,138.30263639294157
2026-04-06 14:51:00+00:00,BTC,62955.29577180904
2026-04-06 14:51:00+00:00,CC,24.6588067318079
2026-04-06 14:51:00+00:00,ETH,71.79082670622093
2026-04-06 14:51:00+00:00,FARTCOIN,42.33168059235671
2026-04-06 14:51:00+00:00,SOL,72.12778927370086
2026-04-06 14:51:00+00:00,XPL,196.39314501544735
2026-04-06 14:52:00+00:00,AVAX,11.000227188027107
2026-04-06 14:52:00+00:00,BCH,138.25220187802148
2026-04-06 14:52:00+00:00,BTC,62937.301185233104
2026-04-06 14:52:00+00:00,CC,24.64158377182738
2026-04-06 14:52:00+00:00,ETH,71.79022996271038
2026-04-06 14:52:00+00:00,FARTCOIN,42.349789411539945
2026-04-06 14:52:00+00:00,SOL,72.14571446832076
2026-04-06 14:52:00+00:00,XPL,196.7061925246865
2026-04-06 14:53:00+00:00,AVAX,10.993413120591429
2026-04-06 14:53:00+00:00,BCH,138.23287602195924
2026-04-06 14:53:00+00:00,BTC,62939.00094241547
2026-04-06 14:53:00+00:00,CC,24.641241452233864
2026-04-06 14:53:00+00:00,ETH,71.78970680567897
2026-04-06 14:53:00+00:00,FARTCOIN,42.31114791483676
2026-04-06 14:53:00+00:00,SOL,72.21821262320852
2026-04-06 14:53:00+00:00,XPL,196.61213295123514
2026-04-06 14:54:00+00:00,AVAX,10.983633889278867
2026-04-06 14:54:00+00:00,BCH,138.08736644480877
2026-04-06 14:54:00+00:00,BTC,62925.26773908988
2026-04-06 14:54:00+00:00,CC,24.692794879971128
2026-04-06 14:54:00+00:00,ETH,71.74464593313765
2026-04-06 14:54:00+00:00,FARTCOIN,42.277450914382456
2026-04-06 14:54:00+00:00,SOL,72.14399758998607
2026-04-06 14:54:00+00:00,XPL,196.5527020498785
2026-04-06 14:55:00+00:00,AVAX,11.002335212731815
2026-04-06 14:55:00+00:00,BCH,138.04909285477004
2026-04-06 14:55:00+00:00,BTC,62971.50570193487
2026-04-06 14:55:00+00:00,CC,24.733411049458105
2026-04-06 14:55:00+00:00,ETH,71.79492441348039
2026-04-06 14:55:00+00:00,FARTCOIN,42.283695644918154
2026-04-06 14:55:00+00:00,SOL,72.13018832247681
2026-04-06 14:55:00+00:00,XPL,196.83453755337348
2026-04-06 14:56:00+00:00,AVAX,11.006665909168257
2026-04-06 14:56:00+00:00,BCH,138.2220528479614
2026-04-06 14:56:00+00:00,BTC,62941.71387208468
2026-04-06 14:56:00+00:00,CC,24.72635705576932
2026-04-06 14:56:00+00:00,ETH,71.94502206740519
2026-04-06 14:56:00+00:00,FARTCOIN,42.24759588293767
2026-04-06 14:56:00+00:00,SOL,72.13103080387039
2026-04-06 14:56:00+00:00,XPL,196.38878425607604
2026-04-06 14:57:00+00:00,AVAX,11.006977576309886
2026-04-06 14:57:00+00:00,BCH,138.3843976564771
2026-04-06 14:57:00+00:00,BTC,62903.73229731539
2026-04-06 14:57:00+00:00,CC,24.687550828401598
2026-04-06 14:57:00+00:00,ETH,71.96214657476582
2026-04-06 14:57:00+00:00,FARTCOIN,42.21421535580532
2026-04-06 14:57:00+00:00,SOL,72.08941387020431
2026-04-06 14:57:00+00:00,XPL,196.82909330132128
2026-04-06 14:58:00+00:00,AVAX,11.019290381112821
2026-04-06 14:58:00+00:00,BCH,138.42350348862345
2026-04-06 14:58:00+00:00,BTC,62924.82197295851
2026-04-06 14:58:00+00:00,CC,24.72886006588086
2026-04-06 14:58:00+00:00,ETH,72.05067698449679
2026-04-06 14:58:00+00:00,FARTCOIN,42.26698852951355
2026-04-06 14:58:00+00:00,SOL,71.98767712676485
2026-04-06 14:58:00+00:00,XPL,197.42045988177992
2026-04-06 14:59:00+00:00,AVAX,10.989652519530376
2026-04-06 14:59:00+00:00,BCH,138.33212766818735
2026-04-06 14:59:00+00:00,BTC,62857.21731255959
2026-04-06 14:59:00+00:00,CC,24.722088870669012
2026-04-06 14:59:00+00:00,ETH,72.03957023238755
2026-04-06 14:59:00+00:00,FARTCOIN,42.30997043686101
2026-04-06 14:59:00+00:00,SOL,71.94621627297353
2026-04-06 14:59:00+00:00,XPL,196.73805492706146
2026-04-06 15:00:00+00:00,AVAX,11.005602580050573
2026-04-06 15:00:00+00:00,BCH,138.24211579743655
2026-04-06 15:00:00+00:00,BTC,62874.36610675759
2026-04-06 15:00:00+00:00,CC,24.672268659983278
2026-04-06 15:00:00+00:00,ETH,72.1522837195625
2026-04-06 15:00:00+00:00,FARTCOIN,42.228740843449046
2026-04-06 15:00:00+00:00,SOL,71.84302493098525
2026-04-06 15:00:00+00:00,XPL,196.72576960226672
2026-04-06 15:01:00+00:00,AVAX,11.010158467079284
2026-04-06 15:01:00+00:00,BCH,138.33052728851908
2026-04-06 15:01:00+00:00,BTC,62878.87984526336
2026-04-06 15:01:00+00:00,CC,24.693724935819144
2026-04-06 15:01:00+00:00,ETH,72.14434413229782
2026-04-06 15:01:00+00:00,FARTCOIN,42.187906573718564
2026-04-06 15:01:00+00:00,SOL,71.78631204623471
2026-04-06 15:01:00+00:00,XPL,196.55894236841488
2026-04-06 15:02:00+00:00,AVAX,11.01921226217673
2026-04-06 15:02:00+00:00,BCH,138.53761852812576
2026-04-06 15:02:00+00:00,BTC,62872.39046712729
2026-04-06 15:02:00+00:00,CC,24.723626928818053
2026-04-06 15:02:00+00:00,ETH,72.00473482297242
2026-04-06 15:02:00+00:00,FARTCOIN,42.16355231697571
2026-04-06 15:02:00+00:00,SOL,71.86738910585464
2026-04-06 15:02:00+00:00,XPL,196.49244434876007
2026-04-06 15:03:00+00:00,AVAX,11.03347450329504
2026-04-06 15:03:00+00:00,BCH,138.47788243297774
2026-04-06 15:03:00+00:00,BTC,62942.33044022365
2026-04-06 15:03:00+00:00,CC,24.65724102293754
2026-04-06 15:03:00+00:00,ETH,72.06058150695614
2026-04-06 15:03:00+00:00,FARTCOIN,42.203258093413
2026-04-06 15:03:00+00:00,SOL,72.05358066875272
2026-04-06 15:03:00+00:00,XPL,196.43749242387304
2026-04-06 15:04:00+00:00,AVAX,11.029876179464518
2026-04-06 15:04:00+00:00,BCH,138.48443003527404
2026-04-06 15:04:00+00:00,BTC,62914.92217878857
2026-04-06 15:04:00+00:00,CC,24.63070994713189
2026-04-06 15:04:00+00:00,ETH,72.08655312361354
2026-04-06 15:04:00+00:00,FARTCOIN,42.2575064606843
2026-04-06 15:04:00+00:00,SOL,71.9481495211958
2026-04-06 15:04:00+00:00,XPL,196.61181014678172
2026-04-06 15:05:00+00:00,AVAX,11.040669769392974
2026-04-06 15:05:00+00:00,BCH,138.72157936222723
2026-04-06 15:05:00+00:00,BTC,63005.72409004845
2026-04-06 15:05:00+00:00,CC,24.63455009852999
2026-04-06 15:05:00+00:00,ETH,72.11200828312377
2026-04-06 15:05:00+00:00,FARTCOIN,42.40697311586556
2026-04-06 15:05:00+00:00,SOL,72.01505101721044
2026-04-06 15:05:00+00:00,XPL,196.6419644244927
2026-04-06 15:06:00+00:00,AVAX,11.04283724602152
2026-04-06 15:06:00+00:00,BCH,138.7688518201206
2026-04-06 15:06:00+00:00,BTC,62995.78244429104
2026-04-06 15:06:00+00:00,CC,24.655494735882478
2026-04-06 15:06:00+00:00,ETH,72.09089257551699
2026-04-06 15:06:00+00:00,FARTCOIN,42.38194476945994
2026-04-06 15:06:00+00:00,SOL,72.00815436221997
2026-04-06 15:06:00+00:00,XPL,196.42093553732172
2026-04-06 15:07:00+00:00,AVAX,11.031354275774984
2026-04-06 15:07:00+00:00,BCH,138.86862238533328
2026-04-06 15:07:00+00:00,BTC,62939.494950956745
2026-04-06 15:07:00+00:00,CC,24.63583542707014
2026-04-06 15:07:00+00:00,ETH,71.99130171411402
2026-04-06 15:07:00+00:00,FARTCOIN,42.35323408719855
2026-04-06 15:07:00+00:00,SOL,72.0689029694569
2026-04-06 15:07:00+00:00,XPL,196.34524861166415
2026-04-06 15:08:00+00:00,AVAX,11.04043340183641
2026-04-06 15:08:00+00:00,BCH,139.12910876045012
2026-04-06 15:08:00+00:00,BTC,62942.57551852382
2026-04-06 15:08:00+00:00,CC,24.611488006875533
2026-04-06 15:08:00+00:00,ETH,72.09168636721859
2026-04-06 15:08:00+00:00,FARTCOIN,42.38357294554937
2026-04-06 15:08:00+00:00,SOL,72.03993854082788
2026-04-06 15:08:00+00:00,XPL,196.4684997791485
2026-04-06 15:09:00+00:00,AVAX,11.017623428452886
2026-04-06 15:09:00+00:00,BCH,139.01082959131733
2026-04-06 15:09:00+00:00,BTC,62895.17422480273
2026-04-06 15:09:00+00:00,CC,24.629262163244363
2026-04-06 15:09:00+00:00,ETH,72.09414801013143
2026-04-06 15:09:00+00:00,FARTCOIN,42.342508996253144
2026-04-06 15:09:00+00:00,SOL,71.96292858581089
2026-04-06 15:09:00+00:00,XPL,196.16006263825543
2026-04-06 15:10:00+00:00,AVAX,11.007329924035082
2026-04-06 15:10:00+00:00,BCH,139.03287311504948
2026-04-06 15:10:00+00:00,BTC,62862.0856611328
2026-04-06 15:10:00+00:00,CC,24.61283419622064
2026-04-06 15:10:00+00:00,ETH,72.10417641446615
2026-04-06 15:10:00+00:00,FARTCOIN,42.330891803514376
2026-04-06 15:10:00+00:00,SOL,72.03107793980423
2026-04-06 15:10:00+00:00,XPL,195.75233158307043
2026-04-06 15:11:00+00:00,AVAX,11.030211227443422
2026-04-06 15:11:00+00:00,BCH,139.07626441828043
2026-04-06 15:11:00+00:00,BTC,62879.55892805554
2026-04-06 15:11:00+00:00,CC,24.63021823005593
2026-04-06 15:11:00+00:00,ETH,72.16157080744368
2026-04-06 15:11:00+00:00,FARTCOIN,42.31216617488114
2026-04-06 15:11:00+00:00,SOL,72.02379773599586
2026-04-06 15:11:00+00:00,XPL,196.23189975232305
2026-04-06 15:12:00+00:00,AVAX,11.027642578529093
2026-04-06 15:12:00+00:00,BCH,139.04312198510706
2026-04-06 15:12:00+00:00,BTC,62904.018013585555
2026-04-06 15:12:00+00:00,CC,24.599301177960356
2026-04-06 15:12:00+00:00,ETH,72.18300937065517
2026-04-06 15:12:00+00:00,FARTCOIN,42.18254280774135
2026-04-06 15:12:00+00:00,SOL,72.09445551453604
2026-04-06 15:12:00+00:00,XPL,196.09593255992067
2026-04-06 15:13:00+00:00,AVAX,11.021193237654975
2026-04-06 15:13:00+00:00,BCH,139.0255401151038
2026-04-06 15:13:00+00:00,BTC,62876.628184634916
2026-04-06 15:13:00+00:00,CC,24.557274697435126
2026-04-06 15:13:00+00:00,ETH,72.16912348026094
2026-04-06 15:13:00+00:00,FARTCOIN,42.18510658866575
2026-04-06 15:13:00+00:00,SOL,71.97202651854458
2026-04-06 15:13:00+00:00,XPL,196.04653691000598
2026-04-06 15:14:00+00:00,AVAX,11.018914105661487
2026-04-06 15:14:00+00:00,BCH,139.19133727228206
2026-04-06 15:14:00+00:00,BTC,62920.102501592504
2026-04-06 15:14:00+00:00,CC,24.58293963910492
2026-04-06 15:14:00+00:00,ETH,72.134551202128
2026-04-06 15:14:00+00:00,FARTCOIN,42.18170675664839
2026-04-06 15:14:00+00:00,SOL,72.00322570985291
2026-04-06 15:14:00+00:00,XPL,195.98006531772887
2026-04-06 15:15:00+00:00,AVAX,11.02983902184905
2026-04-06 15:15:00+00:00,BCH,139.31443025928618
2026-04-06 15:15:00+00:00,BTC,62971.104515878484
2026-04-06 15:15:00+00:00,CC,24.594375208221543
2026-04-06 15:15:00+00:00,ETH,72.04234427503755
2026-04-06 15:15:00+00:00,FARTCOIN,42.25294967781872
2026-04-06 15:15:00+00:00,SOL,71.94529218969802
2026-04-06 15:15:00+00:00,XPL,196.14078708436952
2026-04-06 15:16:00+00:00,AVAX,11.031956525598837
2026-04-06 15:16:00+00:00,BCH,139.32300343945892
2026-04-06 15:16:00+00:00,BTC,63034.44820939317
2026-04-06 15:16:00+00:00,CC,24.62656641625389
2026-04-06 15:16:00+00:00,ETH,72.11367789914523
2026-04-06 15:16:00+00:00,FARTCOIN,42.26172529012003
2026-04-06 15:16:00+00:00,SOL,71.93843678773119
2026-04-06 15:16:00+00:00,XPL,196.59801931745548
2026-04-06 15:17:00+00:00,AVAX,11.033588836846322
2026-04-06 15:17:00+00:00,BCH,139.30876485476512
2026-04-06 15:17:00+00:00,BTC,63057.812435787906
2026-04-06 15:17:00+00:00,CC,24.61265649066273
2026-04-06 15:17:00+00:00,ETH,72.15743476418574
2026-04-06 15:17:00+00:00,FARTCOIN,42.20126757291977
2026-04-06 15:17:00+00:00,SOL,72.01547243348261
2026-04-06 15:17:00+00:00,XPL,196.74946566108542
2026-04-06 15:18:00+00:00,AVAX,11.0509828623916
2026-04-06 15:18:00+00:00,BCH,139.3646281969038
2026-04-06 15:18:00+00:00,BTC,63118.02354635979
2026-04-06 15:18:00+00:00,CC,24.593878137763927
2026-04-06 15:18:00+00:00,ETH,72.29463372271
2026-04-06 15:18:00+00:00,FARTCOIN,42.19625273017088
2026-04-06 15:18:00+00:00,SOL,72.07068085818476
2026-04-06 15:18:00+00:00,XPL,196.4287977663425
2026-04-06 15:19:00+00:00,AVAX,11.031683035318455
2026-04-06 15:19:00+00:00,BCH,139.1032479349238
2026-04-06 15:19:00+00:00,BTC,63034.979628835354
2026-04-06 15:19:00+00:00,CC,24.627583780864633
2026-04-06 15:19:00+00:00,ETH,72.31597298209718
2026-04-06 15:19:00+00:00,FARTCOIN,42.07942096697543
2026-04-06 15:19:00+00:00,SOL,71.96940123510608
2026-04-06 15:19:00+00:00,XPL,196.0511811418845
2026-04-06 15:20:00+00:00,AVAX,11.037427576249192
2026-04-06 15:20:00+00:00,BCH,139.11618948273508
2026-04-06 15:20:00+00:00,BTC,63020.95372654573
2026-04-06 15:20:00+00:00,CC,24.58152265756231
2026-04-06 15:20:00+00:00,ETH,72.40453064843751
2026-04-06 15:20:00+00:00,FARTCOIN,42.01644964103488
2026-04-06 15:20:00+00:00,SOL,71.90731634493775
2026-04-06 15:20:00+00:00,XPL,195.94862132505443
2026-04-06 15:21:00+00:00,AVAX,11.039901763291914
2026-04-06 15:21:00+00:00,BCH,139.09677477487173
2026-04-06 15:21:00+00:00,BTC,62982.71768181987
2026-04-06 15:21:00+00:00,CC,24.615477735916368
2026-04-06 15:21:00+00:00,ETH,72.30221652962766
2026-04-06 15:21:00+00:00,FARTCOIN,42.04340033869346
2026-04-06 15:21:00+00:00,SOL,71.85595989305843
2026-04-06 15:21:00+00:00,XPL,195.86178427357422
2026-04-06 15:22:00+00:00,AVAX,11.05117262706092
2026-04-06 15:22:00+00:00,BCH,139.22932829900688
2026-04-06 15:22:00+00:00,BTC,62987.97431929755
2026-04-06 15:22:00+00:00,CC,24.65492600897992
2026-04-06 15:22:00+00:00,ETH,72.28442520532897
2026-04-06 15:22:00+00:00,FARTCOIN,42.031624920738395
2026-04-06 15:22:00+00:00,SOL,71.88053461023995
2026-04-06 15:22:00+00:00,XPL,195.46074731953186
2026-04-06 15:23:00+00:00,AVAX,11.048813173026453
2026-04-06 15:23:00+00:00,BCH,139.07460908172547
2026-04-06 15:23:00+00:00,BTC,62962.7832579073
2026-04-06 15:23:00+00:00,CC,24.678411254061864
2026-04-06 15:23:00+00:00,ETH,72.29109654018954
2026-04-06 15:23:00+00:00,FARTCOIN,42.074813867494235
2026-04-06 15:23:00+00:00,SOL,71.9196922954582
2026-04-06 15:23:00+00:00,XPL,195.63736843164642
2026-04-06 15:24:00+00:00,AVAX,11.079995623108564
2026-04-06 15:24:00+00:00,BCH,138.98860486459517
2026-04-06 15:24:00+00:00,BTC,62955.46045164264
2026-04-06 15:24:00+00:00,CC,24.657477270193233
2026-04-06 15:24:00+00:00,ETH,72.44885218761613
2026-04-06 15:24:00+00:00,FARTCOIN,41.974646592048295
2026-04-06 15:24:00+00:00,SOL,71.74287996615716
2026-04-06 15:24:00+00:00,XPL,195.377959757612
2026-04-06 15:25:00+00:00,AVAX,11.102943581372884
2026-04-06 15:25:00+00:00,BCH,139.33915941131247
2026-04-06 15:25:00+00:00,BTC,63038.4603471113
2026-04-06 15:25:00+00:00,CC,24.63982084908064
2026-04-06 15:25:00+00:00,ETH,72.62671353338581
2026-04-06 15:25:00+00:00,FARTCOIN,41.9734944376623
2026-04-06 15:25:00+00:00,SOL,71.76952368917195
2026-04-06 15:25:00+00:00,XPL,195.77996559414404
2026-04-06 15:26:00+00:00,AVAX,11.105068961265465
2026-04-06 15:26:00+00:00,BCH,139.30446416248674
2026-04-06 15:26:00+00:00,BTC,63030.971579707606
2026-04-06 15:26:00+00:00,CC,24.633025441213626
2026-04-06 15:26:00+00:00,ETH,72.69257762056951
2026-04-06 15:26:00+00:00,FARTCOIN,41.94855382238758
2026-04-06 15:26:00+00:00,SOL,71.77255266663327
2026-04-06 15:26:00+00:00,XPL,196.20350324306168
2026-04-06 15:27:00+00:00,AVAX,11.099050251309901
2026-04-06 15:27:00+00:00,BCH,139.3425446692381
2026-04-06 15:27:00+00:00,BTC,63049.23143635518
2026-04-06 15:27:00+00:00,CC,24.596199115889405
2026-04-06 15:27:00+00:00,ETH,72.68510500915635
2026-04-06 15:27:00+00:00,FARTCOIN,41.9991301645874
2026-04-06 15:27:00+00:00,SOL,71.78383832532525
2026-04-06 15:27:00+00:00,XPL,196.15642528697498
2026-04-06 15:28:00+00:00,AVAX,11.096547104379384
2026-04-06 15:28:00+00:00,BCH,139.3013341314462
2026-04-06 15:28:00+00:00,BTC,63038.98118774762
2026-04-06 15:28:00+00:00,CC,24.567031791088944
2026-04-06 15:28:00+00:00,ETH,72.61731562861006
2026-04-06 15:28:00+00:00,FARTCOIN,42.0316836000302
2026-04-06 15:28:00+00:00,SOL,71.79997990086383
2026-04-06 15:28:00+00:00,XPL,196.25339945744395
2026-04-06 15:29:00+00:00,AVAX,11.111301371424464
2026-04-06 15:29:00+00:00,BCH,139.44973800254823
2026-04-06 15:29:00+00:00,BTC,63042.322298259714
2026-04-06 15:29:00+00:00,CC,24.586306805123566
2026-04-06 15:29:00+00:00,ETH,72.67216723676121
2026-04-06 15:29:00+00:00,FARTCOIN,42.06453588911751
2026-04-06 15:29:00+00:00,SOL,71.8205058291645
2026-04-06 15:29:00+00:00,XPL,195.96556240591104
2026-04-06 15:30:00+00:00,AVAX,11.128450007516568
2026-04-06 15:30:00+00:00,BCH,139.59738290000396
2026-04-06 15:30:00+00:00,BTC,63042.5878126739
2026-04-06 15:30:00+00:00,CC,24.6054931131669
2026-04-06 15:30:00+00:00,ETH,72.60047408907437
2026-04-06 15:30:00+00:00,FARTCOIN,42.142449827976286
2026-04-06 15:30:00+00:00,SOL,71.80105938663898
2026-04-06 15:30:00+00:00,XPL,196.1124453925633
2026-04-06 15:31:00+00:00,AVAX,11.146239116306244
2026-04-06 15:31:00+00:00,BCH,139.77459412403746
2026-04-06 15:31:00+00:00,BTC,63062.37537395382
2026-04-06 15:31:00+00:00,CC,24.576064730972114
2026-04-06 15:31:00+00:00,ETH,72.6042610360706
2026-04-06 15:31:00+00:00,FARTCOIN,42.12648342869578
2026-04-06 15:31:00+00:00,SOL,71.7861683101741
2026-04-06 15:31:00+00:00,XPL,196.00754044930008
2026-04-06 15:32:00+00:00,AVAX,11.161855126166685
2026-04-06 15:32:00+00:00,BCH,139.87488604800566
2026-04-06 15:32:00+00:00,BTC,63113.837303104076
2026-04-06 15:32:00+00:00,CC,24.600025517859176
2026-04-06 15:32:00+00:00,ETH,72.64711439048885
2026-04-06 15:32:00+00:00,FARTCOIN,42.20091245794362
2026-04-06 15:32:00+00:00,SOL,71.82008858440197
2026-04-06 15:32:00+00:00,XPL,195.7839177940304
2026-04-06 15:33:00+00:00,AVAX,11.160182147992312
2026-04-06 15:33:00+00:00,BCH,139.90216529647628
2026-04-06 15:33:00+00:00,BTC,63186.66063380241
2026-04-06 15:33:00+00:00,CC,24.619117601022243
2026-04-06 15:33:00+00:00,ETH,72.82268328120979
2026-04-06 15:33:00+00:00,FARTCOIN,42.157787778648945
2026-04-06 15:33:00+00:00,SOL,71.96488485957728
2026-04-06 15:33:00+00:00,XPL,195.7610972141916
2026-04-06 15:34:00+00:00,AVAX,11.167133417924049
2026-04-06 15:34:00+00:00,BCH,140.170603160397
2026-04-06 15:34:00+00:00,BTC,63200.35681929242
2026-04-06 15:34:00+00:00,CC,24.664833635307197
2026-04-06 15:34:00+00:00,ETH,72.81285261866515
2026-04-06 15:34:00+00:00,FARTCOIN,42.10496740412215
2026-04-06 15:34:00+00:00,SOL,71.93073963790438
2026-04-06 15:34:00+00:00,XPL,195.66019843564206
2026-04-06 15:35:00+00:00,AVAX,11.1585772935124
2026-04-06 15:35:00+00:00,BCH,140.3278868485389
2026-04-06 15:35:00+00:00,BTC,63226.443903259285
2026-04-06 15:35:00+00:00,CC,24.683721801239475
2026-04-06 15:35:00+00:00,ETH,72.67866987908404
2026-04-06 15:35:00+00:00,FARTCOIN,42.14649631419892
2026-04-06 15:35:00+00:00,SOL,71.95190868506917
2026-04-06 15:35:00+00:00,XPL,195.60001191097228
2026-04-06 15:36:00+00:00,AVAX,11.136020870189906
2026-04-06 15:36:00+00:00,BCH,140.17420573279782
2026-04-06 15:36:00+00:00,BTC,63175.52886549023
2026-04-06 15:36:00+00:00,CC,24.71111558826848
2026-04-06 15:36:00+00:00,ETH,72.66190017896494
2026-04-06 15:36:00+00:00,FARTCOIN,42.06368363236308
2026-04-06 15:36:00+00:00,SOL,71.91452093783296
2026-04-06 15:36:00+00:00,XPL,195.7914991850743
2026-04-06 15:37:00+00:00,AVAX,11.137835701190957
2026-04-06 15:37:00+00:00,BCH,140.34660683162417
2026-04-06 15:37:00+00:00,BTC,63171.642823239956
2026-04-06 15:37:00+00:00,CC,24.72496239519564
2026-04-06 15:37:00+00:00,ETH,72.61240476542642
2026-04-06 15:37:00+00:00,FARTCOIN,42.092086877505544
2026-04-06 15:37:00+00:00,SOL,72.0118172271474
2026-04-06 15:37:00+00:00,XPL,195.60467174497316
2026-04-06 15:38:00+00:00,AVAX,11.149317503652098
2026-04-06 15:38:00+00:00,BCH,140.35747347715102
2026-04-06 15:38:00+00:00,BTC,63213.23625134837
2026-04-06 15:38:00+00:00,CC,24.757312800057758
2026-04-06 15:38:00+00:00,ETH,72.65582835553415
2026-04-06 15:38:00+00:00,FARTCOIN,42.102746631981454
2026-04-06 15:38:00+00:00,SOL,72.03264568176515
2026-04-06 15:38:00+00:00,XPL,196.03815518910332
2026-04-06 15:39:00+00:00,AVAX,11.164136878761592
2026-04-06 15:39:00+00:00,BCH,140.6082190517302
2026-04-06 15:39:00+00:00,BTC,63251.56634369349
2026-04-06 15:39:00+00:00,CC,24.72210065824784
2026-04-06 15:39:00+00:00,ETH,72.68760167217974
2026-04-06 15:39:00+00:00,FARTCOIN,42.16204623784897
2026-04-06 15:39:00+00:00,SOL,72.13198788094242
2026-04-06 15:39:00+00:00,XPL,195.75041866979151
2026-04-06 15:40:00+00:00,AVAX,11.170539453126025
2026-04-06 15:40:00+00:00,BCH,140.81314497615864
2026-04-06 15:40:00+00:00,BTC,63260.93629058354
2026-04-06 15:40:00+00:00,CC,24.719221492644483
2026-04-06 15:40:00+00:00,ETH,72.67884873626889
2026-04-06 15:40:00+00:00,FARTCOIN,42.16028780538765
2026-04-06 15:40:00+00:00,SOL,72.22110347495725
2026-04-06 15:40:00+00:00,XPL,196.13606260615902
2026-04-06 15:41:00+00:00,AVAX,11.181780789353136
2026-04-06 15:41:00+00:00,BCH,140.7706356685666
2026-04-06 15:41:00+00:00,BTC,63300.20034878547
2026-04-06 15:41:00+00:00,CC,24.72113275371653
2026-04-06 15:41:00+00:00,ETH,72.76893260296193
2026-04-06 15:41:00+00:00,FARTCOIN,42.168356112384615
2026-04-06 15:41:00+00:00,SOL,72.25505721903883
2026-04-06 15:41:00+00:00,XPL,195.92127056914265
2026-04-06 15:42:00+00:00,AVAX,11.175138759636193
2026-04-06 15:42:00+00:00,BCH,140.88549343530173
2026-04-06 15:42:00+00:00,BTC,63321.9500261804
2026-04-06 15:42:00+00:00,CC,24.715600966224866
2026-04-06 15:42:00+00:00,ETH,72.68983415536917
2026-04-06 15:42:00+00:00,FARTCOIN,42.197032975551245
2026-04-06 15:42:00+00:00,SOL,72.2624535609731
2026-04-06 15:42:00+00:00,XPL,195.93449402801082
2026-04-06 15:43:00+00:00,AVAX,11.182066175218349
2026-04-06 15:43:00+00:00,BCH,141.0854324798992
2026-04-06 15:43:00+00:00,BTC,63375.176396861265
2026-04-06 15:43:00+00:00,CC,24.732925425666846
2026-04-06 15:43:00+00:00,ETH,72.70792668356806
2026-04-06 15:43:00+00:00,FARTCOIN,42.17057796875795
2026-04-06 15:43:00+00:00,SOL,72.29266803251578
2026-04-06 15:43:00+00:00,XPL,195.85218112580446
2026-04-06 15:44:00+00:00,AVAX,11.168831803188645
2026-04-06 15:44:00+00:00,BCH,141.44220635303958
2026-04-06 15:44:00+00:00,BTC,63388.014428327995
2026-04-06 15:44:00+00:00,CC,24.752763392713053
2026-04-06 15:44:00+00:00,ETH,72.76522876166565
2026-04-06 15:44:00+00:00,FARTCOIN,42.136562682927
2026-04-06 15:44:00+00:00,SOL,72.28846996574359
2026-04-06 15:44:00+00:00,XPL,195.7793446879544
2026-04-06 15:45:00+00:00,AVAX,11.146352913910738
2026-04-06 15:45:00+00:00,BCH,141.31783273148505
2026-04-06 15:45:00+00:00,BTC,63372.23348607695
2026-04-06 15:45:00+00:00,CC,24.763184289359998
2026-04-06 15:45:00+00:00,ETH,72.70963432377701
2026-04-06 15:45:00+00:00,FARTCOIN,42.15845905459421
2026-04-06 15:45:00+00:00,SOL,72.32875854409139
2026-04-06 15:45:00+00:00,XPL,195.95794376153412
2026-04-06 15:46:00+00:00,AVAX,11.156014343258978
2026-04-06 15:46:00+00:00,BCH,141.52842792617727
2026-04-06 15:46:00+00:00,BTC,63387.1333447879
2026-04-06 15:46:00+00:00,CC,24.759090904841774
2026-04-06 15:46:00+00:00,ETH,72.61894200185455
2026-04-06 15:46:00+00:00,FARTCOIN,42.15895957986608
2026-04-06 15:46:00+00:00,SOL,72.35825548932702
2026-04-06 15:46:00+00:00,XPL,196.32017522182764
2026-04-06 15:47:00+00:00,AVAX,11.129032561989955
2026-04-06 15:47:00+00:00,BCH,141.28406495019905
2026-04-06 15:47:00+00:00,BTC,63257.23324637993
2026-04-06 15:47:00+00:00,CC,24.727094148880145
2026-04-06 15:47:00+00:00,ETH,72.53605822669313
2026-04-06 15:47:00+00:00,FARTCOIN,42.12107318294019
2026-04-06 15:47:00+00:00,SOL,72.24749163607324
2026-04-06 15:47:00+00:00,XPL,196.5201990015204
2026-04-06 15:48:00+00:00,AVAX,11.140312715567447
2026-04-06 15:48:00+00:00,BCH,141.15846124865695
2026-04-06 15:48:00+00:00,BTC,63274.18972324928
2026-04-06 15:48:00+00:00,CC,24.760999111584646
2026-04-06 15:48:00+00:00,ETH,72.62595720962601
2026-04-06 15:48:00+00:00,FARTCOIN,42.119146738986444
2026-04-06 15:48:00+00:00,SOL,72.19080797325
2026-04-06 15:48:00+00:00,XPL,196.43527668851294
2026-04-06 15:49:00+00:00,AVAX,11.127249531715407
2026-04-06 15:49:00+00:00,BCH,140.8371564150966
2026-04-06 15:49:00+00:00,BTC,63112.800640165166
2026-04-06 15:49:00+00:00,CC,24.758743526538737
2026-04-06 15:49:00+00:00,ETH,72.46553676907112
2026-04-06 15:49:00+00:00,FARTCOIN,42.17826845227021
2026-04-06 15:49:00+00:00,SOL,71.97156983996729
2026-04-06 15:49:00+00:00,XPL,196.37838322224133
2026-04-06 15:50:00+00:00,AVAX,11.10965073751488
2026-04-06 15:50:00+00:00,BCH,140.69311956406057
2026-04-06 15:50:00+00:00,BTC,63036.70572906322
2026-04-06 15:50:00+00:00,CC,24.722532603031564
2026-04-06 15:50:00+00:00,ETH,72.26362367324529
2026-04-06 15:50:00+00:00,FARTCOIN,42.14568116989758
2026-04-06 15:50:00+00:00,SOL,72.03663572485613
2026-04-06 15:50:00+00:00,XPL,196.1468368756685
2026-04-06 15:51:00+00:00,AVAX,11.118542929226958
2026-04-06 15:51:00+00:00,BCH,140.59689041626385
2026-04-06 15:51:00+00:00,BTC,63056.64348448382
2026-04-06 15:51:00+00:00,CC,24.718350461882842
2026-04-06 15:51:00+00:00,ETH,72.32899218949267
2026-04-06 15:51:00+00:00,FARTCOIN,42.12447981195713
2026-04-06 15:51:00+00:00,SOL,72.04447079525269
2026-04-06 15:51:00+00:00,XPL,195.92597977783524
2026-04-06 15:52:00+00:00,AVAX,11.115086588148808
2026-04-06 15:52:00+00:00,BCH,140.67636223267726
2026-04-06 15:52:00+00:00,BTC,63077.72498577128
2026-04-06 15:52:00+00:00,CC,24.668343845689343
2026-04-06 15:52:00+00:00,ETH,72.24154371388666
2026-04-06 15:52:00+00:00,FARTCOIN,42.04106845797347
2026-04-06 15:52:00+00:00,SOL,72.01471070131429
2026-04-06 15:52:00+00:00,XPL,195.66973779001526
2026-04-06 15:53:00+00:00,AVAX,11.088964243690372
2026-04-06 15:53:00+00:00,BCH,140.70033316431397
2026-04-06 15:53:00+00:00,BTC,63026.41950820294
2026-04-06 15:53:00+00:00,CC,24.66537653854332
2026-04-06 15:53:00+00:00,ETH,72.21166170712944
2026-04-06 15:53:00+00:00,FARTCOIN,42.03209097660279
2026-04-06 15:53:00+00:00,SOL,72.0576690586525
2026-04-06 15:53:00+00:00,XPL,195.53519694186556
2026-04-06 15:54:00+00:00,AVAX,11.085497019998972
2026-04-06 15:54:00+00:00,BCH,140.67088483498242
2026-04-06 15:54:00+00:00,BTC,62995.010467691085
2026-04-06 15:54:00+00:00,CC,24.65704720896112
2026-04-06 15:54:00+00:00,ETH,72.12344279188548
2026-04-06 15:54:00+00:00,FARTCOIN,42.061042808794824
2026-04-06 15:54:00+00:00,SOL,72.045415035251
2026-04-06 15:54:00+00:00,XPL,195.57427512792253
2026-04-06 15:55:00+00:00,AVAX,11.089839897759818
2026-04-06 15:55:00+00:00,BCH,140.71700602744298
2026-04-06 15:55:00+00:00,BTC,63055.47553825043
2026-04-06 15:55:00+00:00,CC,24.644783758335223
2026-04-06 15:55:00+00:00,ETH,72.10697287062744
2026-04-06 15:55:00+00:00,FARTCOIN,42.1113489999747
2026-04-06 15:55:00+00:00,SOL,72.1417184229911
2026-04-06 15:55:00+00:00,XPL,195.16355073424214
2026-04-06 15:56:00+00:00,AVAX,11.082256176067354
2026-04-06 15:56:00+00:00,BCH,140.65768903635842
2026-04-06 15:56:00+00:00,BTC,63034.11463213275
2026-04-06 15:56:00+00:00,CC,24.69001774001838
2026-04-06 15:56:00+00:00,ETH,72.05754484632786
2026-04-06 15:56:00+00:00,FARTCOIN,42.11396406554424
2026-04-06 15:56:00+00:00,SOL,72.11198482874558
2026-04-06 15:56:00+00:00,XPL,195.13947125053832
2026-04-06 15:57:00+00:00,AVAX,11.116801727065974
2026-04-06 15:57:00+00:00,BCH,140.8449514007094
2026-04-06 15:57:00+00:00,BTC,63133.15871083663
2026-04-06 15:57:00+00:00,CC,24.66353028311941
2026-04-06 15:57:00+00:00,ETH,72.14187047631037
2026-04-06 15:57:00+00:00,FARTCOIN,42.17553792063444
2026-04-06 15:57:00+00:00,SOL,72.18757844272783
2026-04-06 15:57:00+00:00,XPL,195.55619470705273
2026-04-06 15:58:00+00:00,AVAX,11.101533138697317
2026-04-06 15:58:00+00:00,BCH,140.87234096322084
2026-04-06 15:58:00+00:00,BTC,63133.07386641694
2026-04-06 15:58:00+00:00,CC,24.684439084653047
2026-04-06 15:58:00+00:00,ETH,72.09997328923586
2026-04-06 15:58:00+00:00,FARTCOIN,42.21255085901254
2026-04-06 15:58:00+00:00,SOL,72.17647900873592
2026-04-06 15:58:00+00:00,XPL,195.81959536903267
2026-04-06 15:59:00+00:00,AVAX,11.108055712162681
2026-04-06 15:59:00+00:00,BCH,141.04736080921123
2026-04-06 15:59:00+00:00,BTC,63151.1088465845
2026-04-06 15:59:00+00:00,CC,24.750711185952778
2026-04-06 15:59:00+00:00,ETH,72.15570029726668
2026-04-06 15:59:00+00:00,FARTCOIN,42.27137977050823
2026-04-06 15:59:00+00:00,SOL,72.10421726684069
2026-04-06 15:59:00+00:00,XPL,195.69331370146955
2026-04-06 16:00:00+00:00,AVAX,11.108796796975286
2026-04-06 16:00:00+00:00,BCH,141.21767754320072
2026-04-06 16:00:00+00:00,BTC,63222.624497880795
2026-04-06 16:00:00+00:00,CC,24.788338164868318
2026-04-06 16:00:00+00:00,ETH,72.19616052240144
2026-04-06 16:00:00+00:00,FARTCOIN,42.3309197119487
2026-04-06 16:00:00+00:00,SOL,72.16790659564555
2026-04-06 16:00:00+00:00,XPL,195.40978647720203
2026-04-06 16:01:00+00:00,AVAX,11.118748028146573
2026-04-06 16:01:00+00:00,BCH,141.05050905155588
2026-04-06 16:01:00+00:00,BTC,63228.42347853132
2026-04-06 16:01:00+00:00,CC,24.787854729012455
2026-04-06 16:01:00+00:00,ETH,72.2655117205749
2026-04-06 16:01:00+00:00,FARTCOIN,42.41152320929809
2026-04-06 16:01:00+00:00,SOL,72.19276484643184
2026-04-06 16:01:00+00:00,XPL,195.52122921088664
2026-04-06 16:02:00+00:00,AVAX,11.115103826978102
2026-04-06 16:02:00+00:00,BCH,140.89508886370686
2026-04-06 16:02:00+00:00,BTC,63184.07539778423
2026-04-06 16:02:00+00:00,CC,24.75067085800337
2026-04-06 16:02:00+00:00,ETH,72.24070442399277
2026-04-06 16:02:00+00:00,FARTCOIN,42.39693785212445
2026-04-06 16:02:00+00:00,SOL,72.26998178371845
2026-04-06 16:02:00+00:00,XPL,194.95089781658487
2026-04-06 16:03:00+00:00,AVAX,11.118173376337504
2026-04-06 16:03:00+00:00,BCH,140.90694302286
2026-04-06 16:03:00+00:00,BTC,63179.222464854865
2026-04-06 16:03:00+00:00,CC,24.709869965587426
2026-04-06 16:03:00+00:00,ETH,72.19065251053624
2026-04-06 16:03:00+00:00,FARTCOIN,42.32882549146616
2026-04-06 16:03:00+00:00,SOL,72.27085707423771
2026-04-06 16:03:00+00:00,XPL,195.20778276027403
2026-04-06 16:04:00+00:00,AVAX,11.108487120065401
2026-04-06 16:04:00+00:00,BCH,141.0465838294949
2026-04-06 16:04:00+00:00,BTC,63177.64758344717
2026-04-06 16:04:00+00:00,CC,24.69754658181549
2026-04-06 16:04:00+00:00,ETH,72.13288454395854
2026-04-06 16:04:00+00:00,FARTCOIN,42.36234104447401
2026-04-06 16:04:00+00:00,SOL,72.11766468401451
2026-04-06 16:04:00+00:00,XPL,195.1567834934808
2026-04-06 16:05:00+00:00,AVAX,11.091825229272118
2026-04-06 16:05:00+00:00,BCH,141.0968110686805
2026-04-06 16:05:00+00:00,BTC,63117.32158632381
2026-04-06 16:05:00+00:00,CC,24.672479824146492
2026-04-06 16:05:00+00:00,ETH,71.96754609145364
2026-04-06 16:05:00+00:00,FARTCOIN,42.393938183731855
2026-04-06 16:05:00+00:00,SOL,72.05303237573023
2026-04-06 16:05:00+00:00,XPL,195.5487580231932
2026-04-06 16:06:00+00:00,AVAX,11.099395823670253
2026-04-06 16:06:00+00:00,BCH,141.30084287572467
2026-04-06 16:06:00+00:00,BTC,63106.01939378293
2026-04-06 16:06:00+00:00,CC,24.65030250783035
2026-04-06 16:06:00+00:00,ETH,71.97542263469035
2026-04-06 16:06:00+00:00,FARTCOIN,42.47236217528034
2026-04-06 16:06:00+00:00,SOL,72.21990802430383
2026-04-06 16:06:00+00:00,XPL,195.1369412494869
2026-04-06 16:07:00+00:00,AVAX,11.11219095845513
2026-04-06 16:07:00+00:00,BCH,141.255061566663
2026-04-06 16:07:00+00:00,BTC,63073.242156897926
2026-04-06 16:07:00+00:00,CC,24.638091726380996
2026-04-06 16:07:00+00:00,ETH,71.92068937047877
2026-04-06 16:07:00+00:00,FARTCOIN,42.53329598593659
2026-04-06 16:07:00+00:00,SOL,72.24433153236463
2026-04-06 16:07:00+00:00,XPL,195.3317594567071
2026-04-06 16:08:00+00:00,AVAX,11.123111491745616
2026-04-06 16:08:00+00:00,BCH,141.4298981104511
2026-04-06 16:08:00+00:00,BTC,63114.066931778725
2026-04-06 16:08:00+00:00,CC,24.638257136601656
2026-04-06 16:08:00+00:00,ETH,71.80678658342846
2026-04-06 16:08:00+00:00,FARTCOIN,42.63822627020327
2026-04-06 16:08:00+00:00,SOL,72.2313426503411
2026-04-06 16:08:00+00:00,XPL,195.3334782825375
2026-04-06 16:09:00+00:00,AVAX,11.114360106661243
2026-04-06 16:09:00+00:00,BCH,141.24779415353237
2026-04-06 16:09:00+00:00,BTC,63115.59609760398
2026-04-06 16:09:00+00:00,CC,24.652726504423025
2026-04-06 16:09:00+00:00,ETH,71.77365185712762
2026-04-06 16:09:00+00:00,FARTCOIN,42.67016020227755
2026-04-06 16:09:00+00:00,SOL,72.27126799293998
2026-04-06 16:09:00+00:00,XPL,195.25684153815277
2026-04-06 16:10:00+00:00,AVAX,11.115880446142567
2026-04-06 16:10:00+00:00,BCH,141.27867852701542
2026-04-06 16:10:00+00:00,BTC,63103.103158580365
2026-04-06 16:10:00+00:00,CC,24.61516105628264
2026-04-06 16:10:00+00:00,ETH,71.70340591872069
2026-04-06 16:10:00+00:00,FARTCOIN,42.68018807036009
2026-04-06 16:10:00+00:00,SOL,72.2108690051533
2026-04-06 16:10:00+00:00,XPL,194.92842198426212
2026-04-06 16:11:00+00:00,AVAX,11.139488338177673
2026-04-06 16:11:00+00:00,BCH,141.1331071341621
2026-04-06 16:11:00+00:00,BTC,63098.41304635918
2026-04-06 16:11:00+00:00,CC,24.594651440396586
2026-04-06 16:11:00+00:00,ETH,71.80062497580936
2026-04-06 16:11:00+00:00,FARTCOIN,42.60867997194349
2026-04-06 16:11:00+00:00,SOL,72.11838247146595
2026-04-06 16:11:00+00:00,XPL,195.06492589380304
2026-04-06 16:12:00+00:00,AVAX,11.141994315694669
2026-04-06 16:12:00+00:00,BCH,141.14390032365188
2026-04-06 16:12:00+00:00,BTC,63108.26886770089
2026-04-06 16:12:00+00:00,CC,24.590707526738463
2026-04-06 16:12:00+00:00,ETH,71.7001928488403
2026-04-06 16:12:00+00:00,FARTCOIN,42.62576747217843
2026-04-06 16:12:00+00:00,SOL,72.10534646175292
2026-04-06 16:12:00+00:00,XPL,195.22935724498723
2026-04-06 16:13:00+00:00,AVAX,11.160758299755333
2026-04-06 16:13:00+00:00,BCH,141.58125585911097
2026-04-06 16:13:00+00:00,BTC,63135.52300448479
2026-04-06 16:13:00+00:00,CC,24.587062759474733
2026-04-06 16:13:00+00:00,ETH,71.63352753254475
2026-04-06 16:13:00+00:00,FARTCOIN,42.601194407358584
2026-04-06 16:13:00+00:00,SOL,72.1377563173349
2026-04-06 16:13:00+00:00,XPL,195.6649124413272
2026-04-06 16:14:00+00:00,AVAX,11.146692057663618
2026-04-06 16:14:00+00:00,BCH,141.53572640716905
2026-04-06 16:14:00+00:00,BTC,63091.35631209339
2026-04-06 16:14:00+00:00,CC,24.637856674098966
2026-04-06 16:14:00+00:00,ETH,71.66248363675092
2026-04-06 16:14:00+00:00,FARTCOIN,42.60604492761571
2026-04-06 16:14:00+00:00,SOL,71.97348623640076
2026-04-06 16:14:00+00:00,XPL,195.87432730186623
2026-04-06 16:15:00+00:00,AVAX,11.139364156518589
2026-04-06 16:15:00+00:00,BCH,141.33811409264047
2026-04-06 16:15:00+00:00,BTC,63045.37245428466
2026-04-06 16:15:00+00:00,CC,24.64113061336892
2026-04-06 16:15:00+00:00,ETH,71.70559027196101
2026-04-06 16:15:00+00:00,FARTCOIN,42.6026192647323
2026-04-06 16:15:00+00:00,SOL,71.85454134746514
2026-04-06 16:15:00+00:00,XPL,195.70624200610496
2026-04-06 16:16:00+00:00,AVAX,11.152905514020421
2026-04-06 16:16:00+00:00,BCH,141.48296007838002
2026-04-06 16:16:00+00:00,BTC,63094.14274709382
2026-04-06 16:16:00+00:00,CC,24.597267762655637
2026-04-06 16:16:00+00:00,ETH,71.70464372772594
2026-04-06 16:16:00+00:00,FARTCOIN,42.63333554825853
2026-04-06 16:16:00+00:00,SOL,71.90245455619177
2026-04-06 16:16:00+00:00,XPL,195.5008622053414
2026-04-06 16:17:00+00:00,AVAX,11.154157554130594
2026-04-06 16:17:00+00:00,BCH,141.38244271514867
2026-04-06 16:17:00+00:00,BTC,63075.93414601506
2026-04-06 16:17:00+00:00,CC,24.608193600751967
2026-04-06 16:17:00+00:00,ETH,71.64628430096394
2026-04-06 16:17:00+00:00,FARTCOIN,42.62589565666617
2026-04-06 16:17:00+00:00,SOL,71.85841368173276
2026-04-06 16:17:00+00:00,XPL,194.38969333385123
2026-04-06 16:18:00+00:00,AVAX,11.137073882516729
2026-04-06 16:18:00+00:00,BCH,141.1412112589309
2026-04-06 16:18:00+00:00,BTC,63013.407110998174
2026-04-06 16:18:00+00:00,CC,24.619428293334394
2026-04-06 16:18:00+00:00,ETH,71.62562383374885
2026-04-06 16:18:00+00:00,FARTCOIN,42.665285950466135
2026-04-06 16:18:00+00:00,SOL,71.82337753131563
2026-04-06 16:18:00+00:00,XPL,193.91780507687605
2026-04-06 16:19:00+00:00,AVAX,11.131901944714546
2026-04-06 16:19:00+00:00,BCH,141.44596645490924
2026-04-06 16:19:00+00:00,BTC,63032.986457843916
2026-04-06 16:19:00+00:00,CC,24.617261390202817
2026-04-06 16:19:00+00:00,ETH,71.4946458345048
2026-04-06 16:19:00+00:00,FARTCOIN,42.52873490145839
2026-04-06 16:19:00+00:00,SOL,71.76385108476019
2026-04-06 16:19:00+00:00,XPL,192.97539789844325
2026-04-06 16:20:00+00:00,AVAX,11.144879961958718
2026-04-06 16:20:00+00:00,BCH,141.62087851129
2026-04-06 16:20:00+00:00,BTC,63053.43508190691
2026-04-06 16:20:00+00:00,CC,24.583037563553244
2026-04-06 16:20:00+00:00,ETH,71.39466839233037
2026-04-06 16:20:00+00:00,FARTCOIN,42.54119186356656
2026-04-06 16:20:00+00:00,SOL,71.82978981191663
2026-04-06 16:20:00+00:00,XPL,192.55924187190624
2026-04-06 16:21:00+00:00,AVAX,11.146681344732832
2026-04-06 16:21:00+00:00,BCH,141.53596082319507
2026-04-06 16:21:00+00:00,BTC,62985.90946666721
2026-04-06 16:21:00+00:00,CC,24.62967558888625
2026-04-06 16:21:00+00:00,ETH,71.31165359125306
2026-04-06 16:21:00+00:00,FARTCOIN,42.593493823259344
2026-04-06 16:21:00+00:00,SOL,71.6879829057904
2026-04-06 16:21:00+00:00,XPL,191.87030378982763
2026-04-06 16:22:00+00:00,AVAX,11.163385678824916
2026-04-06 16:22:00+00:00,BCH,141.5053782999516
2026-04-06 16:22:00+00:00,BTC,62996.028159552814
2026-04-06 16:22:00+00:00,CC,24.598865092148504
2026-04-06 16:22:00+00:00,ETH,71.42094700020932
2026-04-06 16:22:00+00:00,FARTCOIN,42.690554945356865
2026-04-06 16:22:00+00:00,SOL,71.80385271669367
2026-04-06 16:22:00+00:00,XPL,191.18616774636712
2026-04-06 16:23:00+00:00,AVAX,11.186419484635136
2026-04-06 16:23:00+00:00,BCH,141.52773245386848
2026-04-06 16:23:00+00:00,BTC,63028.473681311
2026-04-06 16:23:00+00:00,CC,24.62091329418752
2026-04-06 16:23:00+00:00,ETH,71.42419778863818
2026-04-06 16:23:00+00:00,FARTCOIN,42.73246925392762
2026-04-06 16:23:00+00:00,SOL,71.72444493944953
2026-04-06 16:23:00+00:00,XPL,190.3724455692128
2026-04-06 16:24:00+00:00,AVAX,11.190267350927696
2026-04-06 16:24:00+00:00,BCH,141.75591647990703
2026-04-06 16:24:00+00:00,BTC,63044.99375056059
2026-04-06 16:24:00+00:00,CC,24.628115342512665
2026-04-06 16:24:00+00:00,ETH,71.44660014754372
2026-04-06 16:24:00+00:00,FARTCOIN,42.821200086536564
2026-04-06 16:24:00+00:00,SOL,71.66991644681207
2026-04-06 16:24:00+00:00,XPL,189.77280904725913
2026-04-06 16:25:00+00:00,AVAX,11.191341104821566
2026-04-06 16:25:00+00:00,BCH,141.84836420715007
2026-04-06 16:25:00+00:00,BTC,63072.89020870733
2026-04-06 16:25:00+00:00,CC,24.64805864257983
2026-04-06 16:25:00+00:00,ETH,71.54644068425361
2026-04-06 16:25:00+00:00,FARTCOIN,42.83367146155524
2026-04-06 16:25:00+00:00,SOL,71.7238083018276
2026-04-06 16:25:00+00:00,XPL,189.78607700110712
2026-04-06 16:26:00+00:00,AVAX,11.195598560402978
2026-04-06 16:26:00+00:00,BCH,141.3372056417125
2026-04-06 16:26:00+00:00,BTC,63010.920753870756
2026-04-06 16:26:00+00:00,CC,24.693740052164404
2026-04-06 16:26:00+00:00,ETH,71.6223671151315
2026-04-06 16:26:00+00:00,FARTCOIN,42.825398398001504
2026-04-06 16:26:00+00:00,SOL,71.77132454748899
2026-04-06 16:26:00+00:00,XPL,189.66471846711528
2026-04-06 16:27:00+00:00,AVAX,11.204992597717627
2026-04-06 16:27:00+00:00,BCH,141.67339569519604
2026-04-06 16:27:00+00:00,BTC,63025.52384725998
2026-04-06 16:27:00+00:00,CC,24.71153366378244
2026-04-06 16:27:00+00:00,ETH,71.59929448277818
2026-04-06 16:27:00+00:00,FARTCOIN,42.854600042159845
2026-04-06 16:27:00+00:00,SOL,71.80581950305171
2026-04-06 16:27:00+00:00,XPL,189.83199137769938
2026-04-06 16:28:00+00:00,AVAX,11.193073820683132
2026-04-06 16:28:00+00:00,BCH,141.6712277354339
2026-04-06 16:28:00+00:00,BTC,63012.17432304333
2026-04-06 16:28:00+00:00,CC,24.69392645182356
2026-04-06 16:28:00+00:00,ETH,71.58531881918479
2026-04-06 16:28:00+00:00,FARTCOIN,42.8526202094094
2026-04-06 16:28:00+00:00,SOL,71.82926889131619
2026-04-06 16:28:00+00:00,XPL,189.79115658806293
2026-04-06 16:29:00+00:00,AVAX,11.179454185258699
2026-04-06 16:29:00+00:00,BCH,141.67431222941696
2026-04-06 16:29:00+00:00,BTC,62990.882760670735
2026-04-06 16:29:00+00:00,CC,24.725050522073566
2026-04-06 16:29:00+00:00,ETH,71.68220988584483
2026-04-06 16:29:00+00:00,FARTCOIN,42.809514188222096
2026-04-06 16:29:00+00:00,SOL,71.80977154836177
2026-04-06 16:29:00+00:00,XPL,189.59660800931596
2026-04-06 16:30:00+00:00,AVAX,11.190199646391484
2026-04-06 16:30:00+00:00,BCH,141.88641645421094
2026-04-06 16:30:00+00:00,BTC,63029.28040546297
2026-04-06 16:30:00+00:00,CC,24.709344188286018
2026-04-06 16:30:00+00:00,ETH,71.62116274164163
2026-04-06 16:30:00+00:00,FARTCOIN,42.78826836931228
2026-04-06 16:30:00+00:00,SOL,71.78063863251552
2026-04-06 16:30:00+00:00,XPL,189.75625294517408
2026-04-06 16:31:00+00:00,AVAX,11.198266447005318
2026-04-06 16:31:00+00:00,BCH,142.07085105760157
2026-04-06 16:31:00+00:00,BTC,63094.58053406465
2026-04-06 16:31:00+00:00,CC,24.719313158595515
2026-04-06 16:31:00+00:00,ETH,71.75055505796885
2026-04-06 16:31:00+00:00,FARTCOIN,42.74005242264987
2026-04-06 16:31:00+00:00,SOL,71.81216039754578
2026-04-06 16:31:00+00:00,XPL,189.78098276492628
2026-04-06 16:32:00+00:00,AVAX,11.209962008734546
2026-04-06 16:32:00+00:00,BCH,142.31825073531664
2026-04-06 16:32:00+00:00,BTC,63173.880844717234
2026-04-06 16:32:00+00:00,CC,24.68718687002428
2026-04-06 16:32:00+00:00,ETH,71.76140213680131
2026-04-06 16:32:00+00:00,FARTCOIN,42.777905418639236
2026-04-06 16:32:00+00:00,SOL,71.81050381312784
2026-04-06 16:32:00+00:00,XPL,189.94006761527564
2026-04-06 16:33:00+00:00,AVAX,11.22956956221941
2026-04-06 16:33:00+00:00,BCH,142.37532604060672
2026-04-06 16:33:00+00:00,BTC,63232.05067042747
2026-04-06 16:33:00+00:00,CC,24.661134305400875
2026-04-06 16:33:00+00:00,ETH,71.8241875030525
2026-04-06 16:33:00+00:00,FARTCOIN,42.78636529825499
2026-04-06 16:33:00+00:00,SOL,71.78404448694099
2026-04-06 16:33:00+00:00,XPL,189.87159541096457
2026-04-06 16:34:00+00:00,AVAX,11.236509801123239
2026-04-06 16:34:00+00:00,BCH,142.20854459667774
2026-04-06 16:34:00+00:00,BTC,63227.19375483605
2026-04-06 16:34:00+00:00,CC,24.6622761724182
2026-04-06 16:34:00+00:00,ETH,71.80381753457246
2026-04-06 16:34:00+00:00,FARTCOIN,42.767213867847715
2026-04-06 16:34:00+00:00,SOL,71.80531597182511
2026-04-06 16:34:00+00:00,XPL,189.5933891229356
2026-04-06 16:35:00+00:00,AVAX,11.252327934463711
2026-04-06 16:35:00+00:00,BCH,142.2742712208384
2026-04-06 16:35:00+00:00,BTC,63242.80673647367
2026-04-06 16:35:00+00:00,CC,24.674390417500994
2026-04-06 16:35:00+00:00,ETH,71.75699216741793
2026-04-06 16:35:00+00:00,FARTCOIN,42.740251668159615
2026-04-06 16:35:00+00:00,SOL,71.74782353921215
2026-04-06 16:35:00+00:00,XPL,189.99793264695916
2026-04-06 16:36:00+00:00,AVAX,11.23791031184362
2026-04-06 16:36:00+00:00,BCH,142.52271563139317
2026-04-06 16:36:00+00:00,BTC,63276.76307060808
2026-04-06 16:36:00+00:00,CC,24.626678988582103
2026-04-06 16:36:00+00:00,ETH,71.72624857877426
2026-04-06 16:36:00+00:00,FARTCOIN,42.77075441831014
2026-04-06 16:36:00+00:00,SOL,71.80121360199969
2026-04-06 16:36:00+00:00,XPL,190.37131989177186
2026-04-06 16:37:00+00:00,AVAX,11.241283978117664
2026-04-06 16:37:00+00:00,BCH,142.44991632170112
2026-04-06 16:37:00+00:00,BTC,63282.130722130256
2026-04-06 16:37:00+00:00,CC,24.641797260339313
2026-04-06 16:37:00+00:00,ETH,71.74926734612728
2026-04-06 16:37:00+00:00,FARTCOIN,42.81155589846657
2026-04-06 16:37:00+00:00,SOL,71.7223087119948
2026-04-06 16:37:00+00:00,XPL,190.57655684838195
2026-04-06 16:38:00+00:00,AVAX,11.249189653229536
2026-04-06 16:38:00+00:00,BCH,142.36768707467374
2026-04-06 16:38:00+00:00,BTC,63287.92351275079
2026-04-06 16:38:00+00:00,CC,24.61802920415577
2026-04-06 16:38:00+00:00,ETH,71.8191701012106
2026-04-06 16:38:00+00:00,FARTCOIN,42.75429909546425
2026-04-06 16:38:00+00:00,SOL,71.74702484885975
2026-04-06 16:38:00+00:00,XPL,190.49137562287223
2026-04-06 16:39:00+00:00,AVAX,11.239252077169489
2026-04-06 16:39:00+00:00,BCH,142.594096351813
2026-04-06 16:39:00+00:00,BTC,63324.427573999
2026-04-06 16:39:00+00:00,CC,24.658705933904045
2026-04-06 16:39:00+00:00,ETH,71.84599026947696
2026-04-06 16:39:00+00:00,FARTCOIN,42.69320857409886
2026-04-06 16:39:00+00:00,SOL,71.75063516398674
2026-04-06 16:39:00+00:00,XPL,190.44470026296628
2026-04-06 16:40:00+00:00,AVAX,11.232233342051119
2026-04-06 16:40:00+00:00,BCH,142.5304004157677
2026-04-06 16:40:00+00:00,BTC,63321.79980078558
2026-04-06 16:40:00+00:00,CC,24.648088778757177
2026-04-06 16:40:00+00:00,ETH,71.84798967554165
2026-04-06 16:40:00+00:00,FARTCOIN,42.74178316210107
2026-04-06 16:40:00+00:00,SOL,71.83899165165906
2026-04-06 16:40:00+00:00,XPL,190.75928751775334
2026-04-06 16:41:00+00:00,AVAX,11.218870868783847
2026-04-06 16:41:00+00:00,BCH,142.4159332554179
2026-04-06 16:41:00+00:00,BTC,63289.48221759671
2026-04-06 16:41:00+00:00,CC,24.612363949678226
2026-04-06 16:41:00+00:00,ETH,71.85374715262694
2026-04-06 16:41:00+00:00,FARTCOIN,42.666954021892394
2026-04-06 16:41:00+00:00,SOL,71.82874967026439
2026-04-06 16:41:00+00:00,XPL,190.65884177733557
2026-04-06 16:42:00+00:00,AVAX,11.21632354182006
2026-04-06 16:42:00+00:00,BCH,142.33300848303986
2026-04-06 16:42:00+00:00,BTC,63271.12263105851
2026-04-06 16:42:00+00:00,CC,24.613174675601826
2026-04-06 16:42:00+00:00,ETH,71.77323932525769
2026-04-06 16:42:00+00:00,FARTCOIN,42.69251738904491
2026-04-06 16:42:00+00:00,SOL,71.89095105914487
2026-04-06 16:42:00+00:00,XPL,190.5031193107507
2026-04-06 16:43:00+00:00,AVAX,11.237005805600704
2026-04-06 16:43:00+00:00,BCH,142.37837635806628
2026-04-06 16:43:00+00:00,BTC,63299.204615981995
2026-04-06 16:43:00+00:00,CC,24.588309857593195
2026-04-06 16:43:00+00:00,ETH,71.84813067699756
2026-04-06 16:43:00+00:00,FARTCOIN,42.779230092077924
2026-04-06 16:43:00+00:00,SOL,71.8691782017366
2026-04-06 16:43:00+00:00,XPL,190.94854576078808
2026-04-06 16:44:00+00:00,AVAX,11.257499548066756
2026-04-06 16:44:00+00:00,BCH,142.17712546933816
2026-04-06 16:44:00+00:00,BTC,63299.337247187446
2026-04-06 16:44:00+00:00,CC,24.625790158059214
2026-04-06 16:44:00+00:00,ETH,71.90125971583073
2026-04-06 16:44:00+00:00,FARTCOIN,42.86245240617035
2026-04-06 16:44:00+00:00,SOL,71.87293777782016
2026-04-06 16:44:00+00:00,XPL,190.93770130702273
2026-04-06 16:45:00+00:00,AVAX,11.251529772535827
2026-04-06 16:45:00+00:00,BCH,142.1368977128464
2026-04-06 16:45:00+00:00,BTC,63314.41358855126
2026-04-06 16:45:00+00:00,CC,24.626978766408804
2026-04-06 16:45:00+00:00,ETH,72.08453111035823
2026-04-06 16:45:00+00:00,FARTCOIN,42.90246501799051
2026-04-06 16:45:00+00:00,SOL,71.82404103833501
2026-04-06 16:45:00+00:00,XPL,191.35243620584643
2026-04-06 16:46:00+00:00,AVAX,11.261352127365702
2026-04-06 16:46:00+00:00,BCH,142.2230628113732
2026-04-06 16:46:00+00:00,BTC,63344.118526633
2026-04-06 16:46:00+00:00,CC,24.624806741643628
2026-04-06 16:46:00+00:00,ETH,72.08887097324015
2026-04-06 16:46:00+00:00,FARTCOIN,42.94300049317213
2026-04-06 16:46:00+00:00,SOL,71.82594098392786
2026-04-06 16:46:00+00:00,XPL,191.04952435734882
2026-04-06 16:47:00+00:00,AVAX,11.264504479024918
2026-04-06 16:47:00+00:00,BCH,142.21991736582453
2026-04-06 16:47:00+00:00,BTC,63327.49990556209
2026-04-06 16:47:00+00:00,CC,24.64100739557365
2026-04-06 16:47:00+00:00,ETH,72.04308714898072
2026-04-06 16:47:00+00:00,FARTCOIN,43.05694222943834
2026-04-06 16:47:00+00:00,SOL,71.7929858644991
2026-04-06 16:47:00+00:00,XPL,191.15832823864594
2026-04-06 16:48:00+00:00,AVAX,11.273506507802585
2026-04-06 16:48:00+00:00,BCH,142.43229084584496
2026-04-06 16:48:00+00:00,BTC,63361.03269432506
2026-04-06 16:48:00+00:00,CC,24.61391565918826
2026-04-06 16:48:00+00:00,ETH,72.12541001483397
2026-04-06 16:48:00+00:00,FARTCOIN,42.94104281290574
2026-04-06 16:48:00+00:00,SOL,71.7783914936864
2026-04-06 16:48:00+00:00,XPL,191.65429499281944
2026-04-06 16:49:00+00:00,AVAX,11.280097719742002
2026-04-06 16:49:00+00:00,BCH,142.70043875972263
2026-04-06 16:49:00+00:00,BTC,63377.837623483276
2026-04-06 16:49:00+00:00,CC,24.57717124188948
2026-04-06 16:49:00+00:00,ETH,72.19487172916828
2026-04-06 16:49:00+00:00,FARTCOIN,42.91939890514118
2026-04-06 16:49:00+00:00,SOL,71.71607606736436
2026-04-06 16:49:00+00:00,XPL,191.67130293072358
2026-04-06 16:50:00+00:00,AVAX,11.274894897271944
2026-04-06 16:50:00+00:00,BCH,142.78987163918345
2026-04-06 16:50:00+00:00,BTC,63323.079444210984
2026-04-06 16:50:00+00:00,CC,24.584967080299037
2026-04-06 16:50:00+00:00,ETH,72.10711504772051
2026-04-06 16:50:00+00:00,FARTCOIN,42.95569471490415
2026-04-06 16:50:00+00:00,SOL,71.57229487724373
2026-04-06 16:50:00+00:00,XPL,191.5774684523266
2026-04-06 16:51:00+00:00,AVAX,11.301727024366025
2026-04-06 16:51:00+00:00,BCH,143.03015454731562
2026-04-06 16:51:00+00:00,BTC,63387.04355490036
2026-04-06 16:51:00+00:00,CC,24.557504250942294
2026-04-06 16:51:00+00:00,ETH,72.14284034735016
2026-04-06 16:51:00+00:00,FARTCOIN,42.94698324968452
2026-04-06 16:51:00+00:00,SOL,71.48305682070875
2026-04-06 16:51:00+00:00,XPL,191.34783207715373
2026-04-06 16:52:00+00:00,AVAX,11.309576275026135
2026-04-06 16:52:00+00:00,BCH,142.96840685051802
2026-04-06 16:52:00+00:00,BTC,63364.828938258506
2026-04-06 16:52:00+00:00,CC,24.523390177107032
2026-04-06 16:52:00+00:00,ETH,72.15648201793651
2026-04-06 16:52:00+00:00,FARTCOIN,43.00790934404821
2026-04-06 16:52:00+00:00,SOL,71.39385485153512
2026-04-06 16:52:00+00:00,XPL,191.58308707481075
2026-04-06 16:53:00+00:00,AVAX,11.287669153657847
2026-04-06 16:53:00+00:00,BCH,142.74761356934332
2026-04-06 16:53:00+00:00,BTC,63291.45906510457
2026-04-06 16:53:00+00:00,CC,24.542339210944572
2026-04-06 16:53:00+00:00,ETH,72.0317874895402
2026-04-06 16:53:00+00:00,FARTCOIN,42.99591446734443
2026-04-06 16:53:00+00:00,SOL,71.36387307223427
2026-04-06 16:53:00+00:00,XPL,191.36177042860692
2026-04-06 16:54:00+00:00,AVAX,11.288734172519124
2026-04-06 16:54:00+00:00,BCH,142.66117603336812
2026-04-06 16:54:00+00:00,BTC,63245.176356960525
2026-04-06 16:54:00+00:00,CC,24.55421495066522
2026-04-06 16:54:00+00:00,ETH,71.9604190831828
2026-04-06 16:54:00+00:00,FARTCOIN,42.996421242238505
2026-04-06 16:54:00+00:00,SOL,71.21698278436145
2026-04-06 16:54:00+00:00,XPL,191.31200822132118
2026-04-06 16:55:00+00:00,AVAX,11.29094262483987
2026-04-06 16:55:00+00:00,BCH,142.64969213144107
2026-04-06 16:55:00+00:00,BTC,63199.989180357086
2026-04-06 16:55:00+00:00,CC,24.51379416243174
2026-04-06 16:55:00+00:00,ETH,71.92251396131098
2026-04-06 16:55:00+00:00,FARTCOIN,42.97610782884919
2026-04-06 16:55:00+00:00,SOL,71.08614701608519
2026-04-06 16:55:00+00:00,XPL,191.00150299364537
2026-04-06 16:56:00+00:00,AVAX,11.294494339291896
2026-04-06 16:56:00+00:00,BCH,142.75968706598698
2026-04-06 16:56:00+00:00,BTC,63202.29736972815
2026-04-06 16:56:00+00:00,CC,24.495767001187303
2026-04-06 16:56:00+00:00,ETH,71.98924497142526
2026-04-06 16:56:00+00:00,FARTCOIN,42.94948340349233
2026-04-06 16:56:00+00:00,SOL,71.20302700538221
2026-04-06 16:56:00+00:00,XPL,191.36007733142534
2026-04-06 16:57:00+00:00,AVAX,11.30415911479875
2026-04-06 16:57:00+00:00,BCH,142.81649332350437
2026-04-06 16:57:00+00:00,BTC,63190.18294414433
2026-04-06 16:57:00+00:00,CC,24.46827817443933
2026-04-06 16:57:00+00:00,ETH,71.93836082180005
2026-04-06 16:57:00+00:00,FARTCOIN,42.91964941845614
2026-04-06 16:57:00+00:00,SOL,71.15065597779461
2026-04-06 16:57:00+00:00,XPL,191.6181133104217
2026-04-06 16:58:00+00:00,AVAX,11.303807013927127
2026-04-06 16:58:00+00:00,BCH,142.77230232103568
2026-04-06 16:58:00+00:00,BTC,63175.28556892297
2026-04-06 16:58:00+00:00,CC,24.519333698595876
2026-04-06 16:58:00+00:00,ETH,71.80478315691421
2026-04-06 16:58:00+00:00,FARTCOIN,42.93159317549119
2026-04-06 16:58:00+00:00,SOL,71.15695496714602
2026-04-06 16:58:00+00:00,XPL,191.60181531664617
2026-04-06 16:59:00+00:00,AVAX,11.310016132105575
2026-04-06 16:59:00+00:00,BCH,142.92613644272012
2026-04-06 16:59:00+00:00,BTC,63202.69640783178
2026-04-06 16:59:00+00:00,CC,24.54813558308304
2026-04-06 16:59:00+00:00,ETH,71.7074664353588
2026-04-06 16:59:00+00:00,FARTCOIN,42.89542911708663
2026-04-06 16:59:00+00:00,SOL,71.22435885281081
2026-04-06 16:59:00+00:00,XPL,191.3532353129513
2026-04-06 17:00:00+00:00,AVAX,11.313537967101535
2026-04-06 17:00:00+00:00,BCH,143.11735807707356
2026-04-06 17:00:00+00:00,BTC,63217.73492417723
2026-04-06 17:00:00+00:00,CC,24.536909066254385
2026-04-06 17:00:00+00:00,ETH,71.64072023318616
2026-04-06 17:00:00+00:00,FARTCOIN,42.94656640718933
2026-04-06 17:00:00+00:00,SOL,71.28125416995108
2026-04-06 17:00:00+00:00,XPL,191.71536355237075
2026-04-06 17:01:00+00:00,AVAX,11.295130319080934
2026-04-06 17:01:00+00:00,BCH,143.2577094595945
2026-04-06 17:01:00+00:00,BTC,63231.72235272096
2026-04-06 17:01:00+00:00,CC,24.554967029221014
2026-04-06 17:01:00+00:00,ETH,71.56955887496588
2026-04-06 17:01:00+00:00,FARTCOIN,42.98214595376499
2026-04-06 17:01:00+00:00,SOL,71.19704705848042
2026-04-06 17:01:00+00:00,XPL,191.63967558849467
2026-04-06 17:02:00+00:00,AVAX,11.297067480045728
2026-04-06 17:02:00+00:00,BCH,143.28851836294092
2026-04-06 17:02:00+00:00,BTC,63249.864866416196
2026-04-06 17:02:00+00:00,CC,24.51644481488507
2026-04-06 17:02:00+00:00,ETH,71.57705247476358
2026-04-06 17:02:00+00:00,FARTCOIN,43.04135917955332
2026-04-06 17:02:00+00:00,SOL,71.19960266683071
2026-04-06 17:02:00+00:00,XPL,191.39666399452028
2026-04-06 17:03:00+00:00,AVAX,11.29441495322649
2026-04-06 17:03:00+00:00,BCH,143.23352565824396
2026-04-06 17:03:00+00:00,BTC,63277.150054109225
2026-04-06 17:03:00+00:00,CC,24.49877687393302
2026-04-06 17:03:00+00:00,ETH,71.52672345048975
2026-04-06 17:03:00+00:00,FARTCOIN,42.98679796283216
2026-04-06 17:03:00+00:00,SOL,71.12205129108199
2026-04-06 17:03:00+00:00,XPL,191.00885087063173
2026-04-06 17:04:00+00:00,AVAX,11.268219347004212
2026-04-06 17:04:00+00:00,BCH,142.94362216461752
2026-04-06 17:04:00+00:00,BTC,63183.84921093604
2026-04-06 17:04:00+00:00,CC,24.49463013202225
2026-04-06 17:04:00+00:00,ETH,71.39190037047126
2026-04-06 17:04:00+00:00,FARTCOIN,42.88656295795832
2026-04-06 17:04:00+00:00,SOL,71.18946808341278
2026-04-06 17:04:00+00:00,XPL,190.80452887672712
2026-04-06 17:05:00+00:00,AVAX,11.280325385499893
2026-04-06 17:05:00+00:00,BCH,142.82503723359272
2026-04-06 17:05:00+00:00,BTC,63167.7326386424
2026-04-06 17:05:00+00:00,CC,24.506676013686118
2026-04-06 17:05:00+00:00,ETH,71.3267123601348
2026-04-06 17:05:00+00:00,FARTCOIN,42.88415947953561
2026-04-06 17:05:00+00:00,SOL,71.07194393062102
2026-04-06 17:05:00+00:00,XPL,190.46203966904503
2026-04-06 17:06:00+00:00,AVAX,11.27081513913309
2026-04-06 17:06:00+00:00,BCH,142.67288722317315
2026-04-06 17:06:00+00:00,BTC,63071.40291548575
2026-04-06 17:06:00+00:00,CC,24.496331960074738
2026-04-06 17:06:00+00:00,ETH,71.20600983149549
2026-04-06 17:06:00+00:00,FARTCOIN,43.02046127725657
2026-04-06 17:06:00+00:00,SOL,70.91290100877727
2026-04-06 17:06:00+00:00,XPL,190.26166205966874
2026-04-06 17:07:00+00:00,AVAX,11.270754363495575
2026-04-06 17:07:00+00:00,BCH,142.74271115600394
2026-04-06 17:07:00+00:00,BTC,63072.994980699594
2026-04-06 17:07:00+00:00,CC,24.503747254769813
2026-04-06 17:07:00+00:00,ETH,71.29234312884608
2026-04-06 17:07:00+00:00,FARTCOIN,43.08609594143639
2026-04-06 17:07:00+00:00,SOL,70.84803935024591
2026-04-06 17:07:00+00:00,XPL,190.43265830098912
2026-04-06 17:08:00+00:00,AVAX,11.264995582198598
2026-04-06 17:08:00+00:00,BCH,142.5607110343508
2026-04-06 17:08:00+00:00,BTC,63072.79043022759
2026-04-06 17:08:00+00:00,CC,24.506034912203805
2026-04-06 17:08:00+00:00,ETH,71.33463175552559
2026-04-06 17:08:00+00:00,FARTCOIN,43.05741083586274
2026-04-06 17:08:00+00:00,SOL,70.75247664235866
2026-04-06 17:08:00+00:00,XPL,190.34676801716347
2026-04-06 17:09:00+00:00,AVAX,11.27501060588437
2026-04-06 17:09:00+00:00,BCH,142.5847339828546
2026-04-06 17:09:00+00:00,BTC,63118.968573064005
2026-04-06 17:09:00+00:00,CC,24.50481164156602
2026-04-06 17:09:00+00:00,ETH,71.38005842338208
2026-04-06 17:09:00+00:00,FARTCOIN,43.08565667633743
2026-04-06 17:09:00+00:00,SOL,70.88274037171689
2026-04-06 17:09:00+00:00,XPL,190.45590731319578
2026-04-06 17:10:00+00:00,AVAX,11.29305303486849
2026-04-06 17:10:00+00:00,BCH,142.71677142203438
2026-04-06 17:10:00+00:00,BTC,63171.46397144708
2026-04-06 17:10:00+00:00,CC,24.50017807534401
2026-04-06 17:10:00+00:00,ETH,71.40088436667693
2026-04-06 17:10:00+00:00,FARTCOIN,43.130462029757304
2026-04-06 17:10:00+00:00,SOL,71.08766354553936
2026-04-06 17:10:00+00:00,XPL,190.32230504259275
2026-04-06 17:11:00+00:00,AVAX,11.286012678004946
2026-04-06 17:11:00+00:00,BCH,142.618464767805
2026-04-06 17:11:00+00:00,BTC,63180.431325515
2026-04-06 17:11:00+00:00,CC,24.488344179350733
2026-04-06 17:11:00+00:00,ETH,71.38166167846394
2026-04-06 17:11:00+00:00,FARTCOIN,43.060919503390735
2026-04-06 17:11:00+00:00,SOL,71.06580581121834
2026-04-06 17:11:00+00:00,XPL,190.34259284218177
2026-04-06 17:12:00+00:00,AVAX,11.282604135589477
2026-04-06 17:12:00+00:00,BCH,142.63170021809293
2026-04-06 17:12:00+00:00,BTC,63158.3060803733
2026-04-06 17:12:00+00:00,CC,24.493445007166834
2026-04-06 17:12:00+00:00,ETH,71.38146587754288
2026-04-06 17:12:00+00:00,FARTCOIN,43.12872921673334
2026-04-06 17:12:00+00:00,SOL,70.96027365954816
2026-04-06 17:12:00+00:00,XPL,190.76849009976198
2026-04-06 17:13:00+00:00,AVAX,11.29468220044748
2026-04-06 17:13:00+00:00,BCH,142.63340972633722
2026-04-06 17:13:00+00:00,BTC,63179.75909085649
2026-04-06 17:13:00+00:00,CC,24.50718726506619
2026-04-06 17:13:00+00:00,ETH,71.43962426667571
2026-04-06 17:13:00+00:00,FARTCOIN,43.122994063809365
2026-04-06 17:13:00+00:00,SOL,70.83800372327163
2026-04-06 17:13:00+00:00,XPL,190.70168308827573
2026-04-06 17:14:00+00:00,AVAX,11.271478418454835
2026-04-06 17:14:00+00:00,BCH,142.49580791076698
2026-04-06 17:14:00+00:00,BTC,63156.415807885736
2026-04-06 17:14:00+00:00,CC,24.51120977676485
2026-04-06 17:14:00+00:00,ETH,71.35887409850396
2026-04-06 17:14:00+00:00,FARTCOIN,43.115115113765626
2026-04-06 17:14:00+00:00,SOL,70.80019986152949
2026-04-06 17:14:00+00:00,XPL,190.77557654023005
2026-04-06 17:15:00+00:00,AVAX,11.270885087512596
2026-04-06 17:15:00+00:00,BCH,142.5025133885464
2026-04-06 17:15:00+00:00,BTC,63156.3542395042
2026-04-06 17:15:00+00:00,CC,24.476562900321298
2026-04-06 17:15:00+00:00,ETH,71.36115790819834
2026-04-06 17:15:00+00:00,FARTCOIN,43.11633729887745
2026-04-06 17:15:00+00:00,SOL,70.7799852192178
2026-04-06 17:15:00+00:00,XPL,190.41747862067047
2026-04-06 17:16:00+00:00,AVAX,11.273143873806916
2026-04-06 17:16:00+00:00,BCH,142.63650068687812
2026-04-06 17:16:00+00:00,BTC,63199.96583240758
2026-04-06 17:16:00+00:00,CC,24.45061549077506
2026-04-06 17:16:00+00:00,ETH,71.2726032851512
2026-04-06 17:16:00+00:00,FARTCOIN,43.181557233149434
2026-04-06 17:16:00+00:00,SOL,70.78002659684597
2026-04-06 17:16:00+00:00,XPL,190.7914800237391
2026-04-06 17:17:00+00:00,AVAX,11.268045949129544
2026-04-06 17:17:00+00:00,BCH,142.48032083933592
2026-04-06 17:17:00+00:00,BTC,63175.294857981724
2026-04-06 17:17:00+00:00,CC,24.46041164008316
2026-04-06 17:17:00+00:00,ETH,71.26253092979243
2026-04-06 17:17:00+00:00,FARTCOIN,43.139074253872444
2026-04-06 17:17:00+00:00,SOL,70.77063922407153
2026-04-06 17:17:00+00:00,XPL,190.6673655372951
2026-04-06 17:18:00+00:00,AVAX,11.268360479495641
2026-04-06 17:18:00+00:00,BCH,142.51751699684607
2026-04-06 17:18:00+00:00,BTC,63210.93419680243
2026-04-06 17:18:00+00:00,CC,24.506411132587722
2026-04-06 17:18:00+00:00,ETH,71.34562249564472
2026-04-06 17:18:00+00:00,FARTCOIN,43.0556563558117
2026-04-06 17:18:00+00:00,SOL,70.82975983826857
2026-04-06 17:18:00+00:00,XPL,190.929414757368
2026-04-06 17:19:00+00:00,AVAX,11.274299523015706
2026-04-06 17:19:00+00:00,BCH,142.63499474275574
2026-04-06 17:19:00+00:00,BTC,63240.914725677496
2026-04-06 17:19:00+00:00,CC,24.51321835970443
2026-04-06 17:19:00+00:00,ETH,71.3563959307877
2026-04-06 17:19:00+00:00,FARTCOIN,43.076430662998064
2026-04-06 17:19:00+00:00,SOL,70.87892061436085
2026-04-06 17:19:00+00:00,XPL,190.9192995537515
2026-04-06 17:20:00+00:00,AVAX,11.28742100494574
2026-04-06 17:20:00+00:00,BCH,142.45624508241087
2026-04-06 17:20:00+00:00,BTC,63198.6615117868
2026-04-06 17:20:00+00:00,CC,24.497836903405034
2026-04-06 17:20:00+00:00,ETH,71.4325576355503
2026-04-06 17:20:00+00:00,FARTCOIN,42.96517632192413
2026-04-06 17:20:00+00:00,SOL,70.81851404403662
2026-04-06 17:20:00+00:00,XPL,191.03392837071263
2026-04-06 17:21:00+00:00,AVAX,11.29067153655297
2026-04-06 17:21:00+00:00,BCH,142.3263110353486
2026-04-06 17:21:00+00:00,BTC,63241.7603646698
2026-04-06 17:21:00+00:00,CC,24.50777410730178
2026-04-06 17:21:00+00:00,ETH,71.41729787147054
2026-04-06 17:21:00+00:00,FARTCOIN,42.95551114094082
2026-04-06 17:21:00+00:00,SOL,70.78934334692042
2026-04-06 17:21:00+00:00,XPL,191.21388299937132
2026-04-06 17:22:00+00:00,AVAX,11.298331318985413
2026-04-06 17:22:00+00:00,BCH,142.1887096971988
2026-04-06 17:22:00+00:00,BTC,63272.69292279782
2026-04-06 17:22:00+00:00,CC,24.476757438709747
2026-04-06 17:22:00+00:00,ETH,71.46097171004217
2026-04-06 17:22:00+00:00,FARTCOIN,43.020941290795484
2026-04-06 17:22:00+00:00,SOL,70.86122369176992
2026-04-06 17:22:00+00:00,XPL,191.1287870728216
2026-04-06 17:23:00+00:00,AVAX,11.319319562031074
2026-04-06 17:23:00+00:00,BCH,142.14384203872575
2026-04-06 17:23:00+00:00,BTC,63277.20747160903
2026-04-06 17:23:00+00:00,CC,24.51558389567929
2026-04-06 17:23:00+00:00,ETH,71.46300148993905
2026-04-06 17:23:00+00:00,FARTCOIN,43.051461802275696
2026-04-06 17:23:00+00:00,SOL,70.86631938415154
2026-04-06 17:23:00+00:00,XPL,191.38211584919833
2026-04-06 17:24:00+00:00,AVAX,11.308587186512066
2026-04-06 17:24:00+00:00,BCH,141.9108946378428
2026-04-06 17:24:00+00:00,BTC,63243.45008959568
2026-04-06 17:24:00+00:00,CC,24.51845698864979
2026-04-06 17:24:00+00:00,ETH,71.424146877484
2026-04-06 17:24:00+00:00,FARTCOIN,43.10074525287162
2026-04-06 17:24:00+00:00,SOL,70.89083907104076
2026-04-06 17:24:00+00:00,XPL,191.18748222084963
2026-04-06 17:25:00+00:00,AVAX,11.32128231831001
2026-04-06 17:25:00+00:00,BCH,141.79398308628598
2026-04-06 17:25:00+00:00,BTC,63205.424118925235
2026-04-06 17:25:00+00:00,CC,24.495821277575857
2026-04-06 17:25:00+00:00,ETH,71.38029752236704
2026-04-06 17:25:00+00:00,FARTCOIN,43.127654238017136
2026-04-06 17:25:00+00:00,SOL,70.90500734128148
2026-04-06 17:25:00+00:00,XPL,191.34302527946738
2026-04-06 17:26:00+00:00,AVAX,11.317715334539649
2026-04-06 17:26:00+00:00,BCH,141.96119138393132
2026-04-06 17:26:00+00:00,BTC,63181.64036103456
2026-04-06 17:26:00+00:00,CC,24.48907538821203
2026-04-06 17:26:00+00:00,ETH,71.36434475903941
2026-04-06 17:26:00+00:00,FARTCOIN,43.24932168329008
2026-04-06 17:26:00+00:00,SOL,70.79168578259848
2026-04-06 17:26:00+00:00,XPL,191.23905494543357
2026-04-06 17:27:00+00:00,AVAX,11.339540499402407
2026-04-06 17:27:00+00:00,BCH,141.83094572347153
2026-04-06 17:27:00+00:00,BTC,63205.64232468154
2026-04-06 17:27:00+00:00,CC,24.475451492395266
2026-04-06 17:27:00+00:00,ETH,71.44188900581186
2026-04-06 17:27:00+00:00,FARTCOIN,43.22208646234284
2026-04-06 17:27:00+00:00,SOL,70.72319567875957
2026-04-06 17:27:00+00:00,XPL,191.3338245128965
2026-04-06 17:28:00+00:00,AVAX,11.340749177827943
2026-04-06 17:28:00+00:00,BCH,141.71427518789986
2026-04-06 17:28:00+00:00,BTC,63163.37583131227
2026-04-06 17:28:00+00:00,CC,24.510726836192823
2026-04-06 17:28:00+00:00,ETH,71.48986873937733
2026-04-06 17:28:00+00:00,FARTCOIN,43.2369561417766
2026-04-06 17:28:00+00:00,SOL,70.63494695939453
2026-04-06 17:28:00+00:00,XPL,191.20219786526943
2026-04-06 17:29:00+00:00,AVAX,11.346837587999707
2026-04-06 17:29:00+00:00,BCH,142.02346321177671
2026-04-06 17:29:00+00:00,BTC,63182.72311921071
2026-04-06 17:29:00+00:00,CC,24.506280101749308
2026-04-06 17:29:00+00:00,ETH,71.50833656909818
2026-04-06 17:29:00+00:00,FARTCOIN,43.21687754830751
2026-04-06 17:29:00+00:00,SOL,70.58620313415865
2026-04-06 17:29:00+00:00,XPL,191.22537735212248
2026-04-06 17:30:00+00:00,AVAX,11.33778741948569
2026-04-06 17:30:00+00:00,BCH,141.97070739524273
2026-04-06 17:30:00+00:00,BTC,63127.82673439443
2026-04-06 17:30:00+00:00,CC,24.50658871425033
2026-04-06 17:30:00+00:00,ETH,71.5079747324869
2026-04-06 17:30:00+00:00,FARTCOIN,43.2590049521263
2026-04-06 17:30:00+00:00,SOL,70.5820303464894
2026-04-06 17:30:00+00:00,XPL,190.94572785839043
2026-04-06 17:31:00+00:00,AVAX,11.330045696235953
2026-04-06 17:31:00+00:00,BCH,141.9064983798193
2026-04-06 17:31:00+00:00,BTC,63118.80969407462
2026-04-06 17:31:00+00:00,CC,24.522766001864277
2026-04-06 17:31:00+00:00,ETH,71.45414870501978
2026-04-06 17:31:00+00:00,FARTCOIN,43.254572885195486
2026-04-06 17:31:00+00:00,SOL,70.59577809324085
2026-04-06 17:31:00+00:00,XPL,190.9970034367365
2026-04-06 17:32:00+00:00,AVAX,11.331557823556102
2026-04-06 17:32:00+00:00,BCH,141.89572042904894
2026-04-06 17:32:00+00:00,BTC,63123.654465026666
2026-04-06 17:32:00+00:00,CC,24.501353022054833
2026-04-06 17:32:00+00:00,ETH,71.5080883774873
2026-04-06 17:32:00+00:00,FARTCOIN,43.34454780385564
2026-04-06 17:32:00+00:00,SOL,70.67026102985643
2026-04-06 17:32:00+00:00,XPL,191.01006351106656
2026-04-06 17:33:00+00:00,AVAX,11.357224244903408
2026-04-06 17:33:00+00:00,BCH,142.15723067856743
2026-04-06 17:33:00+00:00,BTC,63231.788864845315
2026-04-06 17:33:00+00:00,CC,24.515439702342523
2026-04-06 17:33:00+00:00,ETH,71.56310354484583
2026-04-06 17:33:00+00:00,FARTCOIN,43.33177774076687
2026-04-06 17:33:00+00:00,SOL,70.79840972332242
2026-04-06 17:33:00+00:00,XPL,190.9516489524361
2026-04-06 17:34:00+00:00,AVAX,11.347786872349959
2026-04-06 17:34:00+00:00,BCH,142.2577275511988
2026-04-06 17:34:00+00:00,BTC,63170.85515038981
2026-04-06 17:34:00+00:00,CC,24.5187862512746
2026-04-06 17:34:00+00:00,ETH,71.57470422914145
2026-04-06 17:34:00+00:00,FARTCOIN,43.39663877351195
2026-04-06 17:34:00+00:00,SOL,70.75369920369282
2026-04-06 17:34:00+00:00,XPL,190.9022260349829
2026-04-06 17:35:00+00:00,AVAX,11.35449412647983
2026-04-06 17:35:00+00:00,BCH,142.314368840324
2026-04-06 17:35:00+00:00,BTC,63235.98059085786
2026-04-06 17:35:00+00:00,CC,24.478147896055667
2026-04-06 17:35:00+00:00,ETH,71.78009032744413
2026-04-06 17:35:00+00:00,FARTCOIN,43.436488640961066
2026-04-06 17:35:00+00:00,SOL,70.89220090803867
2026-04-06 17:35:00+00:00,XPL,190.97227850829117
2026-04-06 17:36:00+00:00,AVAX,11.352943798360826
2026-04-06 17:36:00+00:00,BCH,142.23004509902668
2026-04-06 17:36:00+00:00,BTC,63242.613741114124
2026-04-06 17:36:00+00:00,CC,24.48608533419736
2026-04-06 17:36:00+00:00,ETH,71.77860311229216
2026-04-06 17:36:00+00:00,FARTCOIN,43.4357078621119
2026-04-06 17:36:00+00:00,SOL,70.9285006846346
2026-04-06 17:36:00+00:00,XPL,190.83508548272192
2026-04-06 17:37:00+00:00,AVAX,11.365869395872679
2026-04-06 17:37:00+00:00,BCH,142.0884146324243
2026-04-06 17:37:00+00:00,BTC,63260.818871646494
2026-04-06 17:37:00+00:00,CC,24.48615021238461
2026-04-06 17:37:00+00:00,ETH,71.65463079771816
2026-04-06 17:37:00+00:00,FARTCOIN,43.46649274265606
2026-04-06 17:37:00+00:00,SOL,70.95020373923299
2026-04-06 17:37:00+00:00,XPL,190.8165856388514
2026-04-06 17:38:00+00:00,AVAX,11.37921009217717
2026-04-06 17:38:00+00:00,BCH,142.11160584254435
2026-04-06 17:38:00+00:00,BTC,63266.05983887251
2026-04-06 17:38:00+00:00,CC,24.490375129684335
2026-04-06 17:38:00+00:00,ETH,71.62433814020372
2026-04-06 17:38:00+00:00,FARTCOIN,43.48084279044643
2026-04-06 17:38:00+00:00,SOL,71.04980428499674
2026-04-06 17:38:00+00:00,XPL,190.58963111281713
2026-04-06 17:39:00+00:00,AVAX,11.37538933322834
2026-04-06 17:39:00+00:00,BCH,141.96949340725547
2026-04-06 17:39:00+00:00,BTC,63285.758184291626
2026-04-06 17:39:00+00:00,CC,24.492947180521103
2026-04-06 17:39:00+00:00,ETH,71.72276742033551
2026-04-06 17:39:00+00:00,FARTCOIN,43.5021278435049
2026-04-06 17:39:00+00:00,SOL,71.07597498826583
2026-04-06 17:39:00+00:00,XPL,191.13877403325176
2026-04-06 17:40:00+00:00,AVAX,11.367506967398093
2026-04-06 17:40:00+00:00,BCH,141.89727103315138
2026-04-06 17:40:00+00:00,BTC,63278.95029564724
2026-04-06 17:40:00+00:00,CC,24.500038619565235
2026-04-06 17:40:00+00:00,ETH,71.7519162008876
2026-04-06 17:40:00+00:00,FARTCOIN,43.490394239900844
2026-04-06 17:40:00+00:00,SOL,71.05001218201183
2026-04-06 17:40:00+00:00,XPL,191.37773713075657
2026-04-06 17:41:00+00:00,AVAX,11.3812310847352
2026-04-06 17:41:00+00:00,BCH,141.90398928456622
2026-04-06 17:41:00+00:00,BTC,63343.39062331038
2026-04-06 17:41:00+00:00,CC,24.54438405695288
2026-04-06 17:41:00+00:00,ETH,71.83010967916101
2026-04-06 17:41:00+00:00,FARTCOIN,43.462641475925345
2026-04-06 17:41:00+00:00,SOL,71.05790762164976
2026-04-06 17:41:00+00:00,XPL,191.47943929955377
2026-04-06 17:42:00+00:00,AVAX,11.393793542526828
2026-04-06 17:42:00+00:00,BCH,142.00266257457375
2026-04-06 17:42:00+00:00,BTC,63323.153755625885
2026-04-06 17:42:00+00:00,CC,24.50810202790694
2026-04-06 17:42:00+00:00,ETH,71.87582262015594
2026-04-06 17:42:00+00:00,FARTCOIN,43.442392981119994
2026-04-06 17:42:00+00:00,SOL,71.08357287061644
2026-04-06 17:42:00+00:00,XPL,191.73669791637235
2026-04-06 17:43:00+00:00,AVAX,11.413237339558552
2026-04-06 17:43:00+00:00,BCH,142.0333559073602
2026-04-06 17:43:00+00:00,BTC,63373.36131408549
2026-04-06 17:43:00+00:00,CC,24.501925050095917
2026-04-06 17:43:00+00:00,ETH,71.95562660454392
2026-04-06 17:43:00+00:00,FARTCOIN,43.36161054544598
2026-04-06 17:43:00+00:00,SOL,71.21071456541797
2026-04-06 17:43:00+00:00,XPL,191.3121669232695
2026-04-06 17:44:00+00:00,AVAX,11.396015610677612
2026-04-06 17:44:00+00:00,BCH,142.02964020126768
2026-04-06 17:44:00+00:00,BTC,63344.782762617906
2026-04-06 17:44:00+00:00,CC,24.519320997323668
2026-04-06 17:44:00+00:00,ETH,72.00691716229194
2026-04-06 17:44:00+00:00,FARTCOIN,43.40152707813906
2026-04-06 17:44:00+00:00,SOL,71.18017690996813
2026-04-06 17:44:00+00:00,XPL,190.7086839142093
2026-04-06 17:45:00+00:00,AVAX,11.392899018996173
2026-04-06 17:45:00+00:00,BCH,141.8196580873052
2026-04-06 17:45:00+00:00,BTC,63342.11117087229
2026-04-06 17:45:00+00:00,CC,24.533268506814554
2026-04-06 17:45:00+00:00,ETH,72.06394267189779
2026-04-06 17:45:00+00:00,FARTCOIN,43.33687956673375
2026-04-06 17:45:00+00:00,SOL,71.2614593843109
2026-04-06 17:45:00+00:00,XPL,190.61571997543206
2026-04-06 17:46:00+00:00,AVAX,11.37610277435087
2026-04-06 17:46:00+00:00,BCH,141.74600737172474
2026-04-06 17:46:00+00:00,BTC,63294.598739332505
2026-04-06 17:46:00+00:00,CC,24.543113521085914
2026-04-06 17:46:00+00:00,ETH,72.11669206950768
2026-04-06 17:46:00+00:00,FARTCOIN,43.319060886212995
2026-04-06 17:46:00+00:00,SOL,71.08986695459794
2026-04-06 17:46:00+00:00,XPL,190.27209227724165
2026-04-06 17:47:00+00:00,AVAX,11.376443810495573
2026-04-06 17:47:00+00:00,BCH,141.63094143663625
2026-04-06 17:47:00+00:00,BTC,63314.76233103881
2026-04-06 17:47:00+00:00,CC,24.625913986300304
2026-04-06 17:47:00+00:00,ETH,72.15951725727207
2026-04-06 17:47:00+00:00,FARTCOIN,43.355523034075716
2026-04-06 17:47:00+00:00,SOL,71.10556753995488
2026-04-06 17:47:00+00:00,XPL,190.23019454116553
2026-04-06 17:48:00+00:00,AVAX,11.402683291125731
2026-04-06 17:48:00+00:00,BCH,141.69848239510912
2026-04-06 17:48:00+00:00,BTC,63378.84320185053
2026-04-06 17:48:00+00:00,CC,24.649055487740153
2026-04-06 17:48:00+00:00,ETH,72.28045561986154
2026-04-06 17:48:00+00:00,FARTCOIN,43.40799733125053
2026-04-06 17:48:00+00:00,SOL,71.16416591623408
2026-04-06 17:48:00+00:00,XPL,190.31564717452545
2026-04-06 17:49:00+00:00,AVAX,11.387569168127966
2026-04-06 17:49:00+00:00,BCH,141.97422003131754
2026-04-06 17:49:00+00:00,BTC,63375.411373132876
2026-04-06 17:49:00+00:00,CC,24.682262748361115
2026-04-06 17:49:00+00:00,ETH,72.25715317334681
2026-04-06 17:49:00+00:00,FARTCOIN,43.31518568766644
2026-04-06 17:49:00+00:00,SOL,71.11434554222531
2026-04-06 17:49:00+00:00,XPL,190.5239030794333
2026-04-06 17:50:00+00:00,AVAX,11.36965780328606
2026-04-06 17:50:00+00:00,BCH,142.07673542967385
2026-04-06 17:50:00+00:00,BTC,63366.67757648839
2026-04-06 17:50:00+00:00,CC,24.672489262162074
2026-04-06 17:50:00+00:00,ETH,72.2095902648
2026-04-06 17:50:00+00:00,FARTCOIN,43.309218059386914
2026-04-06 17:50:00+00:00,SOL,71.25873514169585
2026-04-06 17:50:00+00:00,XPL,190.2585965752496
2026-04-06 17:51:00+00:00,AVAX,11.353650418822287
2026-04-06 17:51:00+00:00,BCH,141.96613362743432
2026-04-06 17:51:00+00:00,BTC,63317.25615747472
2026-04-06 17:51:00+00:00,CC,24.639264456719935
2026-04-06 17:51:00+00:00,ETH,72.27264908506267
2026-04-06 17:51:00+00:00,FARTCOIN,43.32635662322952
2026-04-06 17:51:00+00:00,SOL,71.20725004094056
2026-04-06 17:51:00+00:00,XPL,190.3201571763825
2026-04-06 17:52:00+00:00,AVAX,11.355037356620956
2026-04-06 17:52:00+00:00,BCH,142.35602700467854
2026-04-06 17:52:00+00:00,BTC,63307.094245838634
2026-04-06 17:52:00+00:00,CC,24.629182115479768
2026-04-06 17:52:00+00:00,ETH,72.2768522289554
2026-04-06 17:52:00+00:00,FARTCOIN,43.3276702272036
2026-04-06 17:52:00+00:00,SOL,71.17141426993018
2026-04-06 17:52:00+00:00,XPL,190.31733411377434
2026-04-06 17:53:00+00:00,AVAX,11.350620728743383
2026-04-06 17:53:00+00:00,BCH,142.10408504382752
2026-04-06 17:53:00+00:00,BTC,63236.548957172396
2026-04-06 17:53:00+00:00,CC,24.64473693059241
2026-04-06 17:53:00+00:00,ETH,72.26071315903243
2026-04-06 17:53:00+00:00,FARTCOIN,43.387933172010655
2026-04-06 17:53:00+00:00,SOL,71.10565760492446
2026-04-06 17:53:00+00:00,XPL,190.35426306064835
2026-04-06 17:54:00+00:00,AVAX,11.34892440523671
2026-04-06 17:54:00+00:00,BCH,142.17594141604457
2026-04-06 17:54:00+00:00,BTC,63196.15278796842
2026-04-06 17:54:00+00:00,CC,24.65362026048357
2026-04-06 17:54:00+00:00,ETH,72.22951797948222
2026-04-06 17:54:00+00:00,FARTCOIN,43.33962717485476
2026-04-06 17:54:00+00:00,SOL,70.93906090488501
2026-04-06 17:54:00+00:00,XPL,190.21126000459532
2026-04-06 17:55:00+00:00,AVAX,11.362472371377766
2026-04-06 17:55:00+00:00,BCH,141.9991178683621
2026-04-06 17:55:00+00:00,BTC,63206.185988267855
2026-04-06 17:55:00+00:00,CC,24.666336219685622
2026-04-06 17:55:00+00:00,ETH,72.20114267091601
2026-04-06 17:55:00+00:00,FARTCOIN,43.23456514521771
2026-04-06 17:55:00+00:00,SOL,70.9001300594832
2026-04-06 17:55:00+00:00,XPL,190.53327694520274
2026-04-06 17:56:00+00:00,AVAX,11.35336372840609
2026-04-06 17:56:00+00:00,BCH,142.0794101581283
2026-04-06 17:56:00+00:00,BTC,63264.57179364498
2026-04-06 17:56:00+00:00,CC,24.664546706970317
2026-04-06 17:56:00+00:00,ETH,72.25854354045703
2026-04-06 17:56:00+00:00,FARTCOIN,43.28461878322774
2026-04-06 17:56:00+00:00,SOL,71.01861293996384
2026-04-06 17:56:00+00:00,XPL,190.54479530994325
2026-04-06 17:57:00+00:00,AVAX,11.384525797163308
2026-04-06 17:57:00+00:00,BCH,142.14456419530515
2026-04-06 17:57:00+00:00,BTC,63389.10065881023
2026-04-06 17:57:00+00:00,CC,24.66318344581529
2026-04-06 17:57:00+00:00,ETH,72.47302653024232
2026-04-06 17:57:00+00:00,FARTCOIN,43.273746454364236
2026-04-06 17:57:00+00:00,SOL,71.09716242737899
2026-04-06 17:57:00+00:00,XPL,191.02601464408787
2026-04-06 17:58:00+00:00,AVAX,11.377356897904415
2026-04-06 17:58:00+00:00,BCH,142.1278674821877
2026-04-06 17:58:00+00:00,BTC,63363.077831085015
2026-04-06 17:58:00+00:00,CC,24.655836130007803
2026-04-06 17:58:00+00:00,ETH,72.48394888910327
2026-04-06 17:58:00+00:00,FARTCOIN,43.178978285064304
2026-04-06 17:58:00+00:00,SOL,71.01935323267176
2026-04-06 17:58:00+00:00,XPL,190.82924687979465
2026-04-06 17:59:00+00:00,AVAX,11.394576443919691
2026-04-06 17:59:00+00:00,BCH,142.25646277175196
2026-04-06 17:59:00+00:00,BTC,63426.771347362504
2026-04-06 17:59:00+00:00,CC,24.682239708667908
2026-04-06 17:59:00+00:00,ETH,72.43421860962344
2026-04-06 17:59:00+00:00,FARTCOIN,43.17944147506592
2026-04-06 17:59:00+00:00,SOL,71.16385231587581
2026-04-06 17:59:00+00:00,XPL,191.0378102024734
2026-04-06 18:00:00+00:00,AVAX,11.382663377346242
2026-04-06 18:00:00+00:00,BCH,142.23770527563119
2026-04-06 18:00:00+00:00,BTC,63437.59457368999
2026-04-06 18:00:00+00:00,CC,24.707996671661974
2026-04-06 18:00:00+00:00,ETH,72.430692070022
2026-04-06 18:00:00+00:00,FARTCOIN,43.244726059216006
2026-04-06 18:00:00+00:00,SOL,71.26007830159016
2026-04-06 18:00:00+00:00,XPL,191.03065084520418
2026-04-06 18:01:00+00:00,AVAX,11.381689844728298
2026-04-06 18:01:00+00:00,BCH,142.3647601996808
2026-04-06 18:01:00+00:00,BTC,63430.87857839257
2026-04-06 18:01:00+00:00,CC,24.67765747174342
2026-04-06 18:01:00+00:00,ETH,72.54044041992348
2026-04-06 18:01:00+00:00,FARTCOIN,43.178306609316124
2026-04-06 18:01:00+00:00,SOL,71.28682716216785
2026-04-06 18:01:00+00:00,XPL,190.95149162302937
2026-04-06 18:02:00+00:00,AVAX,11.387040922047657
2026-04-06 18:02:00+00:00,BCH,142.32874712927543
2026-04-06 18:02:00+00:00,BTC,63450.0893792146
2026-04-06 18:02:00+00:00,CC,24.70173916691533
2026-04-06 18:02:00+00:00,ETH,72.5451539986613
2026-04-06 18:02:00+00:00,FARTCOIN,43.3021360703831
2026-04-06 18:02:00+00:00,SOL,71.27597728438931
2026-04-06 18:02:00+00:00,XPL,191.10801024212515
2026-04-06 18:03:00+00:00,AVAX,11.399311556714052
2026-04-06 18:03:00+00:00,BCH,142.37586672193763
2026-04-06 18:03:00+00:00,BTC,63452.83946330709
2026-04-06 18:03:00+00:00,CC,24.68267191664232
2026-04-06 18:03:00+00:00,ETH,72.4303630957779
2026-04-06 18:03:00+00:00,FARTCOIN,43.25899445637059
2026-04-06 18:03:00+00:00,SOL,71.2632425703292
2026-04-06 18:03:00+00:00,XPL,191.04106921391477
2026-04-06 18:04:00+00:00,AVAX,11.383807148976004
2026-04-06 18:04:00+00:00,BCH,142.49040929503562
2026-04-06 18:04:00+00:00,BTC,63457.74309835207
2026-04-06 18:04:00+00:00,CC,24.696946610534155
2026-04-06 18:04:00+00:00,ETH,72.55863696589036
2026-04-06 18:04:00+00:00,FARTCOIN,43.26418015476417
2026-04-06 18:04:00+00:00,SOL,71.21636325471596
2026-04-06 18:04:00+00:00,XPL,190.43473243879882
2026-04-06 18:05:00+00:00,AVAX,11.381356696070045
2026-04-06 18:05:00+00:00,BCH,142.2657570409258
2026-04-06 18:05:00+00:00,BTC,63439.60735971214
2026-04-06 18:05:00+00:00,CC,24.68984662853992
2026-04-06 18:05:00+00:00,ETH,72.58557537048596
2026-04-06 18:05:00+00:00,FARTCOIN,43.19846313107949
2026-04-06 18:05:00+00:00,SOL,71.13534705885112
2026-04-06 18:05:00+00:00,XPL,189.72523911274928
2026-04-06 18:06:00+00:00,AVAX,11.360791125115862
2026-04-06 18:06:00+00:00,BCH,142.05174445230418
2026-04-06 18:06:00+00:00,BTC,63377.550861787124
2026-04-06 18:06:00+00:00,CC,24.731439842926093
2026-04-06 18:06:00+00:00,ETH,72.52064855113801
2026-04-06 18:06:00+00:00,FARTCOIN,43.192165127558276
2026-04-06 18:06:00+00:00,SOL,71.00941748508096
2026-04-06 18:06:00+00:00,XPL,189.97796406732857
2026-04-06 18:07:00+00:00,AVAX,11.355526498707327
2026-04-06 18:07:00+00:00,BCH,141.92821571550522
2026-04-06 18:07:00+00:00,BTC,63309.10601771272
2026-04-06 18:07:00+00:00,CC,24.713694057243757
2026-04-06 18:07:00+00:00,ETH,72.42985642558195
2026-04-06 18:07:00+00:00,FARTCOIN,43.17590180852008
2026-04-06 18:07:00+00:00,SOL,70.90477664998116
2026-04-06 18:07:00+00:00,XPL,190.217525712
2026-04-06 18:08:00+00:00,AVAX,11.367890031063277
2026-04-06 18:08:00+00:00,BCH,142.06393822265704
2026-04-06 18:08:00+00:00,BTC,63338.06208229836
2026-04-06 18:08:00+00:00,CC,24.721252376063955
2026-04-06 18:08:00+00:00,ETH,72.52863093820903
2026-04-06 18:08:00+00:00,FARTCOIN,43.10274019505607
2026-04-06 18:08:00+00:00,SOL,70.86631640852613
2026-04-06 18:08:00+00:00,XPL,190.66625676619157
2026-04-06 18:09:00+00:00,AVAX,11.379193245349168
2026-04-06 18:09:00+00:00,BCH,142.22235353498567
2026-04-06 18:09:00+00:00,BTC,63325.795317073156
2026-04-06 18:09:00+00:00,CC,24.738295487080794
2026-04-06 18:09:00+00:00,ETH,72.48132712445847
2026-04-06 18:09:00+00:00,FARTCOIN,43.247474000102756
2026-04-06 18:09:00+00:00,SOL,70.75500411567495
2026-04-06 18:09:00+00:00,XPL,190.6548606203352
2026-04-06 18:10:00+00:00,AVAX,11.369681947962256
2026-04-06 18:10:00+00:00,BCH,142.14429990763531
2026-04-06 18:10:00+00:00,BTC,63299.377366507644
2026-04-06 18:10:00+00:00,CC,24.710302562907845
2026-04-06 18:10:00+00:00,ETH,72.53054109718428
2026-04-06 18:10:00+00:00,FARTCOIN,43.21816832866021
2026-04-06 18:10:00+00:00,SOL,70.74388156094395
2026-04-06 18:10:00+00:00,XPL,190.34346804897092
2026-04-06 18:11:00+00:00,AVAX,11.379231539594688
2026-04-06 18:11:00+00:00,BCH,142.10453874111116
2026-04-06 18:11:00+00:00,BTC,63299.7542482426
2026-04-06 18:11:00+00:00,CC,24.70817169565493
2026-04-06 18:11:00+00:00,ETH,72.5663101259251
2026-04-06 18:11:00+00:00,FARTCOIN,43.192583648998955
2026-04-06 18:11:00+00:00,SOL,70.75917782020102
2026-04-06 18:11:00+00:00,XPL,190.24788066439325
2026-04-06 18:12:00+00:00,AVAX,11.398567564411506
2026-04-06 18:12:00+00:00,BCH,142.06015907303538
2026-04-06 18:12:00+00:00,BTC,63334.987361489286
2026-04-06 18:12:00+00:00,CC,24.70301782829315
2026-04-06 18:12:00+00:00,ETH,72.61663041665615
2026-04-06 18:12:00+00:00,FARTCOIN,43.2476518444969
2026-04-06 18:12:00+00:00,SOL,70.90109999264362
2026-04-06 18:12:00+00:00,XPL,190.27166312326176
2026-04-06 18:13:00+00:00,AVAX,11.382943941038235
2026-04-06 18:13:00+00:00,BCH,142.11760592417167
2026-04-06 18:13:00+00:00,BTC,63342.98420993519
2026-04-06 18:13:00+00:00,CC,24.688414628687664
2026-04-06 18:13:00+00:00,ETH,72.63393555962895
2026-04-06 18:13:00+00:00,FARTCOIN,43.343003565857
2026-04-06 18:13:00+00:00,SOL,70.86607017724417
2026-04-06 18:13:00+00:00,XPL,190.0466677914976
2026-04-06 18:14:00+00:00,AVAX,11.384773984482587
2026-04-06 18:14:00+00:00,BCH,142.0241575969447
2026-04-06 18:14:00+00:00,BTC,63313.901354184454
2026-04-06 18:14:00+00:00,CC,24.67312451498616
2026-04-06 18:14:00+00:00,ETH,72.59415584943392
2026-04-06 18:14:00+00:00,FARTCOIN,43.39764481306221
2026-04-06 18:14:00+00:00,SOL,70.85729309654468
2026-04-06 18:14:00+00:00,XPL,190.4055181718933
2026-04-06 18:15:00+00:00,AVAX,11.402916450944144
2026-04-06 18:15:00+00:00,BCH,142.09277400411884
2026-04-06 18:15:00+00:00,BTC,63368.2736614355
2026-04-06 18:15:00+00:00,CC,24.71031266906959
2026-04-06 18:15:00+00:00,ETH,72.7155417604764
2026-04-06 18:15:00+00:00,FARTCOIN,43.34257626734932
2026-04-06 18:15:00+00:00,SOL,70.92897211808025
2026-04-06 18:15:00+00:00,XPL,190.95068259598438
2026-04-06 18:16:00+00:00,AVAX,11.410978443339987
2026-04-06 18:16:00+00:00,BCH,142.2143317342782
2026-04-06 18:16:00+00:00,BTC,63438.36157431453
2026-04-06 18:16:00+00:00,CC,24.698030375037497
2026-04-06 18:16:00+00:00,ETH,72.72723585612286
2026-04-06 18:16:00+00:00,FARTCOIN,43.36328929166076
2026-04-06 18:16:00+00:00,SOL,70.97943201764183
2026-04-06 18:16:00+00:00,XPL,191.10255310674123
2026-04-06 18:17:00+00:00,AVAX,11.401905360591673
2026-04-06 18:17:00+00:00,BCH,142.3268288415548
2026-04-06 18:17:00+00:00,BTC,63460.327080954325
2026-04-06 18:17:00+00:00,CC,24.716534334684123
2026-04-06 18:17:00+00:00,ETH,72.64252371680071
2026-04-06 18:17:00+00:00,FARTCOIN,43.2684964376631
2026-04-06 18:17:00+00:00,SOL,71.0479006511156
2026-04-06 18:17:00+00:00,XPL,191.11329364640721
2026-04-06 18:18:00+00:00,AVAX,11.418198797746296
2026-04-06 18:18:00+00:00,BCH,142.33707279818867
2026-04-06 18:18:00+00:00,BTC,63503.59412734761
2026-04-06 18:18:00+00:00,CC,24.729237618117235
2026-04-06 18:18:00+00:00,ETH,72.72482531515796
2026-04-06 18:18:00+00:00,FARTCOIN,43.3212451261404
2026-04-06 18:18:00+00:00,SOL,71.138689339927
2026-04-06 18:18:00+00:00,XPL,190.84255431858747
2026-04-06 18:19:00+00:00,AVAX,11.414310515669607
2026-04-06 18:19:00+00:00,BCH,142.3433391717563
2026-04-06 18:19:00+00:00,BTC,63558.82637904741
2026-04-06 18:19:00+00:00,CC,24.692109794876767
2026-04-06 18:19:00+00:00,ETH,72.81994468105678
2026-04-06 18:19:00+00:00,FARTCOIN,43.24384075195142
2026-04-06 18:19:00+00:00,SOL,71.21225887881413
2026-04-06 18:19:00+00:00,XPL,191.2302807576619
2026-04-06 18:20:00+00:00,AVAX,11.420154914789967
2026-04-06 18:20:00+00:00,BCH,142.49444002528253
2026-04-06 18:20:00+00:00,BTC,63609.12572193259
2026-04-06 18:20:00+00:00,CC,24.711407233267913
2026-04-06 18:20:00+00:00,ETH,72.90042793854545
2026-04-06 18:20:00+00:00,FARTCOIN,43.20901634631382
2026-04-06 18:20:00+00:00,SOL,71.24376540414573
2026-04-06 18:20:00+00:00,XPL,191.27805262046434
2026-04-06 18:21:00+00:00,AVAX,11.42391593240735
2026-04-06 18:21:00+00:00,BCH,142.15886760534082
2026-04-06 18:21:00+00:00,BTC,63636.47521810141
2026-04-06 18:21:00+00:00,CC,24.67164790793745
2026-04-06 18:21:00+00:00,ETH,72.9538357231942
2026-04-06 18:21:00+00:00,FARTCOIN,43.21256533844035
2026-04-06 18:21:00+00:00,SOL,71.24687254877551
2026-04-06 18:21:00+00:00,XPL,191.22813108973324
2026-04-06 18:22:00+00:00,AVAX,11.435345570659118
2026-04-06 18:22:00+00:00,BCH,142.13224461506584
2026-04-06 18:22:00+00:00,BTC,63663.13448865831
2026-04-06 18:22:00+00:00,CC,24.69231854393894
2026-04-06 18:22:00+00:00,ETH,72.95876247319669
2026-04-06 18:22:00+00:00,FARTCOIN,43.239269291768494
2026-04-06 18:22:00+00:00,SOL,71.1845615054164
2026-04-06 18:22:00+00:00,XPL,191.3546086334833
2026-04-06 18:23:00+00:00,AVAX,11.432432554614515
2026-04-06 18:23:00+00:00,BCH,142.02895479301887
2026-04-06 18:23:00+00:00,BTC,63686.29695589884
2026-04-06 18:23:00+00:00,CC,24.679090030966314
2026-04-06 18:23:00+00:00,ETH,73.03306737913265
2026-04-06 18:23:00+00:00,FARTCOIN,43.22887715794002
2026-04-06 18:23:00+00:00,SOL,71.15494578147383
2026-04-06 18:23:00+00:00,XPL,191.2340738139545
2026-04-06 18:24:00+00:00,AVAX,11.417933528148568
2026-04-06 18:24:00+00:00,BCH,142.09004271830233
2026-04-06 18:24:00+00:00,BTC,63637.395978511486
2026-04-06 18:24:00+00:00,CC,24.675546699458494
2026-04-06 18:24:00+00:00,ETH,72.98240598172022
2026-04-06 18:24:00+00:00,FARTCOIN,43.30109822292194
2026-04-06 18:24:00+00:00,SOL,71.06870686688411
2026-04-06 18:24:00+00:00,XPL,191.2384001385898
2026-04-06 18:25:00+00:00,AVAX,11.423711941360686
2026-04-06 18:25:00+00:00,BCH,142.09289744847874
2026-04-06 18:25:00+00:00,BTC,63668.618173128736
2026-04-06 18:25:00+00:00,CC,24.639669030784933
2026-04-06 18:25:00+00:00,ETH,72.98083892569424
2026-04-06 18:25:00+00:00,FARTCOIN,43.34294680563617
2026-04-06 18:25:00+00:00,SOL,71.02645882740211
2026-04-06 18:25:00+00:00,XPL,190.9263896037095
2026-04-06 18:26:00+00:00,AVAX,11.424843426007175
2026-04-06 18:26:00+00:00,BCH,141.9066855066587
2026-04-06 18:26:00+00:00,BTC,63608.220876857544
2026-04-06 18:26:00+00:00,CC,24.638610652402896
2026-04-06 18:26:00+00:00,ETH,72.90152185557827
2026-04-06 18:26:00+00:00,FARTCOIN,43.36826022327686
2026-04-06 18:26:00+00:00,SOL,70.99728873058925
2026-04-06 18:26:00+00:00,XPL,191.13933212955067
2026-04-06 18:27:00+00:00,AVAX,11.442976669675398
2026-04-06 18:27:00+00:00,BCH,141.83340297495545
2026-04-06 18:27:00+00:00,BTC,63572.85057424241
2026-04-06 18:27:00+00:00,CC,24.66328863166921
2026-04-06 18:27:00+00:00,ETH,72.99969797300018
2026-04-06 18:27:00+00:00,FARTCOIN,43.299509945399855
2026-04-06 18:27:00+00:00,SOL,71.04019672008044
2026-04-06 18:27:00+00:00,XPL,191.0941259189497
2026-04-06 18:28:00+00:00,AVAX,11.436328951888878
2026-04-06 18:28:00+00:00,BCH,141.86741672138515
2026-04-06 18:28:00+00:00,BTC,63630.886992290645
2026-04-06 18:28:00+00:00,CC,24.64391436808185
2026-04-06 18:28:00+00:00,ETH,72.94235316584783
2026-04-06 18:28:00+00:00,FARTCOIN,43.395817169241745
2026-04-06 18:28:00+00:00,SOL,71.03723902492699
2026-04-06 18:28:00+00:00,XPL,191.39496502882216
2026-04-06 18:29:00+00:00,AVAX,11.445295560044988
2026-04-06 18:29:00+00:00,BCH,141.88693159388188
2026-04-06 18:29:00+00:00,BTC,63668.322768169
2026-04-06 18:29:00+00:00,CC,24.62886228224402
2026-04-06 18:29:00+00:00,ETH,73.01166236520545
2026-04-06 18:29:00+00:00,FARTCOIN,43.35911778000875
2026-04-06 18:29:00+00:00,SOL,71.09089440307662
2026-04-06 18:29:00+00:00,XPL,191.37128469900955
2026-04-06 18:30:00+00:00,AVAX,11.444232575609442
2026-04-06 18:30:00+00:00,BCH,142.02496974132217
2026-04-06 18:30:00+00:00,BTC,63734.64739815158
2026-04-06 18:30:00+00:00,CC,24.647434049052087
2026-04-06 18:30:00+00:00,ETH,72.96595696367565
2026-04-06 18:30:00+00:00,FARTCOIN,43.45866677083493
2026-04-06 18:30:00+00:00,SOL,71.0876457625409
2026-04-06 18:30:00+00:00,XPL,191.3798575801471
2026-04-06 18:31:00+00:00,AVAX,11.452879484795083
2026-04-06 18:31:00+00:00,BCH,141.9480865017815
2026-04-06 18:31:00+00:00,BTC,63722.528000837534
2026-04-06 18:31:00+00:00,CC,24.660685792686625
2026-04-06 18:31:00+00:00,ETH,72.94705712372078
2026-04-06 18:31:00+00:00,FARTCOIN,43.56259620075978
2026-04-06 18:31:00+00:00,SOL,71.0566528893654
2026-04-06 18:31:00+00:00,XPL,191.09437593404962
2026-04-06 18:32:00+00:00,AVAX,11.435366796588593
2026-04-06 18:32:00+00:00,BCH,141.7960161674391
2026-04-06 18:32:00+00:00,BTC,63671.151776654464
2026-04-06 18:32:00+00:00,CC,24.584790448485716
2026-04-06 18:32:00+00:00,ETH,72.86861902975399
2026-04-06 18:32:00+00:00,FARTCOIN,43.582372574672874
2026-04-06 18:32:00+00:00,SOL,70.96385069225627
2026-04-06 18:32:00+00:00,XPL,191.23782573250898
2026-04-06 18:33:00+00:00,AVAX,11.426790704133243
2026-04-06 18:33:00+00:00,BCH,141.64689657588977
2026-04-06 18:33:00+00:00,BTC,63660.43643912057
2026-04-06 18:33:00+00:00,CC,24.643490873839283
2026-04-06 18:33:00+00:00,ETH,72.72160312169807
2026-04-06 18:33:00+00:00,FARTCOIN,43.63491027573395
2026-04-06 18:33:00+00:00,SOL,70.99214578352388
2026-04-06 18:33:00+00:00,XPL,191.03050841783536
2026-04-06 18:34:00+00:00,AVAX,11.421425541485137
2026-04-06 18:34:00+00:00,BCH,141.50847654365703
2026-04-06 18:34:00+00:00,BTC,63664.98335133216
2026-04-06 18:34:00+00:00,CC,24.659478558239485
2026-04-06 18:34:00+00:00,ETH,72.75148638176435
2026-04-06 18:34:00+00:00,FARTCOIN,43.47440199650611
2026-04-06 18:34:00+00:00,SOL,70.95309659619383
2026-04-06 18:34:00+00:00,XPL,190.9217623187821
2026-04-06 18:35:00+00:00,AVAX,11.421179061116993
2026-04-06 18:35:00+00:00,BCH,141.5228505010206
2026-04-06 18:35:00+00:00,BTC,63668.503619370276
2026-04-06 18:35:00+00:00,CC,24.680382889598594
2026-04-06 18:35:00+00:00,ETH,72.73002524248861
2026-04-06 18:35:00+00:00,FARTCOIN,43.46471069898433
2026-04-06 18:35:00+00:00,SOL,71.02106620029228
2026-04-06 18:35:00+00:00,XPL,190.92411354308436
2026-04-06 18:36:00+00:00,AVAX,11.432210593950947
2026-04-06 18:36:00+00:00,BCH,141.65742913564338
2026-04-06 18:36:00+00:00,BTC,63719.04949048665
2026-04-06 18:36:00+00:00,CC,24.68004888559879
2026-04-06 18:36:00+00:00,ETH,72.6417303868472
2026-04-06 18:36:00+00:00,FARTCOIN,43.529143295639756
2026-04-06 18:36:00+00:00,SOL,71.05327382668521
2026-04-06 18:36:00+00:00,XPL,190.98219849233666
2026-04-06 18:37:00+00:00,AVAX,11.434730249002268
2026-04-06 18:37:00+00:00,BCH,141.44506028435669
2026-04-06 18:37:00+00:00,BTC,63702.93766216382
2026-04-06 18:37:00+00:00,CC,24.623916294470245
2026-04-06 18:37:00+00:00,ETH,72.68101514790936
2026-04-06 18:37:00+00:00,FARTCOIN,43.575257862221044
2026-04-06 18:37:00+00:00,SOL,70.9964823910467
2026-04-06 18:37:00+00:00,XPL,190.58195802602114
2026-04-06 18:38:00+00:00,AVAX,11.437066256718579
2026-04-06 18:38:00+00:00,BCH,141.57148486824767
2026-04-06 18:38:00+00:00,BTC,63718.63753750696
2026-04-06 18:38:00+00:00,CC,24.645076125702754
2026-04-06 18:38:00+00:00,ETH,72.79018879812185
2026-04-06 18:38:00+00:00,FARTCOIN,43.513669315620454
2026-04-06 18:38:00+00:00,SOL,70.9313010515944
2026-04-06 18:38:00+00:00,XPL,190.53857084358114
2026-04-06 18:39:00+00:00,AVAX,11.41666776105083
2026-04-06 18:39:00+00:00,BCH,141.58555914974005
2026-04-06 18:39:00+00:00,BTC,63674.55700949238
2026-04-06 18:39:00+00:00,CC,24.624958348078316
2026-04-06 18:39:00+00:00,ETH,72.84501161965797
2026-04-06 18:39:00+00:00,FARTCOIN,43.49231481749967
2026-04-06 18:39:00+00:00,SOL,70.905745626192
2026-04-06 18:39:00+00:00,XPL,190.69408868664755
2026-04-06 18:40:00+00:00,AVAX,11.42720959652442
2026-04-06 18:40:00+00:00,BCH,141.74779000009292
2026-04-06 18:40:00+00:00,BTC,63694.63180057021
2026-04-06 18:40:00+00:00,CC,24.642590278028557
2026-04-06 18:40:00+00:00,ETH,72.88807571489095
2026-04-06 18:40:00+00:00,FARTCOIN,43.36287487655759
2026-04-06 18:40:00+00:00,SOL,70.98191342158036
2026-04-06 18:40:00+00:00,XPL,190.61954926457184
2026-04-06 18:41:00+00:00,AVAX,11.426686091364008
2026-04-06 18:41:00+00:00,BCH,141.78631516288493
2026-04-06 18:41:00+00:00,BTC,63694.77039929267
2026-04-06 18:41:00+00:00,CC,24.63613165878158
2026-04-06 18:41:00+00:00,ETH,72.89123197627282
2026-04-06 18:41:00+00:00,FARTCOIN,43.38438935161065
2026-04-06 18:41:00+00:00,SOL,70.99950766819896
2026-04-06 18:41:00+00:00,XPL,190.5682332113522
2026-04-06 18:42:00+00:00,AVAX,11.433537555931665
2026-04-06 18:42:00+00:00,BCH,141.80435648588892
2026-04-06 18:42:00+00:00,BTC,63661.34773942757
2026-04-06 18:42:00+00:00,CC,24.64058315426651
2026-04-06 18:42:00+00:00,ETH,72.94586269686172
2026-04-06 18:42:00+00:00,FARTCOIN,43.28190789176391
2026-04-06 18:42:00+00:00,SOL,71.1109797912359
2026-04-06 18:42:00+00:00,XPL,190.58536861826212
2026-04-06 18:43:00+00:00,AVAX,11.424653910308285
2026-04-06 18:43:00+00:00,BCH,142.0635568853622
2026-04-06 18:43:00+00:00,BTC,63650.83935629348
2026-04-06 18:43:00+00:00,CC,24.61686540477773
2026-04-06 18:43:00+00:00,ETH,73.04614654534109
2026-04-06 18:43:00+00:00,FARTCOIN,43.33923190437904
2026-04-06 18:43:00+00:00,SOL,71.19255458870983
2026-04-06 18:43:00+00:00,XPL,190.5502720040181
2026-04-06 18:44:00+00:00,AVAX,11.406940799392318
2026-04-06 18:44:00+00:00,BCH,142.00944751094266
2026-04-06 18:44:00+00:00,BTC,63642.633826647354
2026-04-06 18:44:00+00:00,CC,24.641777521106352
2026-04-06 18:44:00+00:00,ETH,73.11269465353455
2026-04-06 18:44:00+00:00,FARTCOIN,43.39966658148134
2026-04-06 18:44:00+00:00,SOL,71.16505397773123
2026-04-06 18:44:00+00:00,XPL,190.30987250195116
2026-04-06 18:45:00+00:00,AVAX,11.404758110984044
2026-04-06 18:45:00+00:00,BCH,141.8530584959595
2026-04-06 18:45:00+00:00,BTC,63630.599595790474
2026-04-06 18:45:00+00:00,CC,24.60573139044203
2026-04-06 18:45:00+00:00,ETH,73.03902497500258
2026-04-06 18:45:00+00:00,FARTCOIN,43.37332829292142
2026-04-06 18:45:00+00:00,SOL,71.1332526551923
2026-04-06 18:45:00+00:00,XPL,190.2943748552572
2026-04-06 18:46:00+00:00,AVAX,11.430108289827983
2026-04-06 18:46:00+00:00,BCH,141.80672184073327
2026-04-06 18:46:00+00:00,BTC,63709.54658412944
2026-04-06 18:46:00+00:00,CC,24.678244603655006
2026-04-06 18:46:00+00:00,ETH,73.12929547845177
2026-04-06 18:46:00+00:00,FARTCOIN,43.41123226703605
2026-04-06 18:46:00+00:00,SOL,71.2383709509059
2026-04-06 18:46:00+00:00,XPL,190.56876300472234
2026-04-06 18:47:00+00:00,AVAX,11.4310944369731
2026-04-06 18:47:00+00:00,BCH,142.02264941614968
2026-04-06 18:47:00+00:00,BTC,63705.156370281795
2026-04-06 18:47:00+00:00,CC,24.744267008412603
2026-04-06 18:47:00+00:00,ETH,73.15394341100571
2026-04-06 18:47:00+00:00,FARTCOIN,43.3993261595586
2026-04-06 18:47:00+00:00,SOL,71.18049245255114
2026-04-06 18:47:00+00:00,XPL,190.32590582002413
2026-04-06 18:48:00+00:00,AVAX,11.427381980366576
2026-04-06 18:48:00+00:00,BCH,142.2282751271981
2026-04-06 18:48:00+00:00,BTC,63694.281090775774
2026-04-06 18:48:00+00:00,CC,24.791947929934906
2026-04-06 18:48:00+00:00,ETH,73.02429990096557
2026-04-06 18:48:00+00:00,FARTCOIN,43.41044408724282
2026-04-06 18:48:00+00:00,SOL,71.24490727558162
2026-04-06 18:48:00+00:00,XPL,190.2339009745505
2026-04-06 18:49:00+00:00,AVAX,11.404193148882227
2026-04-06 18:49:00+00:00,BCH,141.93273029978383
2026-04-06 18:49:00+00:00,BTC,63600.83276710155
2026-04-06 18:49:00+00:00,CC,24.82263284862764
2026-04-06 18:49:00+00:00,ETH,72.96403893087098
2026-04-06 18:49:00+00:00,FARTCOIN,43.3379937848218
2026-04-06 18:49:00+00:00,SOL,71.17921110419317
2026-04-06 18:49:00+00:00,XPL,189.8630023965978
2026-04-06 18:50:00+00:00,AVAX,11.416173114902673
2026-04-06 18:50:00+00:00,BCH,141.76440683542023
2026-04-06 18:50:00+00:00,BTC,63561.03459156174
2026-04-06 18:50:00+00:00,CC,24.81700750939933
2026-04-06 18:50:00+00:00,ETH,73.074563791701
2026-04-06 18:50:00+00:00,FARTCOIN,43.36494982096521
2026-04-06 18:50:00+00:00,SOL,71.1577722826773
2026-04-06 18:50:00+00:00,XPL,190.05380976989096
2026-04-06 18:51:00+00:00,AVAX,11.403814141640867
2026-04-06 18:51:00+00:00,BCH,141.70089351322426
2026-04-06 18:51:00+00:00,BTC,63549.33081590574
2026-04-06 18:51:00+00:00,CC,24.850856793588942
2026-04-06 18:51:00+00:00,ETH,73.10521870478902
2026-04-06 18:51:00+00:00,FARTCOIN,43.278035994255575
2026-04-06 18:51:00+00:00,SOL,71.1906355197478
2026-04-06 18:51:00+00:00,XPL,190.02574847190232
2026-04-06 18:52:00+00:00,AVAX,11.39172182701774
2026-04-06 18:52:00+00:00,BCH,141.7992324514135
2026-04-06 18:52:00+00:00,BTC,63518.8283035455
2026-04-06 18:52:00+00:00,CC,24.845603103213584
2026-04-06 18:52:00+00:00,ETH,73.17235933538862
2026-04-06 18:52:00+00:00,FARTCOIN,43.17895910647622
2026-04-06 18:52:00+00:00,SOL,71.27201477491947
2026-04-06 18:52:00+00:00,XPL,189.813748877526
2026-04-06 18:53:00+00:00,AVAX,11.406941605957934
2026-04-06 18:53:00+00:00,BCH,141.75153127957242
2026-04-06 18:53:00+00:00,BTC,63580.29313617569
2026-04-06 18:53:00+00:00,CC,24.804126176177054
2026-04-06 18:53:00+00:00,ETH,73.24459701021634
2026-04-06 18:53:00+00:00,FARTCOIN,43.180993966457194
2026-04-06 18:53:00+00:00,SOL,71.34160849442367
2026-04-06 18:53:00+00:00,XPL,189.87149098752488
2026-04-06 18:54:00+00:00,AVAX,11.386785612887078
2026-04-06 18:54:00+00:00,BCH,141.48697306191093
2026-04-06 18:54:00+00:00,BTC,63572.952805451845
2026-04-06 18:54:00+00:00,CC,24.8483354851823
2026-04-06 18:54:00+00:00,ETH,73.23258335706937
2026-04-06 18:54:00+00:00,FARTCOIN,43.169052479410205
2026-04-06 18:54:00+00:00,SOL,71.32735056458563
2026-04-06 18:54:00+00:00,XPL,189.5930756941792
2026-04-06 18:55:00+00:00,AVAX,11.40859800648687
2026-04-06 18:55:00+00:00,BCH,141.87197083085178
2026-04-06 18:55:00+00:00,BTC,63630.3158135447
2026-04-06 18:55:00+00:00,CC,24.88650626126017
2026-04-06 18:55:00+00:00,ETH,73.31389968987851
2026-04-06 18:55:00+00:00,FARTCOIN,43.190950969461646
2026-04-06 18:55:00+00:00,SOL,71.4790446007445
2026-04-06 18:55:00+00:00,XPL,189.39224903157606
2026-04-06 18:56:00+00:00,AVAX,11.415427959794611
2026-04-06 18:56:00+00:00,BCH,141.91707203468604
2026-04-06 18:56:00+00:00,BTC,63633.06427264796
2026-04-06 18:56:00+00:00,CC,24.88578535240993
2026-04-06 18:56:00+00:00,ETH,73.26277889673041
2026-04-06 18:56:00+00:00,FARTCOIN,43.157673491812716
2026-04-06 18:56:00+00:00,SOL,71.54394196521866
2026-04-06 18:56:00+00:00,XPL,189.06232725341624
2026-04-06 18:57:00+00:00,AVAX,11.424923361683973
2026-04-06 18:57:00+00:00,BCH,141.97826887368723
2026-04-06 18:57:00+00:00,BTC,63634.72253917006
2026-04-06 18:57:00+00:00,CC,24.849354140174942
2026-04-06 18:57:00+00:00,ETH,73.20087990855772
2026-04-06 18:57:00+00:00,FARTCOIN,43.255667989233615
2026-04-06 18:57:00+00:00,SOL,71.52486150181517
2026-04-06 18:57:00+00:00,XPL,188.8214408968588
2026-04-06 18:58:00+00:00,AVAX,11.43005969249111
2026-04-06 18:58:00+00:00,BCH,141.94456307549157
2026-04-06 18:58:00+00:00,BTC,63630.767285976835
2026-04-06 18:58:00+00:00,CC,24.83157154130546
2026-04-06 18:58:00+00:00,ETH,73.28048081751935
2026-04-06 18:58:00+00:00,FARTCOIN,43.263467450677524
2026-04-06 18:58:00+00:00,SOL,71.5214165123949
2026-04-06 18:58:00+00:00,XPL,189.12689368509086
2026-04-06 18:59:00+00:00,AVAX,11.428428140540374
2026-04-06 18:59:00+00:00,BCH,142.00440037809233
2026-04-06 18:59:00+00:00,BTC,63630.93637708395
2026-04-06 18:59:00+00:00,CC,24.77737767452609
2026-04-06 18:59:00+00:00,ETH,73.3712117794757
2026-04-06 18:59:00+00:00,FARTCOIN,43.27558246799268
2026-04-06 18:59:00+00:00,SOL,71.53415572508854
2026-04-06 18:59:00+00:00,XPL,188.9606844072905
2026-04-06 19:00:00+00:00,AVAX,11.429180718027865
2026-04-06 19:00:00+00:00,BCH,141.9561125712922
2026-04-06 19:00:00+00:00,BTC,63707.54042601184
2026-04-06 19:00:00+00:00,CC,24.811463261241624
2026-04-06 19:00:00+00:00,ETH,73.38080109476758
2026-04-06 19:00:00+00:00,FARTCOIN,43.296243351242346
2026-04-06 19:00:00+00:00,SOL,71.63067132923764
2026-04-06 19:00:00+00:00,XPL,189.1119326233156
2026-04-06 19:01:00+00:00,AVAX,11.411978629842109
2026-04-06 19:01:00+00:00,BCH,141.6530767085158
2026-04-06 19:01:00+00:00,BTC,63604.18067685178
2026-04-06 19:01:00+00:00,CC,24.755732005697617
2026-04-06 19:01:00+00:00,ETH,73.343462011216
2026-04-06 19:01:00+00:00,FARTCOIN,43.33430648813776
2026-04-06 19:01:00+00:00,SOL,71.44459430736556
2026-04-06 19:01:00+00:00,XPL,188.86090064123505
2026-04-06 19:02:00+00:00,AVAX,11.388395841586833
2026-04-06 19:02:00+00:00,BCH,141.49787070043206
2026-04-06 19:02:00+00:00,BTC,63515.12840217639
2026-04-06 19:02:00+00:00,CC,24.75731594394404
2026-04-06 19:02:00+00:00,ETH,73.25043473186487
2026-04-06 19:02:00+00:00,FARTCOIN,43.35212074343107
2026-04-06 19:02:00+00:00,SOL,71.26056498510505
2026-04-06 19:02:00+00:00,XPL,188.9801518246604
2026-04-06 19:03:00+00:00,AVAX,11.389698214813087
2026-04-06 19:03:00+00:00,BCH,141.1633429429102
2026-04-06 19:03:00+00:00,BTC,63490.983297132945
2026-04-06 19:03:00+00:00,CC,24.73038286202135
2026-04-06 19:03:00+00:00,ETH,73.24916319391991
2026-04-06 19:03:00+00:00,FARTCOIN,43.371823450313435
2026-04-06 19:03:00+00:00,SOL,71.1806670239773
2026-04-06 19:03:00+00:00,XPL,188.7332515018048
2026-04-06 19:04:00+00:00,AVAX,11.398069824429337
2026-04-06 19:04:00+00:00,BCH,141.12613411836125
2026-04-06 19:04:00+00:00,BTC,63491.62897307266
2026-04-06 19:04:00+00:00,CC,24.688129791210237
2026-04-06 19:04:00+00:00,ETH,73.28014248265632
2026-04-06 19:04:00+00:00,FARTCOIN,43.41023382981642
2026-04-06 19:04:00+00:00,SOL,71.11950495461312
2026-04-06 19:04:00+00:00,XPL,188.74251993182
2026-04-06 19:05:00+00:00,AVAX,11.417916760542598
2026-04-06 19:05:00+00:00,BCH,141.13782890701708
2026-04-06 19:05:00+00:00,BTC,63522.30748031968
2026-04-06 19:05:00+00:00,CC,24.69757828282406
2026-04-06 19:05:00+00:00,ETH,73.37587420443506
2026-04-06 19:05:00+00:00,FARTCOIN,43.31947456459056
2026-04-06 19:05:00+00:00,SOL,71.10749889910169
2026-04-06 19:05:00+00:00,XPL,188.77272798297435
2026-04-06 19:06:00+00:00,AVAX,11.424953252407091
2026-04-06 19:06:00+00:00,BCH,141.13910842237286
2026-04-06 19:06:00+00:00,BTC,63543.347077195445
2026-04-06 19:06:00+00:00,CC,24.689322594346667
2026-04-06 19:06:00+00:00,ETH,73.40199576736723
2026-04-06 19:06:00+00:00,FARTCOIN,43.22955080987122
2026-04-06 19:06:00+00:00,SOL,71.16816000495695
2026-04-06 19:06:00+00:00,XPL,189.3133147760343
2026-04-06 19:07:00+00:00,AVAX,11.431850195528444
2026-04-06 19:07:00+00:00,BCH,141.0368760753936
2026-04-06 19:07:00+00:00,BTC,63526.25798555962
2026-04-06 19:07:00+00:00,CC,24.712838824158872
2026-04-06 19:07:00+00:00,ETH,73.47841172290902
2026-04-06 19:07:00+00:00,FARTCOIN,43.22328017328346
2026-04-06 19:07:00+00:00,SOL,71.14107410668112
2026-04-06 19:07:00+00:00,XPL,189.44639500909645
2026-04-06 19:08:00+00:00,AVAX,11.435725114519721
2026-04-06 19:08:00+00:00,BCH,140.99598529649666
2026-04-06 19:08:00+00:00,BTC,63571.58937455935
2026-04-06 19:08:00+00:00,CC,24.67879662757389
2026-04-06 19:08:00+00:00,ETH,73.54345437992228
2026-04-06 19:08:00+00:00,FARTCOIN,43.219193927660264
2026-04-06 19:08:00+00:00,SOL,71.19680551433872
2026-04-06 19:08:00+00:00,XPL,189.33866499926773
2026-04-06 19:09:00+00:00,AVAX,11.437812517425673
2026-04-06 19:09:00+00:00,BCH,140.85127613150874
2026-04-06 19:09:00+00:00,BTC,63617.449719764154
2026-04-06 19:09:00+00:00,CC,24.65993565922664
2026-04-06 19:09:00+00:00,ETH,73.62989900196547
2026-04-06 19:09:00+00:00,FARTCOIN,43.25551326662899
2026-04-06 19:09:00+00:00,SOL,71.16200541938295
2026-04-06 19:09:00+00:00,XPL,189.52170874394858
2026-04-06 19:10:00+00:00,AVAX,11.44394275816786
2026-04-06 19:10:00+00:00,BCH,140.8850544511704
2026-04-06 19:10:00+00:00,BTC,63625.646750686035
2026-04-06 19:10:00+00:00,CC,24.590015487671753
2026-04-06 19:10:00+00:00,ETH,73.58275989654216
2026-04-06 19:10:00+00:00,FARTCOIN,43.25766694213083
2026-04-06 19:10:00+00:00,SOL,71.14023576847131
2026-04-06 19:10:00+00:00,XPL,190.01350592268028
2026-04-06 19:11:00+00:00,AVAX,11.44651742756296
2026-04-06 19:11:00+00:00,BCH,140.92770253757416
2026-04-06 19:11:00+00:00,BTC,63668.5359971976
2026-04-06 19:11:00+00:00,CC,24.52894974195778
2026-04-06 19:11:00+00:00,ETH,73.7680958164723
2026-04-06 19:11:00+00:00,FARTCOIN,43.29371602300728
2026-04-06 19:11:00+00:00,SOL,71.21862660420848
2026-04-06 19:11:00+00:00,XPL,189.66784577699298
2026-04-06 19:12:00+00:00,AVAX,11.45114837899185
2026-04-06 19:12:00+00:00,BCH,140.77621212254635
2026-04-06 19:12:00+00:00,BTC,63680.68840415288
2026-04-06 19:12:00+00:00,CC,24.58287453351723
2026-04-06 19:12:00+00:00,ETH,73.81126767593942
2026-04-06 19:12:00+00:00,FARTCOIN,43.23070272323846
2026-04-06 19:12:00+00:00,SOL,71.2683318342837
2026-04-06 19:12:00+00:00,XPL,189.48342507513948
2026-04-06 19:13:00+00:00,AVAX,11.43639558091869
2026-04-06 19:13:00+00:00,BCH,140.7371095945348
2026-04-06 19:13:00+00:00,BTC,63655.66438420094
2026-04-06 19:13:00+00:00,CC,24.642479276799985
2026-04-06 19:13:00+00:00,ETH,73.8339766424846
2026-04-06 19:13:00+00:00,FARTCOIN,43.22674724699728
2026-04-06 19:13:00+00:00,SOL,71.19808173362847
2026-04-06 19:13:00+00:00,XPL,189.4146769148651
2026-04-06 19:14:00+00:00,AVAX,11.432070423458248
2026-04-06 19:14:00+00:00,BCH,140.75818596975282
2026-04-06 19:14:00+00:00,BTC,63686.765975861075
2026-04-06 19:14:00+00:00,CC,24.647629250353372
2026-04-06 19:14:00+00:00,ETH,73.75780702319497
2026-04-06 19:14:00+00:00,FARTCOIN,43.16145619006284
2026-04-06 19:14:00+00:00,SOL,71.23801349011377
2026-04-06 19:14:00+00:00,XPL,189.33839386674947
2026-04-06 19:15:00+00:00,AVAX,11.439362787328497
2026-04-06 19:15:00+00:00,BCH,140.70905491360614
2026-04-06 19:15:00+00:00,BTC,63691.69738121204
2026-04-06 19:15:00+00:00,CC,24.623656094475763
2026-04-06 19:15:00+00:00,ETH,73.7080655318622
2026-04-06 19:15:00+00:00,FARTCOIN,43.18216637058709
2026-04-06 19:15:00+00:00,SOL,71.38382843281207
2026-04-06 19:15:00+00:00,XPL,189.26573553254585
2026-04-06 19:16:00+00:00,AVAX,11.448504410158222
2026-04-06 19:16:00+00:00,BCH,140.43628663762547
2026-04-06 19:16:00+00:00,BTC,63691.75711721986
2026-04-06 19:16:00+00:00,CC,24.61484360621589
2026-04-06 19:16:00+00:00,ETH,73.79028792942458
2026-04-06 19:16:00+00:00,FARTCOIN,43.08495395760991
2026-04-06 19:16:00+00:00,SOL,71.38275476189766
2026-04-06 19:16:00+00:00,XPL,188.9697868839783
2026-04-06 19:17:00+00:00,AVAX,11.448382104416913
2026-04-06 19:17:00+00:00,BCH,140.64581899256146
2026-04-06 19:17:00+00:00,BTC,63757.46148503354
2026-04-06 19:17:00+00:00,CC,24.645742367352554
2026-04-06 19:17:00+00:00,ETH,73.87405859690946
2026-04-06 19:17:00+00:00,FARTCOIN,43.11185536109893
2026-04-06 19:17:00+00:00,SOL,71.40078397669379
2026-04-06 19:17:00+00:00,XPL,189.32745940239755
2026-04-06 19:18:00+00:00,AVAX,11.438601169190814
2026-04-06 19:18:00+00:00,BCH,140.28510180222167
2026-04-06 19:18:00+00:00,BTC,63648.17229094543
2026-04-06 19:18:00+00:00,CC,24.622084231737947
2026-04-06 19:18:00+00:00,ETH,73.63946282859611
2026-04-06 19:18:00+00:00,FARTCOIN,43.02116071565104
2026-04-06 19:18:00+00:00,SOL,71.2855893638744
2026-04-06 19:18:00+00:00,XPL,188.93968797180142
2026-04-06 19:19:00+00:00,AVAX,11.423478086728132
2026-04-06 19:19:00+00:00,BCH,140.17479989417026
2026-04-06 19:19:00+00:00,BTC,63585.04051702579
2026-04-06 19:19:00+00:00,CC,24.62421868609055
2026-04-06 19:19:00+00:00,ETH,73.64615982152063
2026-04-06 19:19:00+00:00,FARTCOIN,42.992831615402615
2026-04-06 19:19:00+00:00,SOL,71.23139281721176
2026-04-06 19:19:00+00:00,XPL,188.85681242557388
2026-04-06 19:20:00+00:00,AVAX,11.41558202734666
2026-04-06 19:20:00+00:00,BCH,139.97396848995973
2026-04-06 19:20:00+00:00,BTC,63532.226518132054
2026-04-06 19:20:00+00:00,CC,24.619749866861305
2026-04-06 19:20:00+00:00,ETH,73.55815289255325
2026-04-06 19:20:00+00:00,FARTCOIN,43.03187493098855
2026-04-06 19:20:00+00:00,SOL,71.17141571648462
2026-04-06 19:20:00+00:00,XPL,189.06255300224055
2026-04-06 19:21:00+00:00,AVAX,11.427678787928084
2026-04-06 19:21:00+00:00,BCH,139.89476648652524
2026-04-06 19:21:00+00:00,BTC,63516.07344151854
2026-04-06 19:21:00+00:00,CC,24.601699582126507
2026-04-06 19:21:00+00:00,ETH,73.63572738700621
2026-04-06 19:21:00+00:00,FARTCOIN,43.04142904598559
2026-04-06 19:21:00+00:00,SOL,71.15402644272969
2026-04-06 19:21:00+00:00,XPL,189.04609046967016
2026-04-06 19:22:00+00:00,AVAX,11.434254412985473
2026-04-06 19:22:00+00:00,BCH,140.0187081596557
2026-04-06 19:22:00+00:00,BTC,63504.75425238704
2026-04-06 19:22:00+00:00,CC,24.585293840527168
2026-04-06 19:22:00+00:00,ETH,73.61875307068975
2026-04-06 19:22:00+00:00,FARTCOIN,42.95498387217778
2026-04-06 19:22:00+00:00,SOL,71.05088566622392
2026-04-06 19:22:00+00:00,XPL,188.81730967402237
2026-04-06 19:23:00+00:00,AVAX,11.432189870665264
2026-04-06 19:23:00+00:00,BCH,139.96013625312588
2026-04-06 19:23:00+00:00,BTC,63437.78394833202
2026-04-06 19:23:00+00:00,CC,24.588759614417228
2026-04-06 19:23:00+00:00,ETH,73.56630936144914
2026-04-06 19:23:00+00:00,FARTCOIN,42.91128231686831
2026-04-06 19:23:00+00:00,SOL,70.92571726646536
2026-04-06 19:23:00+00:00,XPL,188.4721961966733
2026-04-06 19:24:00+00:00,AVAX,11.445135487617256
2026-04-06 19:24:00+00:00,BCH,140.02045343970408
2026-04-06 19:24:00+00:00,BTC,63394.05165950451
2026-04-06 19:24:00+00:00,CC,24.556564814608674
2026-04-06 19:24:00+00:00,ETH,73.60125356950604
2026-04-06 19:24:00+00:00,FARTCOIN,42.82813327134792
2026-04-06 19:24:00+00:00,SOL,70.87462867838744
2026-04-06 19:24:00+00:00,XPL,188.39419970995337
2026-04-06 19:25:00+00:00,AVAX,11.432030393731747
2026-04-06 19:25:00+00:00,BCH,139.99037273729817
2026-04-06 19:25:00+00:00,BTC,63355.86259753048
2026-04-06 19:25:00+00:00,CC,24.566918998015577
2026-04-06 19:25:00+00:00,ETH,73.50416808950554
2026-04-06 19:25:00+00:00,FARTCOIN,42.735971010892676
2026-04-06 19:25:00+00:00,SOL,70.82780013874067
2026-04-06 19:25:00+00:00,XPL,188.2004505703247
2026-04-06 19:26:00+00:00,AVAX,11.43860432716296
2026-04-06 19:26:00+00:00,BCH,140.24520440722497
2026-04-06 19:26:00+00:00,BTC,63464.94094493346
2026-04-06 19:26:00+00:00,CC,24.561469299442887
2026-04-06 19:26:00+00:00,ETH,73.54597482690936
2026-04-06 19:26:00+00:00,FARTCOIN,42.7567130396344
2026-04-06 19:26:00+00:00,SOL,70.89530263401008
2026-04-06 19:26:00+00:00,XPL,188.3115812339473
2026-04-06 19:27:00+00:00,AVAX,11.443433883478171
2026-04-06 19:27:00+00:00,BCH,140.17075556418303
2026-04-06 19:27:00+00:00,BTC,63545.03465460356
2026-04-06 19:27:00+00:00,CC,24.5714207888109
2026-04-06 19:27:00+00:00,ETH,73.61184176948349
2026-04-06 19:27:00+00:00,FARTCOIN,42.79626425885366
2026-04-06 19:27:00+00:00,SOL,70.960040033822
2026-04-06 19:27:00+00:00,XPL,188.04258261072673
2026-04-06 19:28:00+00:00,AVAX,11.438010502447872
2026-04-06 19:28:00+00:00,BCH,140.0963777979033
2026-04-06 19:28:00+00:00,BTC,63526.722052090474
2026-04-06 19:28:00+00:00,CC,24.610843073835873
2026-04-06 19:28:00+00:00,ETH,73.64861746309033
2026-04-06 19:28:00+00:00,FARTCOIN,42.81642956597531
2026-04-06 19:28:00+00:00,SOL,70.94655340621775
2026-04-06 19:28:00+00:00,XPL,188.2152845769437
2026-04-06 19:29:00+00:00,AVAX,11.411329025366532
2026-04-06 19:29:00+00:00,BCH,140.03772470754635
2026-04-06 19:29:00+00:00,BTC,63510.55603113275
2026-04-06 19:29:00+00:00,CC,24.604623909340376
2026-04-06 19:29:00+00:00,ETH,73.54454296776277
2026-04-06 19:29:00+00:00,FARTCOIN,42.84522260988122
2026-04-06 19:29:00+00:00,SOL,70.98800823622906
2026-04-06 19:29:00+00:00,XPL,188.23180265484672
2026-04-06 19:30:00+00:00,AVAX,11.401400221410544
2026-04-06 19:30:00+00:00,BCH,140.09620574054694
2026-04-06 19:30:00+00:00,BTC,63459.48596596164
2026-04-06 19:30:00+00:00,CC,24.627833975067652
2026-04-06 19:30:00+00:00,ETH,73.38402302096254
2026-04-06 19:30:00+00:00,FARTCOIN,42.837717573451556
2026-04-06 19:30:00+00:00,SOL,70.93315096082809
2026-04-06 19:30:00+00:00,XPL,188.24439862873345
2026-04-06 19:31:00+00:00,AVAX,11.382882854732244
2026-04-06 19:31:00+00:00,BCH,139.87349772882544
2026-04-06 19:31:00+00:00,BTC,63374.78026626217
2026-04-06 19:31:00+00:00,CC,24.568366186185685
2026-04-06 19:31:00+00:00,ETH,73.35511623546469
2026-04-06 19:31:00+00:00,FARTCOIN,42.81222787120588
2026-04-06 19:31:00+00:00,SOL,70.87811793042853
2026-04-06 19:31:00+00:00,XPL,188.51984222722075
2026-04-06 19:32:00+00:00,AVAX,11.390122849369787
2026-04-06 19:32:00+00:00,BCH,139.89711454363507
2026-04-06 19:32:00+00:00,BTC,63369.59539907616
2026-04-06 19:32:00+00:00,CC,24.554101050531607
2026-04-06 19:32:00+00:00,ETH,73.31022020330282
2026-04-06 19:32:00+00:00,FARTCOIN,42.75643512485134
2026-04-06 19:32:00+00:00,SOL,70.83865094631186
2026-04-06 19:32:00+00:00,XPL,188.41774532483421
2026-04-06 19:33:00+00:00,AVAX,11.386973409167895
2026-04-06 19:33:00+00:00,BCH,139.84248974686585
2026-04-06 19:33:00+00:00,BTC,63325.347420889244
2026-04-06 19:33:00+00:00,CC,24.551486842564888
2026-04-06 19:33:00+00:00,ETH,73.24084840323577
2026-04-06 19:33:00+00:00,FARTCOIN,42.72789212772183
2026-04-06 19:33:00+00:00,SOL,70.83306654622412
2026-04-06 19:33:00+00:00,XPL,188.2274116071233
2026-04-06 19:34:00+00:00,AVAX,11.380244409793857
2026-04-06 19:34:00+00:00,BCH,139.98120135819053
2026-04-06 19:34:00+00:00,BTC,63321.5863000095
2026-04-06 19:34:00+00:00,CC,24.60792471626833
2026-04-06 19:34:00+00:00,ETH,73.11486430785753
2026-04-06 19:34:00+00:00,FARTCOIN,42.65968893409306
2026-04-06 19:34:00+00:00,SOL,70.85344611075064
2026-04-06 19:34:00+00:00,XPL,188.10149282060428
2026-04-06 19:35:00+00:00,AVAX,11.375452541149597
2026-04-06 19:35:00+00:00,BCH,139.83115309516552
2026-04-06 19:35:00+00:00,BTC,63250.69670976207
2026-04-06 19:35:00+00:00,CC,24.544616982445078
2026-04-06 19:35:00+00:00,ETH,73.00066015496394
2026-04-06 19:35:00+00:00,FARTCOIN,42.606899225763705
2026-04-06 19:35:00+00:00,SOL,70.8411975172921
2026-04-06 19:35:00+00:00,XPL,188.01591469627627
2026-04-06 19:36:00+00:00,AVAX,11.377700119759501
2026-04-06 19:36:00+00:00,BCH,139.8719384838208
2026-04-06 19:36:00+00:00,BTC,63216.96891470891
2026-04-06 19:36:00+00:00,CC,24.53916553490351
2026-04-06 19:36:00+00:00,ETH,72.96707404769522
2026-04-06 19:36:00+00:00,FARTCOIN,42.60690075195829
2026-04-06 19:36:00+00:00,SOL,70.85456931938647
2026-04-06 19:36:00+00:00,XPL,187.97533879232472
2026-04-06 19:37:00+00:00,AVAX,11.370838499998724
2026-04-06 19:37:00+00:00,BCH,139.66983743269577
2026-04-06 19:37:00+00:00,BTC,63223.54628497892
2026-04-06 19:37:00+00:00,CC,24.582609666813905
2026-04-06 19:37:00+00:00,ETH,73.03465628694742
2026-04-06 19:37:00+00:00,FARTCOIN,42.6017643944329
2026-04-06 19:37:00+00:00,SOL,70.898391904491
2026-04-06 19:37:00+00:00,XPL,187.79195882484763
2026-04-06 19:38:00+00:00,AVAX,11.368270946220354
2026-04-06 19:38:00+00:00,BCH,139.49749032522843
2026-04-06 19:38:00+00:00,BTC,63239.75551109997
2026-04-06 19:38:00+00:00,CC,24.560722330409842
2026-04-06 19:38:00+00:00,ETH,72.99988455517334
2026-04-06 19:38:00+00:00,FARTCOIN,42.76092050270227
2026-04-06 19:38:00+00:00,SOL,70.90756100953166
2026-04-06 19:38:00+00:00,XPL,187.346213675791
2026-04-06 19:39:00+00:00,AVAX,11.34834358435675
2026-04-06 19:39:00+00:00,BCH,139.24569970575513
2026-04-06 19:39:00+00:00,BTC,63258.2387888785
2026-04-06 19:39:00+00:00,CC,24.55588531466751
2026-04-06 19:39:00+00:00,ETH,73.12701743563355
2026-04-06 19:39:00+00:00,FARTCOIN,42.69441453235242
2026-04-06 19:39:00+00:00,SOL,70.94081318422137
2026-04-06 19:39:00+00:00,XPL,187.2310932012566
2026-04-06 19:40:00+00:00,AVAX,11.328305539527348
2026-04-06 19:40:00+00:00,BCH,139.23479657221247
2026-04-06 19:40:00+00:00,BTC,63199.79353951311
2026-04-06 19:40:00+00:00,CC,24.561121637605794
2026-04-06 19:40:00+00:00,ETH,73.02458042830382
2026-04-06 19:40:00+00:00,FARTCOIN,42.68011485704417
2026-04-06 19:40:00+00:00,SOL,70.95297824194634
2026-04-06 19:40:00+00:00,XPL,187.27733044951046
2026-04-06 19:41:00+00:00,AVAX,11.326496728069298
2026-04-06 19:41:00+00:00,BCH,139.39010740678512
2026-04-06 19:41:00+00:00,BTC,63237.6160257837
2026-04-06 19:41:00+00:00,CC,24.569500036381736
2026-04-06 19:41:00+00:00,ETH,73.01682237222317
2026-04-06 19:41:00+00:00,FARTCOIN,42.61235757032952
2026-04-06 19:41:00+00:00,SOL,70.9474207764617
2026-04-06 19:41:00+00:00,XPL,187.33036852532905
2026-04-06 19:42:00+00:00,AVAX,11.321860876576958
2026-04-06 19:42:00+00:00,BCH,139.43625579839292
2026-04-06 19:42:00+00:00,BTC,63202.203508831895
2026-04-06 19:42:00+00:00,CC,24.61295013607941
2026-04-06 19:42:00+00:00,ETH,73.08311491012522
2026-04-06 19:42:00+00:00,FARTCOIN,42.58776146011222
2026-04-06 19:42:00+00:00,SOL,70.87355382770687
2026-04-06 19:42:00+00:00,XPL,187.57920266825099
2026-04-06 19:43:00+00:00,AVAX,11.316492259687083
2026-04-06 19:43:00+00:00,BCH,139.4037604532458
2026-04-06 19:43:00+00:00,BTC,63230.208321745355
2026-04-06 19:43:00+00:00,CC,24.628381597823655
2026-04-06 19:43:00+00:00,ETH,73.12455488487407
2026-04-06 19:43:00+00:00,FARTCOIN,42.57379872380325
2026-04-06 19:43:00+00:00,SOL,70.91182444515012
2026-04-06 19:43:00+00:00,XPL,188.03654916939072
2026-04-06 19:44:00+00:00,AVAX,11.311192439667463
2026-04-06 19:44:00+00:00,BCH,139.3321918069402
2026-04-06 19:44:00+00:00,BTC,63229.73744348151
2026-04-06 19:44:00+00:00,CC,24.667617213092342
2026-04-06 19:44:00+00:00,ETH,73.08777135382077
2026-04-06 19:44:00+00:00,FARTCOIN,42.6169208403923
2026-04-06 19:44:00+00:00,SOL,70.93788377594008
2026-04-06 19:44:00+00:00,XPL,188.20768593815632
2026-04-06 19:45:00+00:00,AVAX,11.289476049635098
2026-04-06 19:45:00+00:00,BCH,139.20296634313516
2026-04-06 19:45:00+00:00,BTC,63168.84674727833
2026-04-06 19:45:00+00:00,CC,24.652212059409102
2026-04-06 19:45:00+00:00,ETH,73.01774514894468
2026-04-06 19:45:00+00:00,FARTCOIN,42.58572414480357
2026-04-06 19:45:00+00:00,SOL,70.82726116604316
2026-04-06 19:45:00+00:00,XPL,188.48386304631464
2026-04-06 19:46:00+00:00,AVAX,11.289090688529988
2026-04-06 19:46:00+00:00,BCH,139.35773350136915
2026-04-06 19:46:00+00:00,BTC,63154.86660346692
2026-04-06 19:46:00+00:00,CC,24.629224779902298
2026-04-06 19:46:00+00:00,ETH,73.09296502422495
2026-04-06 19:46:00+00:00,FARTCOIN,42.57406358989997
2026-04-06 19:46:00+00:00,SOL,70.80917249808257
2026-04-06 19:46:00+00:00,XPL,188.64902111730203
2026-04-06 19:47:00+00:00,AVAX,11.295872213724424
2026-04-06 19:47:00+00:00,BCH,139.60068344992598
2026-04-06 19:47:00+00:00,BTC,63171.02081801061
2026-04-06 19:47:00+00:00,CC,24.62381391724453
2026-04-06 19:47:00+00:00,ETH,73.20539338603282
2026-04-06 19:47:00+00:00,FARTCOIN,42.55426143806946
2026-04-06 19:47:00+00:00,SOL,70.81857605157313
2026-04-06 19:47:00+00:00,XPL,189.0461731389702
2026-04-06 19:48:00+00:00,AVAX,11.304085526333704
2026-04-06 19:48:00+00:00,BCH,139.75141373162649
2026-04-06 19:48:00+00:00,BTC,63198.13178809227
2026-04-06 19:48:00+00:00,CC,24.59169812880523
2026-04-06 19:48:00+00:00,ETH,73.17828316897125
2026-04-06 19:48:00+00:00,FARTCOIN,42.4864225029918
2026-04-06 19:48:00+00:00,SOL,70.70330383801944
2026-04-06 19:48:00+00:00,XPL,189.48277571363658
2026-04-06 19:49:00+00:00,AVAX,11.303263039566035
2026-04-06 19:49:00+00:00,BCH,139.78132792133928
2026-04-06 19:49:00+00:00,BTC,63191.89497565136
2026-04-06 19:49:00+00:00,CC,24.60548504201545
2026-04-06 19:49:00+00:00,ETH,73.16935023909942
2026-04-06 19:49:00+00:00,FARTCOIN,42.452350965701754
2026-04-06 19:49:00+00:00,SOL,70.68340207651785
2026-04-06 19:49:00+00:00,XPL,189.69543018546256
2026-04-06 19:50:00+00:00,AVAX,11.297888968740898
2026-04-06 19:50:00+00:00,BCH,140.07703355377936
2026-04-06 19:50:00+00:00,BTC,63259.68852235598
2026-04-06 19:50:00+00:00,CC,24.59936876331826
2026-04-06 19:50:00+00:00,ETH,73.24201050079108
2026-04-06 19:50:00+00:00,FARTCOIN,42.44199916036507
2026-04-06 19:50:00+00:00,SOL,70.73783669186662
2026-04-06 19:50:00+00:00,XPL,189.897013724662
2026-04-06 19:51:00+00:00,AVAX,11.298357960751643
2026-04-06 19:51:00+00:00,BCH,140.1287610415971
2026-04-06 19:51:00+00:00,BTC,63304.318630655165
2026-04-06 19:51:00+00:00,CC,24.583013281497575
2026-04-06 19:51:00+00:00,ETH,73.22090906152823
2026-04-06 19:51:00+00:00,FARTCOIN,42.45174676923454
2026-04-06 19:51:00+00:00,SOL,70.77004425719409
2026-04-06 19:51:00+00:00,XPL,189.8770324642189
2026-04-06 19:52:00+00:00,AVAX,11.292492413706942
2026-04-06 19:52:00+00:00,BCH,140.05807598743394
2026-04-06 19:52:00+00:00,BTC,63292.94653245558
2026-04-06 19:52:00+00:00,CC,24.596844095913283
2026-04-06 19:52:00+00:00,ETH,73.2060594819674
2026-04-06 19:52:00+00:00,FARTCOIN,42.47870391285193
2026-04-06 19:52:00+00:00,SOL,70.84946543630585
2026-04-06 19:52:00+00:00,XPL,189.86079177744676
2026-04-06 19:53:00+00:00,AVAX,11.293433757803971
2026-04-06 19:53:00+00:00,BCH,140.1043311603961
2026-04-06 19:53:00+00:00,BTC,63326.18945319965
2026-04-06 19:53:00+00:00,CC,24.56568877354435
2026-04-06 19:53:00+00:00,ETH,73.23909114087726
2026-04-06 19:53:00+00:00,FARTCOIN,42.471207135977174
2026-04-06 19:53:00+00:00,SOL,70.80357721872639
2026-04-06 19:53:00+00:00,XPL,189.80376848752312
2026-04-06 19:54:00+00:00,AVAX,11.307198560697127
2026-04-06 19:54:00+00:00,BCH,140.1421313903215
2026-04-06 19:54:00+00:00,BTC,63411.96933913026
2026-04-06 19:54:00+00:00,CC,24.595070527295984
2026-04-06 19:54:00+00:00,ETH,73.39869132169784
2026-04-06 19:54:00+00:00,FARTCOIN,42.469853157262676
2026-04-06 19:54:00+00:00,SOL,70.8325026207918
2026-04-06 19:54:00+00:00,XPL,189.996751385759
2026-04-06 19:55:00+00:00,AVAX,11.33492921628266
2026-04-06 19:55:00+00:00,BCH,140.283603344551
2026-04-06 19:55:00+00:00,BTC,63499.051811385616
2026-04-06 19:55:00+00:00,CC,24.587704496366946
2026-04-06 19:55:00+00:00,ETH,73.56425756883897
2026-04-06 19:55:00+00:00,FARTCOIN,42.39387858455139
2026-04-06 19:55:00+00:00,SOL,70.74865204965133
2026-04-06 19:55:00+00:00,XPL,189.8846958969479
2026-04-06 19:56:00+00:00,AVAX,11.334931785484379
2026-04-06 19:56:00+00:00,BCH,140.04023645618213
2026-04-06 19:56:00+00:00,BTC,63444.49148513147
2026-04-06 19:56:00+00:00,CC,24.61769507912313
2026-04-06 19:56:00+00:00,ETH,73.48874965114592
2026-04-06 19:56:00+00:00,FARTCOIN,42.414052755829246
2026-04-06 19:56:00+00:00,SOL,70.6663849268287
2026-04-06 19:56:00+00:00,XPL,189.80852043339047
2026-04-06 19:57:00+00:00,AVAX,11.318620627946984
2026-04-06 19:57:00+00:00,BCH,140.09223182003285
2026-04-06 19:57:00+00:00,BTC,63403.35643066286
2026-04-06 19:57:00+00:00,CC,24.6029042961147
2026-04-06 19:57:00+00:00,ETH,73.43410573573398
2026-04-06 19:57:00+00:00,FARTCOIN,42.37315174645342
2026-04-06 19:57:00+00:00,SOL,70.60229370505493
2026-04-06 19:57:00+00:00,XPL,189.24829032199594
2026-04-06 19:58:00+00:00,AVAX,11.335544297119691
2026-04-06 19:58:00+00:00,BCH,140.2846888629106
2026-04-06 19:58:00+00:00,BTC,63469.29487893429
2026-04-06 19:58:00+00:00,CC,24.626686623003447
2026-04-06 19:58:00+00:00,ETH,73.54297088321607
2026-04-06 19:58:00+00:00,FARTCOIN,42.41997605501949
2026-04-06 19:58:00+00:00,SOL,70.63227407612237
2026-04-06 19:58:00+00:00,XPL,189.6794334376489
2026-04-06 19:59:00+00:00,AVAX,11.334938937471794
2026-04-06 19:59:00+00:00,BCH,140.37687621077032
2026-04-06 19:59:00+00:00,BTC,63422.294443511986
2026-04-06 19:59:00+00:00,CC,24.628344436559196
2026-04-06 19:59:00+00:00,ETH,73.45797885162287
2026-04-06 19:59:00+00:00,FARTCOIN,42.48074664859941
2026-04-06 19:59:00+00:00,SOL,70.65821729756034
2026-04-06 19:59:00+00:00,XPL,189.60116341719305
2026-04-06 20:00:00+00:00,AVAX,11.317809241774079
2026-04-06 20:00:00+00:00,BCH,140.06092579258558
2026-04-06 20:00:00+00:00,BTC,63363.606598466286
2026-04-06 20:00:00+00:00,CC,24.645775808499426
2026-04-06 20:00:00+00:00,ETH,73.43909260096181
2026-04-06 20:00:00+00:00,FARTCOIN,42.46330535036944
2026-04-06 20:00:00+00:00,SOL,70.65734423559252
2026-04-06 20:00:00+00:00,XPL,189.6697243601176
2026-04-06 20:01:00+00:00,AVAX,11.323183011253262
2026-04-06 20:01:00+00:00,BCH,140.2602680108262
2026-04-06 20:01:00+00:00,BTC,63342.0453581667
2026-04-06 20:01:00+00:00,CC,24.64734996209818
2026-04-06 20:01:00+00:00,ETH,73.41204252331781
2026-04-06 20:01:00+00:00,FARTCOIN,42.40830682559488
2026-04-06 20:01:00+00:00,SOL,70.64185682191328
2026-04-06 20:01:00+00:00,XPL,189.98887989707526
2026-04-06 20:02:00+00:00,AVAX,11.324379888747968
2026-04-06 20:02:00+00:00,BCH,140.0969329080655
2026-04-06 20:02:00+00:00,BTC,63360.680712412664
2026-04-06 20:02:00+00:00,CC,24.599648222688735
2026-04-06 20:02:00+00:00,ETH,73.3663633361838
2026-04-06 20:02:00+00:00,FARTCOIN,42.40995202006967
2026-04-06 20:02:00+00:00,SOL,70.63595728248501
2026-04-06 20:02:00+00:00,XPL,190.06853686420737
2026-04-06 20:03:00+00:00,AVAX,11.309329784734981
2026-04-06 20:03:00+00:00,BCH,139.937396904453
2026-04-06 20:03:00+00:00,BTC,63356.13932764909
2026-04-06 20:03:00+00:00,CC,24.62909234016929
2026-04-06 20:03:00+00:00,ETH,73.2987449267786
2026-04-06 20:03:00+00:00,FARTCOIN,42.42709363584696
2026-04-06 20:03:00+00:00,SOL,70.69691730353769
2026-04-06 20:03:00+00:00,XPL,190.39552222560698
2026-04-06 20:04:00+00:00,AVAX,11.309585345656263
2026-04-06 20:04:00+00:00,BCH,139.8051032247058
2026-04-06 20:04:00+00:00,BTC,63327.293856619384
2026-04-06 20:04:00+00:00,CC,24.624258162895615
2026-04-06 20:04:00+00:00,ETH,73.36586359485082
2026-04-06 20:04:00+00:00,FARTCOIN,42.40717018599071
2026-04-06 20:04:00+00:00,SOL,70.66830021791576
2026-04-06 20:04:00+00:00,XPL,190.09471350319225
2026-04-06 20:05:00+00:00,AVAX,11.30725704607771
2026-04-06 20:05:00+00:00,BCH,139.91360501641313
2026-04-06 20:05:00+00:00,BTC,63297.413672651535
2026-04-06 20:05:00+00:00,CC,24.645272344295254
2026-04-06 20:05:00+00:00,ETH,73.3261147824599
2026-04-06 20:05:00+00:00,FARTCOIN,42.37447686539503
2026-04-06 20:05:00+00:00,SOL,70.58795370821043
2026-04-06 20:05:00+00:00,XPL,190.62438139958965
2026-04-06 20:06:00+00:00,AVAX,11.300149838029705
2026-04-06 20:06:00+00:00,BCH,139.88271208880101
2026-04-06 20:06:00+00:00,BTC,63265.85917472044
2026-04-06 20:06:00+00:00,CC,24.663234658044516
2026-04-06 20:06:00+00:00,ETH,73.40332954100779
2026-04-06 20:06:00+00:00,FARTCOIN,42.398913280341134
2026-04-06 20:06:00+00:00,SOL,70.44914050611848
2026-04-06 20:06:00+00:00,XPL,190.8541850232799
2026-04-06 20:07:00+00:00,AVAX,11.29385722641035
2026-04-06 20:07:00+00:00,BCH,139.77885214329683
2026-04-06 20:07:00+00:00,BTC,63226.92110957479
2026-04-06 20:07:00+00:00,CC,24.63732506863232
2026-04-06 20:07:00+00:00,ETH,73.33102026325412
2026-04-06 20:07:00+00:00,FARTCOIN,42.41901354174701
2026-04-06 20:07:00+00:00,SOL,70.38432252382317
2026-04-06 20:07:00+00:00,XPL,190.87859905704056
2026-04-06 20:08:00+00:00,AVAX,11.301883172403983
2026-04-06 20:08:00+00:00,BCH,139.86892765075515
2026-04-06 20:08:00+00:00,BTC,63327.98422957241
2026-04-06 20:08:00+00:00,CC,24.618156661435272
2026-04-06 20:08:00+00:00,ETH,73.4498875441104
2026-04-06 20:08:00+00:00,FARTCOIN,42.41493646599
2026-04-06 20:08:00+00:00,SOL,70.52782393896256
2026-04-06 20:08:00+00:00,XPL,191.26638509450342
2026-04-06 20:09:00+00:00,AVAX,11.310092863072471
2026-04-06 20:09:00+00:00,BCH,139.72056035074866
2026-04-06 20:09:00+00:00,BTC,63341.17414647286
2026-04-06 20:09:00+00:00,CC,24.638550850105894
2026-04-06 20:09:00+00:00,ETH,73.62125683313059
2026-04-06 20:09:00+00:00,FARTCOIN,42.33259461066776
2026-04-06 20:09:00+00:00,SOL,70.68498694787434
2026-04-06 20:09:00+00:00,XPL,191.00630393941685
2026-04-06 20:10:00+00:00,AVAX,11.315619374932583
2026-04-06 20:10:00+00:00,BCH,139.93687340699685
2026-04-06 20:10:00+00:00,BTC,63380.50420369324
2026-04-06 20:10:00+00:00,CC,24.632644402347065
2026-04-06 20:10:00+00:00,ETH,73.59004609177275
2026-04-06 20:10:00+00:00,FARTCOIN,42.36104320635482
2026-04-06 20:10:00+00:00,SOL,70.72621332807428
2026-04-06 20:10:00+00:00,XPL,190.96386866019097
2026-04-06 20:11:00+00:00,AVAX,11.314021754700017
2026-04-06 20:11:00+00:00,BCH,139.99674760227043
2026-04-06 20:11:00+00:00,BTC,63358.80933400349
2026-04-06 20:11:00+00:00,CC,24.65865157924501
2026-04-06 20:11:00+00:00,ETH,73.44308401706056
2026-04-06 20:11:00+00:00,FARTCOIN,42.319157694754274
2026-04-06 20:11:00+00:00,SOL,70.65694823420397
2026-04-06 20:11:00+00:00,XPL,191.2820175007778
2026-04-06 20:12:00+00:00,AVAX,11.316406815263944
2026-04-06 20:12:00+00:00,BCH,140.15174830265542
2026-04-06 20:12:00+00:00,BTC,63350.56247520264
2026-04-06 20:12:00+00:00,CC,24.652737292937275
2026-04-06 20:12:00+00:00,ETH,73.52004028710981
2026-04-06 20:12:00+00:00,FARTCOIN,42.328941971982985
2026-04-06 20:12:00+00:00,SOL,70.57382595997821
2026-04-06 20:12:00+00:00,XPL,190.84896657304785
2026-04-06 20:13:00+00:00,AVAX,11.299855201037575
2026-04-06 20:13:00+00:00,BCH,140.14229842647427
2026-04-06 20:13:00+00:00,BTC,63318.92754423782
2026-04-06 20:13:00+00:00,CC,24.68056606273868
2026-04-06 20:13:00+00:00,ETH,73.43416813321682
2026-04-06 20:13:00+00:00,FARTCOIN,42.33239154545196
2026-04-06 20:13:00+00:00,SOL,70.57892120628767
2026-04-06 20:13:00+00:00,XPL,190.95828787057684
2026-04-06 20:14:00+00:00,AVAX,11.272963975239866
2026-04-06 20:14:00+00:00,BCH,139.5890383039094
2026-04-06 20:14:00+00:00,BTC,63201.50422873814
2026-04-06 20:14:00+00:00,CC,24.683940773800295
2026-04-06 20:14:00+00:00,ETH,73.3170311903233
2026-04-06 20:14:00+00:00,FARTCOIN,42.22086687355642
2026-04-06 20:14:00+00:00,SOL,70.35582725932353
2026-04-06 20:14:00+00:00,XPL,191.00935163908522
2026-04-06 20:15:00+00:00,AVAX,11.24134416395913
2026-04-06 20:15:00+00:00,BCH,139.31849248355826
2026-04-06 20:15:00+00:00,BTC,63140.56904130517
2026-04-06 20:15:00+00:00,CC,24.687709032717326
2026-04-06 20:15:00+00:00,ETH,73.21832192081327
2026-04-06 20:15:00+00:00,FARTCOIN,42.21682976891223
2026-04-06 20:15:00+00:00,SOL,70.3329931172873
2026-04-06 20:15:00+00:00,XPL,191.424320632249
2026-04-06 20:16:00+00:00,AVAX,11.234949095871015
2026-04-06 20:16:00+00:00,BCH,139.22672103946522
2026-04-06 20:16:00+00:00,BTC,63060.59328832891
2026-04-06 20:16:00+00:00,CC,24.67037694021541
2026-04-06 20:16:00+00:00,ETH,73.15713905935984
2026-04-06 20:16:00+00:00,FARTCOIN,42.2321974824595
2026-04-06 20:16:00+00:00,SOL,70.30898710183845
2026-04-06 20:16:00+00:00,XPL,191.01262109058368
2026-04-06 20:17:00+00:00,AVAX,11.207685680199704
2026-04-06 20:17:00+00:00,BCH,138.9942164925635
2026-04-06 20:17:00+00:00,BTC,62961.36055723861
2026-04-06 20:17:00+00:00,CC,24.669487426535127
2026-04-06 20:17:00+00:00,ETH,72.99680065660783
2026-04-06 20:17:00+00:00,FARTCOIN,42.251189903924285
2026-04-06 20:17:00+00:00,SOL,70.24250836895673
2026-04-06 20:17:00+00:00,XPL,191.32165944020105
2026-04-06 20:18:00+00:00,AVAX,11.201053524383822
2026-04-06 20:18:00+00:00,BCH,138.82555263708625
2026-04-06 20:18:00+00:00,BTC,62908.69959321247
2026-04-06 20:18:00+00:00,CC,24.700691177307338
2026-04-06 20:18:00+00:00,ETH,72.93308878956371
2026-04-06 20:18:00+00:00,FARTCOIN,42.250069782473965
2026-04-06 20:18:00+00:00,SOL,70.17869156524827
2026-04-06 20:18:00+00:00,XPL,191.16126233939514
2026-04-06 20:19:00+00:00,AVAX,11.213630828688348
2026-04-06 20:19:00+00:00,BCH,138.79715801665853
2026-04-06 20:19:00+00:00,BTC,62967.072525736054
2026-04-06 20:19:00+00:00,CC,24.70366619023858
2026-04-06 20:19:00+00:00,ETH,73.02016320667367
2026-04-06 20:19:00+00:00,FARTCOIN,42.157764388984056
2026-04-06 20:19:00+00:00,SOL,70.26975799132606
2026-04-06 20:19:00+00:00,XPL,191.09419226498545
2026-04-06 20:20:00+00:00,AVAX,11.219414943043944
2026-04-06 20:20:00+00:00,BCH,138.9119061583749
2026-04-06 20:20:00+00:00,BTC,62965.113945421115
2026-04-06 20:20:00+00:00,CC,24.71926377652662
2026-04-06 20:20:00+00:00,ETH,72.95200023138196
2026-04-06 20:20:00+00:00,FARTCOIN,42.22215791053559
2026-04-06 20:20:00+00:00,SOL,70.27871128117786
2026-04-06 20:20:00+00:00,XPL,190.8129890308224
2026-04-06 20:21:00+00:00,AVAX,11.215873198735318
2026-04-06 20:21:00+00:00,BCH,139.07570461422463
2026-04-06 20:21:00+00:00,BTC,63022.021992806964
2026-04-06 20:21:00+00:00,CC,24.72510590117144
2026-04-06 20:21:00+00:00,ETH,72.96205442557896
2026-04-06 20:21:00+00:00,FARTCOIN,42.2506212712188
2026-04-06 20:21:00+00:00,SOL,70.28346045393057
2026-04-06 20:21:00+00:00,XPL,190.59849400677106
2026-04-06 20:22:00+00:00,AVAX,11.217958301965833
2026-04-06 20:22:00+00:00,BCH,139.1724802658677
2026-04-06 20:22:00+00:00,BTC,63040.155268143055
2026-04-06 20:22:00+00:00,CC,24.73022607131689
2026-04-06 20:22:00+00:00,ETH,72.95708515533936
2026-04-06 20:22:00+00:00,FARTCOIN,42.19208367078051
2026-04-06 20:22:00+00:00,SOL,70.41782350684987
2026-04-06 20:22:00+00:00,XPL,190.7017814574737
2026-04-06 20:23:00+00:00,AVAX,11.2400668155782
2026-04-06 20:23:00+00:00,BCH,139.15792086903426
2026-04-06 20:23:00+00:00,BTC,63074.697569178854
2026-04-06 20:23:00+00:00,CC,24.78413855639789
2026-04-06 20:23:00+00:00,ETH,72.89726216753523
2026-04-06 20:23:00+00:00,FARTCOIN,42.15683605537964
2026-04-06 20:23:00+00:00,SOL,70.42832436600897
2026-04-06 20:23:00+00:00,XPL,190.46826907848452
2026-04-06 20:24:00+00:00,AVAX,11.251389570427447
2026-04-06 20:24:00+00:00,BCH,139.1054160939415
2026-04-06 20:24:00+00:00,BTC,63034.933444815855
2026-04-06 20:24:00+00:00,CC,24.81677472396004
2026-04-06 20:24:00+00:00,ETH,72.83049418832567
2026-04-06 20:24:00+00:00,FARTCOIN,42.163216700131116
2026-04-06 20:24:00+00:00,SOL,70.43974477688084
2026-04-06 20:24:00+00:00,XPL,190.6135023109766
2026-04-06 20:25:00+00:00,AVAX,11.264903190270783
2026-04-06 20:25:00+00:00,BCH,138.9813563627461
2026-04-06 20:25:00+00:00,BTC,63058.05673443915
2026-04-06 20:25:00+00:00,CC,24.82096012096226
2026-04-06 20:25:00+00:00,ETH,72.86099234793546
2026-04-06 20:25:00+00:00,FARTCOIN,42.20072043980735
2026-04-06 20:25:00+00:00,SOL,70.30849693619626
2026-04-06 20:25:00+00:00,XPL,190.4758897708146
2026-04-06 20:26:00+00:00,AVAX,11.273212190613137
2026-04-06 20:26:00+00:00,BCH,139.02538426021502
2026-04-06 20:26:00+00:00,BTC,63090.23085221047
2026-04-06 20:26:00+00:00,CC,24.829881505691926
2026-04-06 20:26:00+00:00,ETH,72.86638359937518
2026-04-06 20:26:00+00:00,FARTCOIN,42.180319828705294
2026-04-06 20:26:00+00:00,SOL,70.41984179121917
2026-04-06 20:26:00+00:00,XPL,190.21823211221846
2026-04-06 20:27:00+00:00,AVAX,11.259155364923371
2026-04-06 20:27:00+00:00,BCH,138.66185830059274
2026-04-06 20:27:00+00:00,BTC,63064.76942379737
2026-04-06 20:27:00+00:00,CC,24.806974713045378
2026-04-06 20:27:00+00:00,ETH,72.82359853344575
2026-04-06 20:27:00+00:00,FARTCOIN,42.21871716236245
2026-04-06 20:27:00+00:00,SOL,70.48880122372435
2026-04-06 20:27:00+00:00,XPL,190.082445457479
2026-04-06 20:28:00+00:00,AVAX,11.270191206565972
2026-04-06 20:28:00+00:00,BCH,138.51240899841292
2026-04-06 20:28:00+00:00,BTC,63089.475360990116
2026-04-06 20:28:00+00:00,CC,24.803769109786565
2026-04-06 20:28:00+00:00,ETH,72.84654267423868
2026-04-06 20:28:00+00:00,FARTCOIN,42.131289064114775
2026-04-06 20:28:00+00:00,SOL,70.51416603071519
2026-04-06 20:28:00+00:00,XPL,190.174160360586
2026-04-06 20:29:00+00:00,AVAX,11.272385304954382
2026-04-06 20:29:00+00:00,BCH,138.51889167719284
2026-04-06 20:29:00+00:00,BTC,63114.48465869913
2026-04-06 20:29:00+00:00,CC,24.814946807821446
2026-04-06 20:29:00+00:00,ETH,72.82809389937734
2026-04-06 20:29:00+00:00,FARTCOIN,42.081953393176384
2026-04-06 20:29:00+00:00,SOL,70.57340698123203
2026-04-06 20:29:00+00:00,XPL,190.12594636432746
2026-04-06 20:30:00+00:00,AVAX,11.274386236657346
2026-04-06 20:30:00+00:00,BCH,138.76992429627222
2026-04-06 20:30:00+00:00,BTC,63090.210016733254
2026-04-06 20:30:00+00:00,CC,24.838378183842476
2026-04-06 20:30:00+00:00,ETH,72.84957935293698
2026-04-06 20:30:00+00:00,FARTCOIN,41.974605904878274
2026-04-06 20:30:00+00:00,SOL,70.58580639618972
2026-04-06 20:30:00+00:00,XPL,190.11912377438748
2026-04-06 20:31:00+00:00,AVAX,11.26044161567814
2026-04-06 20:31:00+00:00,BCH,138.45268252916964
2026-04-06 20:31:00+00:00,BTC,63040.644509655474
2026-04-06 20:31:00+00:00,CC,24.8568120546401
2026-04-06 20:31:00+00:00,ETH,72.89507595733268
2026-04-06 20:31:00+00:00,FARTCOIN,41.922838094699934
2026-04-06 20:31:00+00:00,SOL,70.49787230632504
2026-04-06 20:31:00+00:00,XPL,190.24811797338864
2026-04-06 20:32:00+00:00,AVAX,11.250759591868144
2026-04-06 20:32:00+00:00,BCH,138.20040556802758
2026-04-06 20:32:00+00:00,BTC,62988.412410716366
2026-04-06 20:32:00+00:00,CC,24.819632004381234
2026-04-06 20:32:00+00:00,ETH,72.81329723541376
2026-04-06 20:32:00+00:00,FARTCOIN,41.99181234097628
2026-04-06 20:32:00+00:00,SOL,70.4829180310882
2026-04-06 20:32:00+00:00,XPL,190.46381558349336
2026-04-06 20:33:00+00:00,AVAX,11.253001004914616
2026-04-06 20:33:00+00:00,BCH,138.23448558279688
2026-04-06 20:33:00+00:00,BTC,62992.22671892604
2026-04-06 20:33:00+00:00,CC,24.849048029657084
2026-04-06 20:33:00+00:00,ETH,72.8488496653682
2026-04-06 20:33:00+00:00,FARTCOIN,42.09614330244653
2026-04-06 20:33:00+00:00,SOL,70.43526678647666
2026-04-06 20:33:00+00:00,XPL,190.3952602660936
2026-04-06 20:34:00+00:00,AVAX,11.257685716852404
2026-04-06 20:34:00+00:00,BCH,138.48173858698283
2026-04-06 20:34:00+00:00,BTC,63006.64772525292
2026-04-06 20:34:00+00:00,CC,24.847538569549013
2026-04-06 20:34:00+00:00,ETH,72.8473136950392
2026-04-06 20:34:00+00:00,FARTCOIN,42.10992320169806
2026-04-06 20:34:00+00:00,SOL,70.41038567269376
2026-04-06 20:34:00+00:00,XPL,190.16553761550887
2026-04-06 20:35:00+00:00,AVAX,11.257379484653688
2026-04-06 20:35:00+00:00,BCH,138.4416404112691
2026-04-06 20:35:00+00:00,BTC,62971.70334209438
2026-04-06 20:35:00+00:00,CC,24.81537331537572
2026-04-06 20:35:00+00:00,ETH,72.83692537018571
2026-04-06 20:35:00+00:00,FARTCOIN,42.07300609935624
2026-04-06 20:35:00+00:00,SOL,70.44860747499484
2026-04-06 20:35:00+00:00,XPL,190.16180275509114
2026-04-06 20:36:00+00:00,AVAX,11.2516907988649
2026-04-06 20:36:00+00:00,BCH,138.53134447207154
2026-04-06 20:36:00+00:00,BTC,62972.875239957764
2026-04-06 20:36:00+00:00,CC,24.85529321498389
2026-04-06 20:36:00+00:00,ETH,72.94079342454376
2026-04-06 20:36:00+00:00,FARTCOIN,42.061974071223176
2026-04-06 20:36:00+00:00,SOL,70.51154689861698
2026-04-06 20:36:00+00:00,XPL,190.26994075129466
2026-04-06 20:37:00+00:00,AVAX,11.241911857890713
2026-04-06 20:37:00+00:00,BCH,138.53627989995317
2026-04-06 20:37:00+00:00,BTC,62998.03011306634
2026-04-06 20:37:00+00:00,CC,24.900964719627446
2026-04-06 20:37:00+00:00,ETH,72.99896961725041
2026-04-06 20:37:00+00:00,FARTCOIN,42.08923414115934
2026-04-06 20:37:00+00:00,SOL,70.49065964861882
2026-04-06 20:37:00+00:00,XPL,189.9518861831819
2026-04-06 20:38:00+00:00,AVAX,11.262504856348823
2026-04-06 20:38:00+00:00,BCH,138.5235717249466
2026-04-06 20:38:00+00:00,BTC,63025.29737044938
2026-04-06 20:38:00+00:00,CC,24.911002903889134
2026-04-06 20:38:00+00:00,ETH,72.9093637017896
2026-04-06 20:38:00+00:00,FARTCOIN,42.014002540927365
2026-04-06 20:38:00+00:00,SOL,70.47005152870616
2026-04-06 20:38:00+00:00,XPL,189.7654102128383
2026-04-06 20:39:00+00:00,AVAX,11.298192436532451
2026-04-06 20:39:00+00:00,BCH,138.66179499029187
2026-04-06 20:39:00+00:00,BTC,63093.79996568613
2026-04-06 20:39:00+00:00,CC,24.937617467077736
2026-04-06 20:39:00+00:00,ETH,73.00654110751168
2026-04-06 20:39:00+00:00,FARTCOIN,41.99427169457474
2026-04-06 20:39:00+00:00,SOL,70.49417979300668
2026-04-06 20:39:00+00:00,XPL,189.64290665897263
2026-04-06 20:40:00+00:00,AVAX,11.311334021479842
2026-04-06 20:40:00+00:00,BCH,138.68500103259385
2026-04-06 20:40:00+00:00,BTC,63150.223881450394
2026-04-06 20:40:00+00:00,CC,24.965056858168655
2026-04-06 20:40:00+00:00,ETH,73.1431457890297
2026-04-06 20:40:00+00:00,FARTCOIN,42.07416396485371
2026-04-06 20:40:00+00:00,SOL,70.59429469072809
2026-04-06 20:40:00+00:00,XPL,189.62951657693307
2026-04-06 20:41:00+00:00,AVAX,11.291134638112519
2026-04-06 20:41:00+00:00,BCH,138.69277787370572
2026-04-06 20:41:00+00:00,BTC,63105.977144914774
2026-04-06 20:41:00+00:00,CC,25.003401290850473
2026-04-06 20:41:00+00:00,ETH,73.08500511697729
2026-04-06 20:41:00+00:00,FARTCOIN,42.01551004415154
2026-04-06 20:41:00+00:00,SOL,70.48878187260169
2026-04-06 20:41:00+00:00,XPL,189.42986194869297
2026-04-06 20:42:00+00:00,AVAX,11.294588652302854
2026-04-06 20:42:00+00:00,BCH,138.6312242990251
2026-04-06 20:42:00+00:00,BTC,63180.392032661955
2026-04-06 20:42:00+00:00,CC,25.031155063638913
2026-04-06 20:42:00+00:00,ETH,73.22383791102136
2026-04-06 20:42:00+00:00,FARTCOIN,41.987657626876114
2026-04-06 20:42:00+00:00,SOL,70.58208437852727
2026-04-06 20:42:00+00:00,XPL,189.63534387807155
2026-04-06 20:43:00+00:00,AVAX,11.296195701871966
2026-04-06 20:43:00+00:00,BCH,138.69848469889627
2026-04-06 20:43:00+00:00,BTC,63156.91328366211
2026-04-06 20:43:00+00:00,CC,24.989448828074348
2026-04-06 20:43:00+00:00,ETH,73.15525674802706
2026-04-06 20:43:00+00:00,FARTCOIN,41.98520123922834
2026-04-06 20:43:00+00:00,SOL,70.60723239173277
2026-04-06 20:43:00+00:00,XPL,189.2563582325625
2026-04-06 20:44:00+00:00,AVAX,11.31687199270382
2026-04-06 20:44:00+00:00,BCH,138.78965079117842
2026-04-06 20:44:00+00:00,BTC,63203.12384018203
2026-04-06 20:44:00+00:00,CC,25.05345495552823
2026-04-06 20:44:00+00:00,ETH,73.10294853278468
2026-04-06 20:44:00+00:00,FARTCOIN,42.00561322851543
2026-04-06 20:44:00+00:00,SOL,70.64553155348975
2026-04-06 20:44:00+00:00,XPL,188.92556632340543
2026-04-06 20:45:00+00:00,AVAX,11.30498251794624
2026-04-06 20:45:00+00:00,BCH,138.76844580516484
2026-04-06 20:45:00+00:00,BTC,63206.13178875861
2026-04-06 20:45:00+00:00,CC,25.08575228172372
2026-04-06 20:45:00+00:00,ETH,73.11519460633747
2026-04-06 20:45:00+00:00,FARTCOIN,41.97452014285631
2026-04-06 20:45:00+00:00,SOL,70.71264200358426
2026-04-06 20:45:00+00:00,XPL,188.85168283234526
2026-04-06 20:46:00+00:00,AVAX,11.300945908250316
2026-04-06 20:46:00+00:00,BCH,138.52942688542973
2026-04-06 20:46:00+00:00,BTC,63187.899161431196
2026-04-06 20:46:00+00:00,CC,25.068972267951207
2026-04-06 20:46:00+00:00,ETH,72.98180385219483
2026-04-06 20:46:00+00:00,FARTCOIN,41.97597485159542
2026-04-06 20:46:00+00:00,SOL,70.67594402903593
2026-04-06 20:46:00+00:00,XPL,188.8009859306051
2026-04-06 20:47:00+00:00,AVAX,11.290788204704835
2026-04-06 20:47:00+00:00,BCH,138.25853605453432
2026-04-06 20:47:00+00:00,BTC,63107.99253170779
2026-04-06 20:47:00+00:00,CC,25.031681665543545
2026-04-06 20:47:00+00:00,ETH,72.88761790927373
2026-04-06 20:47:00+00:00,FARTCOIN,41.995979064905434
2026-04-06 20:47:00+00:00,SOL,70.58638021904021
2026-04-06 20:47:00+00:00,XPL,188.4240156422022
2026-04-06 20:48:00+00:00,AVAX,11.298423806724763
2026-04-06 20:48:00+00:00,BCH,138.39363988671892
2026-04-06 20:48:00+00:00,BTC,63100.414022507415
2026-04-06 20:48:00+00:00,CC,25.04624826040236
2026-04-06 20:48:00+00:00,ETH,72.96463351732397
2026-04-06 20:48:00+00:00,FARTCOIN,42.09393212729207
2026-04-06 20:48:00+00:00,SOL,70.51712644774234
2026-04-06 20:48:00+00:00,XPL,188.2823518963261
2026-04-06 20:49:00+00:00,AVAX,11.284455461999354
2026-04-06 20:49:00+00:00,BCH,138.23933788353708
2026-04-06 20:49:00+00:00,BTC,63031.57319213846
2026-04-06 20:49:00+00:00,CC,25.03242089671402
2026-04-06 20:49:00+00:00,ETH,72.77177920379773
2026-04-06 20:49:00+00:00,FARTCOIN,42.078368378363685
2026-04-06 20:49:00+00:00,SOL,70.51625391567137
2026-04-06 20:49:00+00:00,XPL,188.15068198179335
2026-04-06 20:50:00+00:00,AVAX,11.275071937921167
2026-04-06 20:50:00+00:00,BCH,138.35358481396997
2026-04-06 20:50:00+00:00,BTC,63074.26691947863
2026-04-06 20:50:00+00:00,CC,25.04572706889836
2026-04-06 20:50:00+00:00,ETH,72.72987443254074
2026-04-06 20:50:00+00:00,FARTCOIN,42.08198159740958
2026-04-06 20:50:00+00:00,SOL,70.50819258058766
2026-04-06 20:50:00+00:00,XPL,188.08737322439907
2026-04-06 20:51:00+00:00,AVAX,11.291563287127737
2026-04-06 20:51:00+00:00,BCH,138.3689308511028
2026-04-06 20:51:00+00:00,BTC,63141.27189405517
2026-04-06 20:51:00+00:00,CC,25.073403832040746
2026-04-06 20:51:00+00:00,ETH,72.7279589427234
2026-04-06 20:51:00+00:00,FARTCOIN,42.16813969219586
2026-04-06 20:51:00+00:00,SOL,70.59407349534717
2026-04-06 20:51:00+00:00,XPL,188.1616087940435
2026-04-06 20:52:00+00:00,AVAX,11.297641526172065
2026-04-06 20:52:00+00:00,BCH,138.2997206384778
2026-04-06 20:52:00+00:00,BTC,63106.05913505504
2026-04-06 20:52:00+00:00,CC,25.053571150460748
2026-04-06 20:52:00+00:00,ETH,72.68933975090214
2026-04-06 20:52:00+00:00,FARTCOIN,42.1356588494279
2026-04-06 20:52:00+00:00,SOL,70.55607965087182
2026-04-06 20:52:00+00:00,XPL,187.99131267980715
2026-04-06 20:53:00+00:00,AVAX,11.298831685535918
2026-04-06 20:53:00+00:00,BCH,138.15385486429895
2026-04-06 20:53:00+00:00,BTC,63119.39987345893
2026-04-06 20:53:00+00:00,CC,25.021096388928214
2026-04-06 20:53:00+00:00,ETH,72.67847550442868
2026-04-06 20:53:00+00:00,FARTCOIN,42.07052757771795
2026-04-06 20:53:00+00:00,SOL,70.50192521689824
2026-04-06 20:53:00+00:00,XPL,188.33295470799317
2026-04-06 20:54:00+00:00,AVAX,11.298075910794902
2026-04-06 20:54:00+00:00,BCH,138.10665383314375
2026-04-06 20:54:00+00:00,BTC,63087.35761498162
2026-04-06 20:54:00+00:00,CC,25.03014133189567
2026-04-06 20:54:00+00:00,ETH,72.73865018281263
2026-04-06 20:54:00+00:00,FARTCOIN,42.07888967180199
2026-04-06 20:54:00+00:00,SOL,70.43288120543609
2026-04-06 20:54:00+00:00,XPL,188.4241847058838
2026-04-06 20:55:00+00:00,AVAX,11.289029882460893
2026-04-06 20:55:00+00:00,BCH,138.10107835815276
2026-04-06 20:55:00+00:00,BTC,63059.609110610145
2026-04-06 20:55:00+00:00,CC,25.011924687334723
2026-04-06 20:55:00+00:00,ETH,72.7739344433706
2026-04-06 20:55:00+00:00,FARTCOIN,42.12955882250765
2026-04-06 20:55:00+00:00,SOL,70.49422935180228
2026-04-06 20:55:00+00:00,XPL,188.22521514274703
2026-04-06 20:56:00+00:00,AVAX,11.28563949260014
2026-04-06 20:56:00+00:00,BCH,138.204606999439
2026-04-06 20:56:00+00:00,BTC,63093.80591290612
2026-04-06 20:56:00+00:00,CC,25.01902268289103
2026-04-06 20:56:00+00:00,ETH,72.8399390235035
2026-04-06 20:56:00+00:00,FARTCOIN,42.152385989175635
2026-04-06 20:56:00+00:00,SOL,70.53952347790917
2026-04-06 20:56:00+00:00,XPL,188.2669762307031
2026-04-06 20:57:00+00:00,AVAX,11.295810773789775
2026-04-06 20:57:00+00:00,BCH,138.08909460327357
2026-04-06 20:57:00+00:00,BTC,63092.103867935
2026-04-06 20:57:00+00:00,CC,24.978589945331983
2026-04-06 20:57:00+00:00,ETH,72.8478161431326
2026-04-06 20:57:00+00:00,FARTCOIN,42.147251545016836
2026-04-06 20:57:00+00:00,SOL,70.47387007394741
2026-04-06 20:57:00+00:00,XPL,188.29397998650148
2026-04-06 20:58:00+00:00,AVAX,11.311453153720977
2026-04-06 20:58:00+00:00,BCH,138.18955569081817
2026-04-06 20:58:00+00:00,BTC,63168.98130579281
2026-04-06 20:58:00+00:00,CC,24.977114539980697
2026-04-06 20:58:00+00:00,ETH,72.94907187489643
2026-04-06 20:58:00+00:00,FARTCOIN,42.08430862540714
2026-04-06 20:58:00+00:00,SOL,70.5662432987843
2026-04-06 20:58:00+00:00,XPL,188.61458144013272
2026-04-06 20:59:00+00:00,AVAX,11.313199815554183
2026-04-06 20:59:00+00:00,BCH,138.2167190207527
2026-04-06 20:59:00+00:00,BTC,63147.66141029382
2026-04-06 20:59:00+00:00,CC,24.99686499833498
2026-04-06 20:59:00+00:00,ETH,72.87158916660353
2026-04-06 20:59:00+00:00,FARTCOIN,42.078520089475816
2026-04-06 20:59:00+00:00,SOL,70.53672237499744
2026-04-06 20:59:00+00:00,XPL,188.4660170726219
2026-04-06 21:00:00+00:00,AVAX,11.335242504180535
2026-04-06 21:00:00+00:00,BCH,138.27261289812495
2026-04-06 21:00:00+00:00,BTC,63191.85089119631
2026-04-06 21:00:00+00:00,CC,25.01854733081555
2026-04-06 21:00:00+00:00,ETH,72.97120666707247
2026-04-06 21:00:00+00:00,FARTCOIN,42.14672959815629
2026-04-06 21:00:00+00:00,SOL,70.79842154127815
2026-04-06 21:00:00+00:00,XPL,188.66603158600603
2026-04-06 21:01:00+00:00,AVAX,11.325142803746502
2026-04-06 21:01:00+00:00,BCH,138.24487627731793
2026-04-06 21:01:00+00:00,BTC,63196.16005182065
2026-04-06 21:01:00+00:00,CC,24.995231116868833
2026-04-06 21:01:00+00:00,ETH,72.90243608603546
2026-04-06 21:01:00+00:00,FARTCOIN,42.08493293967777
2026-04-06 21:01:00+00:00,SOL,70.82069627666836
2026-04-06 21:01:00+00:00,XPL,188.67808079645926
2026-04-06 21:02:00+00:00,AVAX,11.324878526405831
2026-04-06 21:02:00+00:00,BCH,138.54749446852313
2026-04-06 21:02:00+00:00,BTC,63231.3729386131
2026-04-06 21:02:00+00:00,CC,24.962995367831777
2026-04-06 21:02:00+00:00,ETH,72.99182017586463
2026-04-06 21:02:00+00:00,FARTCOIN,42.077262073759684
2026-04-06 21:02:00+00:00,SOL,70.82996912253624
2026-04-06 21:02:00+00:00,XPL,189.03715354949406
2026-04-06 21:03:00+00:00,AVAX,11.323475248085552
2026-04-06 21:03:00+00:00,BCH,138.39213841092217
2026-04-06 21:03:00+00:00,BTC,63211.58396103708
2026-04-06 21:03:00+00:00,CC,24.96190486711466
2026-04-06 21:03:00+00:00,ETH,73.05034433906016
2026-04-06 21:03:00+00:00,FARTCOIN,42.05506864897907
2026-04-06 21:03:00+00:00,SOL,70.90168294559437
2026-04-06 21:03:00+00:00,XPL,189.31836011734677
2026-04-06 21:04:00+00:00,AVAX,11.317391993356667
2026-04-06 21:04:00+00:00,BCH,138.52268838895037
2026-04-06 21:04:00+00:00,BTC,63209.3911142389
2026-04-06 21:04:00+00:00,CC,24.978542554503466
2026-04-06 21:04:00+00:00,ETH,73.06205456352886
2026-04-06 21:04:00+00:00,FARTCOIN,42.019581425572724
2026-04-06 21:04:00+00:00,SOL,70.78221369125248
2026-04-06 21:04:00+00:00,XPL,189.36180172371795
2026-04-06 21:05:00+00:00,AVAX,11.324593288403479
2026-04-06 21:05:00+00:00,BCH,138.36929932130664
2026-04-06 21:05:00+00:00,BTC,63204.28089113605
2026-04-06 21:05:00+00:00,CC,24.990286236552883
2026-04-06 21:05:00+00:00,ETH,73.04544845335607
2026-04-06 21:05:00+00:00,FARTCOIN,42.03140478368523
2026-04-06 21:05:00+00:00,SOL,70.7833579875383
2026-04-06 21:05:00+00:00,XPL,189.29915056796986
2026-04-06 21:06:00+00:00,AVAX,11.317052338241524
2026-04-06 21:06:00+00:00,BCH,138.3820089859066
2026-04-06 21:06:00+00:00,BTC,63167.302040832896
2026-04-06 21:06:00+00:00,CC,24.972009035275462
2026-04-06 21:06:00+00:00,ETH,73.03542912637074
2026-04-06 21:06:00+00:00,FARTCOIN,42.04884800093321
2026-04-06 21:06:00+00:00,SOL,70.8752612464615
2026-04-06 21:06:00+00:00,XPL,189.39209637449693
2026-04-06 21:07:00+00:00,AVAX,11.311402680525472
2026-04-06 21:07:00+00:00,BCH,138.5247926170568
2026-04-06 21:07:00+00:00,BTC,63196.58415880053
2026-04-06 21:07:00+00:00,CC,24.98325098542969
2026-04-06 21:07:00+00:00,ETH,72.87628124275747
2026-04-06 21:07:00+00:00,FARTCOIN,42.074593293756585
2026-04-06 21:07:00+00:00,SOL,70.89577261975246
2026-04-06 21:07:00+00:00,XPL,189.36864187758903
2026-04-06 21:08:00+00:00,AVAX,11.316449739947691
2026-04-06 21:08:00+00:00,BCH,138.51475956301877
2026-04-06 21:08:00+00:00,BTC,63225.35616764697
2026-04-06 21:08:00+00:00,CC,25.030610632924205
2026-04-06 21:08:00+00:00,ETH,72.92431747573265
2026-04-06 21:08:00+00:00,FARTCOIN,42.02912948099431
2026-04-06 21:08:00+00:00,SOL,70.81265547930204
2026-04-06 21:08:00+00:00,XPL,189.76813879778373
2026-04-06 21:09:00+00:00,AVAX,11.322182633183244
2026-04-06 21:09:00+00:00,BCH,138.41194165107882
2026-04-06 21:09:00+00:00,BTC,63251.631020609064
2026-04-06 21:09:00+00:00,CC,25.038853851231046
2026-04-06 21:09:00+00:00,ETH,72.94263445887718
2026-04-06 21:09:00+00:00,FARTCOIN,41.949682073254216
2026-04-06 21:09:00+00:00,SOL,70.81243163203564
2026-04-06 21:09:00+00:00,XPL,189.8017804119675
2026-04-06 21:10:00+00:00,AVAX,11.342078545172214
2026-04-06 21:10:00+00:00,BCH,138.29311132096595
2026-04-06 21:10:00+00:00,BTC,63319.71855001242
2026-04-06 21:10:00+00:00,CC,24.995209090870997
2026-04-06 21:10:00+00:00,ETH,73.00604399364033
2026-04-06 21:10:00+00:00,FARTCOIN,41.971923031713054
2026-04-06 21:10:00+00:00,SOL,70.97006256526738
2026-04-06 21:10:00+00:00,XPL,189.75023801346018
2026-04-06 21:11:00+00:00,AVAX,11.355881024803328
2026-04-06 21:11:00+00:00,BCH,138.33581701777527
2026-04-06 21:11:00+00:00,BTC,63383.991621771616
2026-04-06 21:11:00+00:00,CC,25.00637816218418
2026-04-06 21:11:00+00:00,ETH,73.11550650657873
2026-04-06 21:11:00+00:00,FARTCOIN,41.95496163609492
2026-04-06 21:11:00+00:00,SOL,71.05533622307561
2026-04-06 21:11:00+00:00,XPL,189.68409695007117
2026-04-06 21:12:00+00:00,AVAX,11.358060877959703
2026-04-06 21:12:00+00:00,BCH,138.37047512993487
2026-04-06 21:12:00+00:00,BTC,63367.357960957066
2026-04-06 21:12:00+00:00,CC,25.066471965536955
2026-04-06 21:12:00+00:00,ETH,73.09427800693184
2026-04-06 21:12:00+00:00,FARTCOIN,42.04540826859273
2026-04-06 21:12:00+00:00,SOL,70.98587363188373
2026-04-06 21:12:00+00:00,XPL,189.39824333942124
2026-04-06 21:13:00+00:00,AVAX,11.363857564664187
2026-04-06 21:13:00+00:00,BCH,138.26702664997237
2026-04-06 21:13:00+00:00,BTC,63383.907659589495
2026-04-06 21:13:00+00:00,CC,25.0290846153332
2026-04-06 21:13:00+00:00,ETH,73.0355177548916
2026-04-06 21:13:00+00:00,FARTCOIN,42.142798783044185
2026-04-06 21:13:00+00:00,SOL,70.95785731823223
2026-04-06 21:13:00+00:00,XPL,189.53467780557816
2026-04-06 21:14:00+00:00,AVAX,11.357717710304195
2026-04-06 21:14:00+00:00,BCH,138.22779359919693
2026-04-06 21:14:00+00:00,BTC,63356.24532366378
2026-04-06 21:14:00+00:00,CC,25.027792284370747
2026-04-06 21:14:00+00:00,ETH,72.9991328709465
2026-04-06 21:14:00+00:00,FARTCOIN,42.23990313252143
2026-04-06 21:14:00+00:00,SOL,70.89581246657993
2026-04-06 21:14:00+00:00,XPL,189.33173470853043
2026-04-06 21:15:00+00:00,AVAX,11.35055664724734
2026-04-06 21:15:00+00:00,BCH,138.04615864088623
2026-04-06 21:15:00+00:00,BTC,63357.281125726935
2026-04-06 21:15:00+00:00,CC,25.021077408356337
2026-04-06 21:15:00+00:00,ETH,73.00458584329068
2026-04-06 21:15:00+00:00,FARTCOIN,42.19241572755746
2026-04-06 21:15:00+00:00,SOL,70.91984841333876
2026-04-06 21:15:00+00:00,XPL,189.5820162316571
2026-04-06 21:16:00+00:00,AVAX,11.349456872388137
2026-04-06 21:16:00+00:00,BCH,137.9678603254277
2026-04-06 21:16:00+00:00,BTC,63330.68776227483
2026-04-06 21:16:00+00:00,CC,25.02185544155311
2026-04-06 21:16:00+00:00,ETH,72.98608806572231
2026-04-06 21:16:00+00:00,FARTCOIN,42.21770829115848
2026-04-06 21:16:00+00:00,SOL,70.97998027828213
2026-04-06 21:16:00+00:00,XPL,189.27221072150874
2026-04-06 21:17:00+00:00,AVAX,11.356996885508316
2026-04-06 21:17:00+00:00,BCH,137.95842396660476
2026-04-06 21:17:00+00:00,BTC,63402.54861827764
2026-04-06 21:17:00+00:00,CC,25.033365950529042
2026-04-06 21:17:00+00:00,ETH,73.06712343729963
2026-04-06 21:17:00+00:00,FARTCOIN,42.27144139187139
2026-04-06 21:17:00+00:00,SOL,71.11576142474591
2026-04-06 21:17:00+00:00,XPL,189.3440530775805
2026-04-06 21:18:00+00:00,AVAX,11.376743871052298
2026-04-06 21:18:00+00:00,BCH,137.97859743905778
2026-04-06 21:18:00+00:00,BTC,63418.69224594472
2026-04-06 21:18:00+00:00,CC,25.068910606965684
2026-04-06 21:18:00+00:00,ETH,73.15133301602646
2026-04-06 21:18:00+00:00,FARTCOIN,42.31208135323525
2026-04-06 21:18:00+00:00,SOL,71.16035156546391
2026-04-06 21:18:00+00:00,XPL,189.6152336917953
2026-04-06 21:19:00+00:00,AVAX,11.389017309855415
2026-04-06 21:19:00+00:00,BCH,137.89849668512537
2026-04-06 21:19:00+00:00,BTC,63409.013998989285
2026-04-06 21:19:00+00:00,CC,25.07069597471038
2026-04-06 21:19:00+00:00,ETH,73.07038771899114
2026-04-06 21:19:00+00:00,FARTCOIN,42.29279983299888
2026-04-06 21:19:00+00:00,SOL,71.06589858507867
2026-04-06 21:19:00+00:00,XPL,189.12037413567435
2026-04-06 21:20:00+00:00,AVAX,11.403601829276859
2026-04-06 21:20:00+00:00,BCH,137.8487068782236
2026-04-06 21:20:00+00:00,BTC,63462.01646227199
2026-04-06 21:20:00+00:00,CC,25.113347836656445
2026-04-06 21:20:00+00:00,ETH,73.13386473726237
2026-04-06 21:20:00+00:00,FARTCOIN,42.36484789649079
2026-04-06 21:20:00+00:00,SOL,71.03144451208134
2026-04-06 21:20:00+00:00,XPL,189.61064594928806
2026-04-06 21:21:00+00:00,AVAX,11.39276334473665
2026-04-06 21:21:00+00:00,BCH,137.58917529394816
2026-04-06 21:21:00+00:00,BTC,63365.663539998706
2026-04-06 21:21:00+00:00,CC,25.102173051884435
2026-04-06 21:21:00+00:00,ETH,73.12431558162996
2026-04-06 21:21:00+00:00,FARTCOIN,42.351999901526945
2026-04-06 21:21:00+00:00,SOL,70.97381953529072
2026-04-06 21:21:00+00:00,XPL,189.45632241337807
2026-04-06 21:22:00+00:00,AVAX,11.378217765553053
2026-04-06 21:22:00+00:00,BCH,137.3088986311922
2026-04-06 21:22:00+00:00,BTC,63276.38902444539
2026-04-06 21:22:00+00:00,CC,25.084554036168996
2026-04-06 21:22:00+00:00,ETH,72.92280417349284
2026-04-06 21:22:00+00:00,FARTCOIN,42.34656873230287
2026-04-06 21:22:00+00:00,SOL,70.80302707404002
2026-04-06 21:22:00+00:00,XPL,189.43497948442146
2026-04-06 21:23:00+00:00,AVAX,11.370693707149625
2026-04-06 21:23:00+00:00,BCH,137.2115799958948
2026-04-06 21:23:00+00:00,BTC,63311.64930249964
2026-04-06 21:23:00+00:00,CC,25.067211501974775
2026-04-06 21:23:00+00:00,ETH,72.9691398919619
2026-04-06 21:23:00+00:00,FARTCOIN,42.2732041382809
2026-04-06 21:23:00+00:00,SOL,70.82218285234548
2026-04-06 21:23:00+00:00,XPL,189.58604901132787
2026-04-06 21:24:00+00:00,AVAX,11.368890727863304
2026-04-06 21:24:00+00:00,BCH,137.35029550343933
2026-04-06 21:24:00+00:00,BTC,63314.32920924342
2026-04-06 21:24:00+00:00,CC,25.012823632341316
2026-04-06 21:24:00+00:00,ETH,72.9333309088305
2026-04-06 21:24:00+00:00,FARTCOIN,42.306282477984084
2026-04-06 21:24:00+00:00,SOL,70.84412088004783
2026-04-06 21:24:00+00:00,XPL,189.75292409358732
2026-04-06 21:25:00+00:00,AVAX,11.371622722865043
2026-04-06 21:25:00+00:00,BCH,137.32624182788686
2026-04-06 21:25:00+00:00,BTC,63325.42996991831
2026-04-06 21:25:00+00:00,CC,25.021980005716625
2026-04-06 21:25:00+00:00,ETH,72.91986692324754
2026-04-06 21:25:00+00:00,FARTCOIN,42.294547007405846
2026-04-06 21:25:00+00:00,SOL,70.78217219461766
2026-04-06 21:25:00+00:00,XPL,189.82195418901904
2026-04-06 21:26:00+00:00,AVAX,11.36499846696475
2026-04-06 21:26:00+00:00,BCH,136.9462089858452
2026-04-06 21:26:00+00:00,BTC,63266.66103446351
2026-04-06 21:26:00+00:00,CC,25.07907275822031
2026-04-06 21:26:00+00:00,ETH,72.80303125145608
2026-04-06 21:26:00+00:00,FARTCOIN,42.31028516341912
2026-04-06 21:26:00+00:00,SOL,70.66116449468159
2026-04-06 21:26:00+00:00,XPL,190.01399277896536
2026-04-06 21:27:00+00:00,AVAX,11.369644958231564
2026-04-06 21:27:00+00:00,BCH,136.86751810116823
2026-04-06 21:27:00+00:00,BTC,63265.63209931437
2026-04-06 21:27:00+00:00,CC,25.092785475630027
2026-04-06 21:27:00+00:00,ETH,72.7909164007871
2026-04-06 21:27:00+00:00,FARTCOIN,42.32208645866826
2026-04-06 21:27:00+00:00,SOL,70.65420238002984
2026-04-06 21:27:00+00:00,XPL,190.1317680400785
2026-04-06 21:28:00+00:00,AVAX,11.392649495727731
2026-04-06 21:28:00+00:00,BCH,137.1436292644202
2026-04-06 21:28:00+00:00,BTC,63354.42164899172
2026-04-06 21:28:00+00:00,CC,25.120517982606902
2026-04-06 21:28:00+00:00,ETH,72.9986093418534
2026-04-06 21:28:00+00:00,FARTCOIN,42.34315181337163
2026-04-06 21:28:00+00:00,SOL,70.77055061414754
2026-04-06 21:28:00+00:00,XPL,190.58740275795122
2026-04-06 21:29:00+00:00,AVAX,11.391139615270177
2026-04-06 21:29:00+00:00,BCH,137.11691299708946
2026-04-06 21:29:00+00:00,BTC,63390.9838782438
2026-04-06 21:29:00+00:00,CC,25.11096773046092
2026-04-06 21:29:00+00:00,ETH,72.95135158162796
2026-04-06 21:29:00+00:00,FARTCOIN,42.345714992208485
2026-04-06 21:29:00+00:00,SOL,70.87294224578841
2026-04-06 21:29:00+00:00,XPL,190.72890561064273
2026-04-06 21:30:00+00:00,AVAX,11.385288434711992
2026-04-06 21:30:00+00:00,BCH,137.31573185077622
2026-04-06 21:30:00+00:00,BTC,63398.51483096016
2026-04-06 21:30:00+00:00,CC,25.10420271378532
2026-04-06 21:30:00+00:00,ETH,72.881958730579
2026-04-06 21:30:00+00:00,FARTCOIN,42.38671186701979
2026-04-06 21:30:00+00:00,SOL,70.91883481786881
2026-04-06 21:30:00+00:00,XPL,191.18363367388903
2026-04-06 21:31:00+00:00,AVAX,11.397186967973791
2026-04-06 21:31:00+00:00,BCH,137.1740631612271
2026-04-06 21:31:00+00:00,BTC,63379.033068771896
2026-04-06 21:31:00+00:00,CC,25.132337741555137
2026-04-06 21:31:00+00:00,ETH,72.77759526644091
2026-04-06 21:31:00+00:00,FARTCOIN,42.373991887988
2026-04-06 21:31:00+00:00,SOL,70.90501081220754
2026-04-06 21:31:00+00:00,XPL,191.3787073709156
2026-04-06 21:32:00+00:00,AVAX,11.402420761284533
2026-04-06 21:32:00+00:00,BCH,137.2040110344888
2026-04-06 21:32:00+00:00,BTC,63361.53013396851
2026-04-06 21:32:00+00:00,CC,25.19159898500997
2026-04-06 21:32:00+00:00,ETH,72.8737182454703
2026-04-06 21:32:00+00:00,FARTCOIN,42.297724829161794
2026-04-06 21:32:00+00:00,SOL,70.84077544454583
2026-04-06 21:32:00+00:00,XPL,190.9539091785039
2026-04-06 21:33:00+00:00,AVAX,11.383980111707965
2026-04-06 21:33:00+00:00,BCH,137.1582065345921
2026-04-06 21:33:00+00:00,BTC,63267.16400953843
2026-04-06 21:33:00+00:00,CC,25.229098106463923
2026-04-06 21:33:00+00:00,ETH,72.75117649246597
2026-04-06 21:33:00+00:00,FARTCOIN,42.31399816031768
2026-04-06 21:33:00+00:00,SOL,70.68292782308632
2026-04-06 21:33:00+00:00,XPL,191.49607670562477
2026-04-06 21:34:00+00:00,AVAX,11.384626808431827
2026-04-06 21:34:00+00:00,BCH,137.23482675707217
2026-04-06 21:34:00+00:00,BTC,63278.57516363473
2026-04-06 21:34:00+00:00,CC,25.254399504820512
2026-04-06 21:34:00+00:00,ETH,72.76065083272886
2026-04-06 21:34:00+00:00,FARTCOIN,42.27446418166213
2026-04-06 21:34:00+00:00,SOL,70.66126729680393
2026-04-06 21:34:00+00:00,XPL,191.37104316850653
2026-04-06 21:35:00+00:00,AVAX,11.389302522630373
2026-04-06 21:35:00+00:00,BCH,137.13413580414442
2026-04-06 21:35:00+00:00,BTC,63316.03692469216
2026-04-06 21:35:00+00:00,CC,25.258454381990852
2026-04-06 21:35:00+00:00,ETH,72.77087862870353
2026-04-06 21:35:00+00:00,FARTCOIN,42.212334857657986
2026-04-06 21:35:00+00:00,SOL,70.7229111111035
2026-04-06 21:35:00+00:00,XPL,191.73749028694277
2026-04-06 21:36:00+00:00,AVAX,11.378953476808563
2026-04-06 21:36:00+00:00,BCH,136.88947180593632
2026-04-06 21:36:00+00:00,BTC,63246.24204127706
2026-04-06 21:36:00+00:00,CC,25.259239325696292
2026-04-06 21:36:00+00:00,ETH,72.64091875318913
2026-04-06 21:36:00+00:00,FARTCOIN,42.15128603224394
2026-04-06 21:36:00+00:00,SOL,70.67804938390252
2026-04-06 21:36:00+00:00,XPL,191.7013637184833
2026-04-06 21:37:00+00:00,AVAX,11.37931614954474
2026-04-06 21:37:00+00:00,BCH,136.97978304322518
2026-04-06 21:37:00+00:00,BTC,63216.96632600572
2026-04-06 21:37:00+00:00,CC,25.23407328030818
2026-04-06 21:37:00+00:00,ETH,72.59697132065209
2026-04-06 21:37:00+00:00,FARTCOIN,42.16171557115864
2026-04-06 21:37:00+00:00,SOL,70.51684337345961
2026-04-06 21:37:00+00:00,XPL,191.92784110068052
2026-04-06 21:38:00+00:00,AVAX,11.397455589673985
2026-04-06 21:38:00+00:00,BCH,136.78638893433097
2026-04-06 21:38:00+00:00,BTC,63165.76708838834
2026-04-06 21:38:00+00:00,CC,25.186177936550227
2026-04-06 21:38:00+00:00,ETH,72.70767366194775
2026-04-06 21:38:00+00:00,FARTCOIN,42.15000182343643
2026-04-06 21:38:00+00:00,SOL,70.41848456897871
2026-04-06 21:38:00+00:00,XPL,191.73826790456664
2026-04-06 21:39:00+00:00,AVAX,11.39285646994073
2026-04-06 21:39:00+00:00,BCH,136.82794067668038
2026-04-06 21:39:00+00:00,BTC,63123.09750279859
2026-04-06 21:39:00+00:00,CC,25.14874619599945
2026-04-06 21:39:00+00:00,ETH,72.75702109350038
2026-04-06 21:39:00+00:00,FARTCOIN,42.03658703273131
2026-04-06 21:39:00+00:00,SOL,70.45438410541516
2026-04-06 21:39:00+00:00,XPL,191.85636600251928
2026-04-06 21:40:00+00:00,AVAX,11.400015253754752
2026-04-06 21:40:00+00:00,BCH,136.7793159231156
2026-04-06 21:40:00+00:00,BTC,63125.46069519503
2026-04-06 21:40:00+00:00,CC,25.150437442399596
2026-04-06 21:40:00+00:00,ETH,72.70350453442906
2026-04-06 21:40:00+00:00,FARTCOIN,42.01755298549341
2026-04-06 21:40:00+00:00,SOL,70.46164939162537
2026-04-06 21:40:00+00:00,XPL,191.79951947506524
2026-04-06 21:41:00+00:00,AVAX,11.368616780018765
2026-04-06 21:41:00+00:00,BCH,136.62717538415208
2026-04-06 21:41:00+00:00,BTC,63033.42266460236
2026-04-06 21:41:00+00:00,CC,25.13429084031896
2026-04-06 21:41:00+00:00,ETH,72.65572476927656
2026-04-06 21:41:00+00:00,FARTCOIN,42.064271413891916
2026-04-06 21:41:00+00:00,SOL,70.28462393822547
2026-04-06 21:41:00+00:00,XPL,192.10721824703205
2026-04-06 21:42:00+00:00,AVAX,11.367810556734051
2026-04-06 21:42:00+00:00,BCH,136.50672257292945
2026-04-06 21:42:00+00:00,BTC,63060.53219030768
2026-04-06 21:42:00+00:00,CC,25.092167622553468
2026-04-06 21:42:00+00:00,ETH,72.62791170042763
2026-04-06 21:42:00+00:00,FARTCOIN,42.0451131071467
2026-04-06 21:42:00+00:00,SOL,70.45954985390418
2026-04-06 21:42:00+00:00,XPL,192.22490067326734
2026-04-06 21:43:00+00:00,AVAX,11.385495301549216
2026-04-06 21:43:00+00:00,BCH,136.49322312821437
2026-04-06 21:43:00+00:00,BTC,63093.81792328483
2026-04-06 21:43:00+00:00,CC,25.09369205956791
2026-04-06 21:43:00+00:00,ETH,72.54442403510555
2026-04-06 21:43:00+00:00,FARTCOIN,42.04120174163981
2026-04-06 21:43:00+00:00,SOL,70.48932503600938
2026-04-06 21:43:00+00:00,XPL,192.46122696489684
2026-04-06 21:44:00+00:00,AVAX,11.38791700129412
2026-04-06 21:44:00+00:00,BCH,136.36536408903365
2026-04-06 21:44:00+00:00,BTC,63082.72878321373
2026-04-06 21:44:00+00:00,CC,25.08322338010845
2026-04-06 21:44:00+00:00,ETH,72.60017071735383
2026-04-06 21:44:00+00:00,FARTCOIN,42.092373263233235
2026-04-06 21:44:00+00:00,SOL,70.50317716323316
2026-04-06 21:44:00+00:00,XPL,191.95532611464245
2026-04-06 21:45:00+00:00,AVAX,11.326290954493691
2026-04-06 21:45:00+00:00,BCH,136.19188389376905
2026-04-06 21:45:00+00:00,BTC,62973.2809351013
2026-04-06 21:45:00+00:00,CC,25.03924799459678
2026-04-06 21:45:00+00:00,ETH,72.56881871625622
2026-04-06 21:45:00+00:00,FARTCOIN,42.11794321635074
2026-04-06 21:45:00+00:00,SOL,70.42450786495237
2026-04-06 21:45:00+00:00,XPL,191.8689682584998
2026-04-06 21:46:00+00:00,AVAX,11.326446712448233
2026-04-06 21:46:00+00:00,BCH,136.1225810538513
2026-04-06 21:46:00+00:00,BTC,62929.37282463713
2026-04-06 21:46:00+00:00,CC,25.024636514379416
2026-04-06 21:46:00+00:00,ETH,72.59411901515139
2026-04-06 21:46:00+00:00,FARTCOIN,42.16373356051487
2026-04-06 21:46:00+00:00,SOL,70.35948642970871
2026-04-06 21:46:00+00:00,XPL,191.93674131371628
2026-04-06 21:47:00+00:00,AVAX,11.354343214993417
2026-04-06 21:47:00+00:00,BCH,136.27920682870862
2026-04-06 21:47:00+00:00,BTC,62983.70628883346
2026-04-06 21:47:00+00:00,CC,25.01931841011616
2026-04-06 21:47:00+00:00,ETH,72.61667736163929
2026-04-06 21:47:00+00:00,FARTCOIN,42.030939388229626
2026-04-06 21:47:00+00:00,SOL,70.36502818481412
2026-04-06 21:47:00+00:00,XPL,192.0213933606417
2026-04-06 21:48:00+00:00,AVAX,11.315247012935037
2026-04-06 21:48:00+00:00,BCH,135.99408549279948
2026-04-06 21:48:00+00:00,BTC,62861.34743356674
2026-04-06 21:48:00+00:00,CC,24.991090443740557
2026-04-06 21:48:00+00:00,ETH,72.48586710806414
2026-04-06 21:48:00+00:00,FARTCOIN,42.10208682021151
2026-04-06 21:48:00+00:00,SOL,70.38308623039406
2026-04-06 21:48:00+00:00,XPL,192.1682439752401
2026-04-06 21:49:00+00:00,AVAX,11.328387933399865
2026-04-06 21:49:00+00:00,BCH,135.85218399650444
2026-04-06 21:49:00+00:00,BTC,62846.05724046854
2026-04-06 21:49:00+00:00,CC,25.017678876668292
2026-04-06 21:49:00+00:00,ETH,72.519799344613
2026-04-06 21:49:00+00:00,FARTCOIN,42.13220172455665
2026-04-06 21:49:00+00:00,SOL,70.43209757641513
2026-04-06 21:49:00+00:00,XPL,192.07453900241117
2026-04-06 21:50:00+00:00,AVAX,11.292230483095267
2026-04-06 21:50:00+00:00,BCH,135.7791634773026
2026-04-06 21:50:00+00:00,BTC,62794.167796246235
2026-04-06 21:50:00+00:00,CC,24.956493479496448
2026-04-06 21:50:00+00:00,ETH,72.4944396876479
2026-04-06 21:50:00+00:00,FARTCOIN,42.24985435036364
2026-04-06 21:50:00+00:00,SOL,70.43474890302024
2026-04-06 21:50:00+00:00,XPL,192.05405427291
2026-04-06 21:51:00+00:00,AVAX,11.307179068051202
2026-04-06 21:51:00+00:00,BCH,135.71836015766132
2026-04-06 21:51:00+00:00,BTC,62829.543382827505
2026-04-06 21:51:00+00:00,CC,24.899898548090157
2026-04-06 21:51:00+00:00,ETH,72.50346186344737
2026-04-06 21:51:00+00:00,FARTCOIN,42.21496398861089
2026-04-06 21:51:00+00:00,SOL,70.50503412954653
2026-04-06 21:51:00+00:00,XPL,192.34814341550657
2026-04-06 21:52:00+00:00,AVAX,11.302549991021257
2026-04-06 21:52:00+00:00,BCH,135.79559059814218
2026-04-06 21:52:00+00:00,BTC,62799.85842669361
2026-04-06 21:52:00+00:00,CC,24.89764339141084
2026-04-06 21:52:00+00:00,ETH,72.36881344883852
2026-04-06 21:52:00+00:00,FARTCOIN,42.121744272827634
2026-04-06 21:52:00+00:00,SOL,70.41310771094865
2026-04-06 21:52:00+00:00,XPL,191.80477047613667
2026-04-06 21:53:00+00:00,AVAX,11.281381835690903
2026-04-06 21:53:00+00:00,BCH,135.81423423524225
2026-04-06 21:53:00+00:00,BTC,62817.61871631357
2026-04-06 21:53:00+00:00,CC,24.90192381833596
2026-04-06 21:53:00+00:00,ETH,72.39362864936952
2026-04-06 21:53:00+00:00,FARTCOIN,42.12449136190353
2026-04-06 21:53:00+00:00,SOL,70.51105913816343
2026-04-06 21:53:00+00:00,XPL,191.95132196352066
2026-04-06 21:54:00+00:00,AVAX,11.289710263519193
2026-04-06 21:54:00+00:00,BCH,135.82006450563952
2026-04-06 21:54:00+00:00,BTC,62842.48825185454
2026-04-06 21:54:00+00:00,CC,24.915978011557286
2026-04-06 21:54:00+00:00,ETH,72.4883494034177
2026-04-06 21:54:00+00:00,FARTCOIN,42.11390755108617
2026-04-06 21:54:00+00:00,SOL,70.48128363948054
2026-04-06 21:54:00+00:00,XPL,191.8896200445705
2026-04-06 21:55:00+00:00,AVAX,11.313763856123904
2026-04-06 21:55:00+00:00,BCH,136.0251053763532
2026-04-06 21:55:00+00:00,BTC,62923.31528710079
2026-04-06 21:55:00+00:00,CC,24.906270231497807
2026-04-06 21:55:00+00:00,ETH,72.48941679602416
2026-04-06 21:55:00+00:00,FARTCOIN,42.15779070240385
2026-04-06 21:55:00+00:00,SOL,70.57632206805974
2026-04-06 21:55:00+00:00,XPL,191.72893947691867
2026-04-06 21:56:00+00:00,AVAX,11.316103194260318
2026-04-06 21:56:00+00:00,BCH,135.99933398425088
2026-04-06 21:56:00+00:00,BTC,62914.37707605929
2026-04-06 21:56:00+00:00,CC,24.878144020905815
2026-04-06 21:56:00+00:00,ETH,72.52234410752445
2026-04-06 21:56:00+00:00,FARTCOIN,42.21100640445498
2026-04-06 21:56:00+00:00,SOL,70.46375790741958
2026-04-06 21:56:00+00:00,XPL,191.80093593383089
2026-04-06 21:57:00+00:00,AVAX,11.324594488738674
2026-04-06 21:57:00+00:00,BCH,135.82692818085258
2026-04-06 21:57:00+00:00,BTC,62930.94027402516
2026-04-06 21:57:00+00:00,CC,24.87923537071725
2026-04-06 21:57:00+00:00,ETH,72.56022037112369
2026-04-06 21:57:00+00:00,FARTCOIN,42.20880698288878
2026-04-06 21:57:00+00:00,SOL,70.35018961296088
2026-04-06 21:57:00+00:00,XPL,192.09376840959294
2026-04-06 21:58:00+00:00,AVAX,11.310401029793768
2026-04-06 21:58:00+00:00,BCH,135.57738624370504
2026-04-06 21:58:00+00:00,BTC,62865.555108760185
2026-04-06 21:58:00+00:00,CC,24.860886202662552
2026-04-06 21:58:00+00:00,ETH,72.54509498683638
2026-04-06 21:58:00+00:00,FARTCOIN,42.187844651771876
2026-04-06 21:58:00+00:00,SOL,70.30819282407472
2026-04-06 21:58:00+00:00,XPL,192.2934700220382
2026-04-06 21:59:00+00:00,AVAX,11.299469670167806
2026-04-06 21:59:00+00:00,BCH,135.8026633715304
2026-04-06 21:59:00+00:00,BTC,62917.962147470906
2026-04-06 21:59:00+00:00,CC,24.9113538327984
2026-04-06 21:59:00+00:00,ETH,72.6534910849949
2026-04-06 21:59:00+00:00,FARTCOIN,42.221351795633616
2026-04-06 21:59:00+00:00,SOL,70.30679417810134
2026-04-06 21:59:00+00:00,XPL,192.29433962541322
2026-04-06 22:00:00+00:00,AVAX,11.301392719408835
2026-04-06 22:00:00+00:00,BCH,135.75147448686806
2026-04-06 22:00:00+00:00,BTC,62884.47629462128
2026-04-06 22:00:00+00:00,CC,24.89901222056136
2026-04-06 22:00:00+00:00,ETH,72.57524754969963
2026-04-06 22:00:00+00:00,FARTCOIN,42.20387300361697
2026-04-06 22:00:00+00:00,SOL,70.14929005133828
2026-04-06 22:00:00+00:00,XPL,192.47603162833065
2026-04-06 22:01:00+00:00,AVAX,11.315427922645759
2026-04-06 22:01:00+00:00,BCH,135.50096482674846
2026-04-06 22:01:00+00:00,BTC,62859.797226192706
2026-04-06 22:01:00+00:00,CC,24.89546865198056
2026-04-06 22:01:00+00:00,ETH,72.44553286351112
2026-04-06 22:01:00+00:00,FARTCOIN,42.18334648358912
2026-04-06 22:01:00+00:00,SOL,70.16001668554176
2026-04-06 22:01:00+00:00,XPL,192.6615092118213
2026-04-06 22:02:00+00:00,AVAX,11.32678735502672
2026-04-06 22:02:00+00:00,BCH,135.542117761431
2026-04-06 22:02:00+00:00,BTC,62858.81828950437
2026-04-06 22:02:00+00:00,CC,24.969452859517716
2026-04-06 22:02:00+00:00,ETH,72.40979669149625
2026-04-06 22:02:00+00:00,FARTCOIN,42.235747402207544
2026-04-06 22:02:00+00:00,SOL,70.29308438959448
2026-04-06 22:02:00+00:00,XPL,192.64071055643066
2026-04-06 22:03:00+00:00,AVAX,11.296031601469924
2026-04-06 22:03:00+00:00,BCH,135.34799128900056
2026-04-06 22:03:00+00:00,BTC,62790.08714879809
2026-04-06 22:03:00+00:00,CC,24.958156336701265
2026-04-06 22:03:00+00:00,ETH,72.40040563406195
2026-04-06 22:03:00+00:00,FARTCOIN,42.29039056831592
2026-04-06 22:03:00+00:00,SOL,70.31563015644795
2026-04-06 22:03:00+00:00,XPL,192.43844765654512
2026-04-06 22:04:00+00:00,AVAX,11.28217663474917
2026-04-06 22:04:00+00:00,BCH,135.2599176468284
2026-04-06 22:04:00+00:00,BTC,62800.14309698888
2026-04-06 22:04:00+00:00,CC,24.975618577602965
2026-04-06 22:04:00+00:00,ETH,72.3749479491686
2026-04-06 22:04:00+00:00,FARTCOIN,42.34679224100472
2026-04-06 22:04:00+00:00,SOL,70.30891758924612
2026-04-06 22:04:00+00:00,XPL,192.29797019471005
2026-04-06 22:05:00+00:00,AVAX,11.280081407186419
2026-04-06 22:05:00+00:00,BCH,135.19842312646242
2026-04-06 22:05:00+00:00,BTC,62842.6874156974
2026-04-06 22:05:00+00:00,CC,24.998382148100195
2026-04-06 22:05:00+00:00,ETH,72.37140191262789
2026-04-06 22:05:00+00:00,FARTCOIN,42.34397922106484
2026-04-06 22:05:00+00:00,SOL,70.34996207481336
2026-04-06 22:05:00+00:00,XPL,192.51748223821792
2026-04-06 22:06:00+00:00,AVAX,11.26588441412921
2026-04-06 22:06:00+00:00,BCH,135.34373565482252
2026-04-06 22:06:00+00:00,BTC,62855.57486105374
2026-04-06 22:06:00+00:00,CC,25.021358531987403
2026-04-06 22:06:00+00:00,ETH,72.26546123773333
2026-04-06 22:06:00+00:00,FARTCOIN,42.23712221883723
2026-04-06 22:06:00+00:00,SOL,70.41846218458618
2026-04-06 22:06:00+00:00,XPL,192.51564073237563
2026-04-06 22:07:00+00:00,AVAX,11.255686387183264
2026-04-06 22:07:00+00:00,BCH,134.97686452167355
2026-04-06 22:07:00+00:00,BTC,62785.70397559022
2026-04-06 22:07:00+00:00,CC,25.02448487228696
2026-04-06 22:07:00+00:00,ETH,72.31114663094084
2026-04-06 22:07:00+00:00,FARTCOIN,42.22021837951984
2026-04-06 22:07:00+00:00,SOL,70.42300581253481
2026-04-06 22:07:00+00:00,XPL,192.2313388669197
2026-04-06 22:08:00+00:00,AVAX,11.258843010803611
2026-04-06 22:08:00+00:00,BCH,134.86522473069243
2026-04-06 22:08:00+00:00,BTC,62780.26279378549
2026-04-06 22:08:00+00:00,CC,25.029872614490017
2026-04-06 22:08:00+00:00,ETH,72.35957339832375
2026-04-06 22:08:00+00:00,FARTCOIN,42.18110219714016
2026-04-06 22:08:00+00:00,SOL,70.39604961832514
2026-04-06 22:08:00+00:00,XPL,191.8397461343256
2026-04-06 22:09:00+00:00,AVAX,11.249325198835175
2026-04-06 22:09:00+00:00,BCH,134.93936990304158
2026-04-06 22:09:00+00:00,BTC,62812.88060289787
2026-04-06 22:09:00+00:00,CC,25.03548707392723
2026-04-06 22:09:00+00:00,ETH,72.44170565822778
2026-04-06 22:09:00+00:00,FARTCOIN,42.17891786413684
2026-04-06 22:09:00+00:00,SOL,70.42930321111753
2026-04-06 22:09:00+00:00,XPL,192.051285770513
2026-04-06 22:10:00+00:00,AVAX,11.244624101810562
2026-04-06 22:10:00+00:00,BCH,134.98027938988227
2026-04-06 22:10:00+00:00,BTC,62730.36153534917
2026-04-06 22:10:00+00:00,CC,25.01161182919716
2026-04-06 22:10:00+00:00,ETH,72.42385456578646
2026-04-06 22:10:00+00:00,FARTCOIN,42.133885241042975
2026-04-06 22:10:00+00:00,SOL,70.36968540365407
2026-04-06 22:10:00+00:00,XPL,191.87486163362001
2026-04-06 22:11:00+00:00,AVAX,11.243516648261645
2026-04-06 22:11:00+00:00,BCH,134.9612467035127
2026-04-06 22:11:00+00:00,BTC,62683.18496146787
2026-04-06 22:11:00+00:00,CC,25.017619222201375
2026-04-06 22:11:00+00:00,ETH,72.41513176437425
2026-04-06 22:11:00+00:00,FARTCOIN,42.12649749846863
2026-04-06 22:11:00+00:00,SOL,70.35976418223812
2026-04-06 22:11:00+00:00,XPL,191.92206828441007
2026-04-06 22:12:00+00:00,AVAX,11.243833722511162
2026-04-06 22:12:00+00:00,BCH,134.92887625645983
2026-04-06 22:12:00+00:00,BTC,62721.65794480046
2026-04-06 22:12:00+00:00,CC,25.08167341519589
2026-04-06 22:12:00+00:00,ETH,72.43697890090702
2026-04-06 22:12:00+00:00,FARTCOIN,42.079156467968765
2026-04-06 22:12:00+00:00,SOL,70.38803863122662
2026-04-06 22:12:00+00:00,XPL,192.23138173625668
2026-04-06 22:13:00+00:00,AVAX,11.243894855355896
2026-04-06 22:13:00+00:00,BCH,135.1364382743131
2026-04-06 22:13:00+00:00,BTC,62733.51764930867
2026-04-06 22:13:00+00:00,CC,25.11908883083564
2026-04-06 22:13:00+00:00,ETH,72.43794370194718
2026-04-06 22:13:00+00:00,FARTCOIN,42.01612506633871
2026-04-06 22:13:00+00:00,SOL,70.39174325560559
2026-04-06 22:13:00+00:00,XPL,191.93693675234746
2026-04-06 22:14:00+00:00,AVAX,11.226932777183837
2026-04-06 22:14:00+00:00,BCH,135.00481358488082
2026-04-06 22:14:00+00:00,BTC,62751.61135667877
2026-04-06 22:14:00+00:00,CC,25.12970081347448
2026-04-06 22:14:00+00:00,ETH,72.42782592627178
2026-04-06 22:14:00+00:00,FARTCOIN,42.08024457485065
2026-04-06 22:14:00+00:00,SOL,70.49649167979778
2026-04-06 22:14:00+00:00,XPL,191.9376106757625
2026-04-06 22:15:00+00:00,AVAX,11.236000652630032
2026-04-06 22:15:00+00:00,BCH,135.18654452964455
2026-04-06 22:15:00+00:00,BTC,62833.34494609499
2026-04-06 22:15:00+00:00,CC,25.162071737828196
2026-04-06 22:15:00+00:00,ETH,72.68014420549605
2026-04-06 22:15:00+00:00,FARTCOIN,42.04225233991561
2026-04-06 22:15:00+00:00,SOL,70.65139917246397
2026-04-06 22:15:00+00:00,XPL,191.94826279810005
2026-04-06 22:16:00+00:00,AVAX,11.239208262506088
2026-04-06 22:16:00+00:00,BCH,135.28361560118452
2026-04-06 22:16:00+00:00,BTC,62853.95684297689
2026-04-06 22:16:00+00:00,CC,25.137489999374846
2026-04-06 22:16:00+00:00,ETH,72.73679207771346
2026-04-06 22:16:00+00:00,FARTCOIN,42.04502702418076
2026-04-06 22:16:00+00:00,SOL,70.7014704856707
2026-04-06 22:16:00+00:00,XPL,192.04834937004506
2026-04-06 22:17:00+00:00,AVAX,11.245316365617217
2026-04-06 22:17:00+00:00,BCH,135.2293019292429
2026-04-06 22:17:00+00:00,BTC,62882.90911426916
2026-04-06 22:17:00+00:00,CC,25.131947535936863
2026-04-06 22:17:00+00:00,ETH,72.7349026163516
2026-04-06 22:17:00+00:00,FARTCOIN,42.097090884335366
2026-04-06 22:17:00+00:00,SOL,70.83866823819257
2026-04-06 22:17:00+00:00,XPL,192.35185177841547
2026-04-06 22:18:00+00:00,AVAX,11.267309875324829
2026-04-06 22:18:00+00:00,BCH,135.5326536599558
2026-04-06 22:18:00+00:00,BTC,63002.344088904945
2026-04-06 22:18:00+00:00,CC,25.170099724689383
2026-04-06 22:18:00+00:00,ETH,72.88283859101082
2026-04-06 22:18:00+00:00,FARTCOIN,42.15930028718227
2026-04-06 22:18:00+00:00,SOL,70.92834241029439
2026-04-06 22:18:00+00:00,XPL,192.11812524096771
2026-04-06 22:19:00+00:00,AVAX,11.268353319988291
2026-04-06 22:19:00+00:00,BCH,135.45275160642782
2026-04-06 22:19:00+00:00,BTC,62992.915662631116
2026-04-06 22:19:00+00:00,CC,25.21430366335924
2026-04-06 22:19:00+00:00,ETH,72.80729857211702
2026-04-06 22:19:00+00:00,FARTCOIN,42.198268639457645
2026-04-06 22:19:00+00:00,SOL,71.02298577506414
2026-04-06 22:19:00+00:00,XPL,192.24377792800354
2026-04-06 22:20:00+00:00,AVAX,11.26032579356525
2026-04-06 22:20:00+00:00,BCH,135.4731913351565
2026-04-06 22:20:00+00:00,BTC,62957.74281273308
2026-04-06 22:20:00+00:00,CC,25.188176456641713
2026-04-06 22:20:00+00:00,ETH,72.87134733569799
2026-04-06 22:20:00+00:00,FARTCOIN,42.20889280972655
2026-04-06 22:20:00+00:00,SOL,71.02394627190338
2026-04-06 22:20:00+00:00,XPL,192.4603903849351
2026-04-06 22:21:00+00:00,AVAX,11.266093844310568
2026-04-06 22:21:00+00:00,BCH,135.2835131513002
2026-04-06 22:21:00+00:00,BTC,62976.598802807726
2026-04-06 22:21:00+00:00,CC,25.17507157528164
2026-04-06 22:21:00+00:00,ETH,72.84654445100945
2026-04-06 22:21:00+00:00,FARTCOIN,42.248110224802886
2026-04-06 22:21:00+00:00,SOL,71.25147737206366
2026-04-06 22:21:00+00:00,XPL,192.42887546313094
2026-04-06 22:22:00+00:00,AVAX,11.279204254456952
2026-04-06 22:22:00+00:00,BCH,135.35965564720257
2026-04-06 22:22:00+00:00,BTC,62995.95408988961
2026-04-06 22:22:00+00:00,CC,25.242608783053527
2026-04-06 22:22:00+00:00,ETH,72.89844252995442
2026-04-06 22:22:00+00:00,FARTCOIN,42.3203809388043
2026-04-06 22:22:00+00:00,SOL,71.19364223001541
2026-04-06 22:22:00+00:00,XPL,192.40896440600685
2026-04-06 22:23:00+00:00,AVAX,11.274700872027326
2026-04-06 22:23:00+00:00,BCH,135.26706184744683
2026-04-06 22:23:00+00:00,BTC,62972.731714152
2026-04-06 22:23:00+00:00,CC,25.24366327327978
2026-04-06 22:23:00+00:00,ETH,72.94554898603272
2026-04-06 22:23:00+00:00,FARTCOIN,42.338848797412176
2026-04-06 22:23:00+00:00,SOL,71.12719218288295
2026-04-06 22:23:00+00:00,XPL,192.49140988938802
2026-04-06 22:24:00+00:00,AVAX,11.270998408026015
2026-04-06 22:24:00+00:00,BCH,135.3239478127706
2026-04-06 22:24:00+00:00,BTC,62927.239151992435
2026-04-06 22:24:00+00:00,CC,25.29530141176215
2026-04-06 22:24:00+00:00,ETH,72.92600332595669
2026-04-06 22:24:00+00:00,FARTCOIN,42.23950402336832
2026-04-06 22:24:00+00:00,SOL,71.11031156536426
2026-04-06 22:24:00+00:00,XPL,192.54324419960898
2026-04-06 22:25:00+00:00,AVAX,11.284608498769295
2026-04-06 22:25:00+00:00,BCH,135.50469540650548
2026-04-06 22:25:00+00:00,BTC,63029.067945489536
2026-04-06 22:25:00+00:00,CC,25.309764516323863
2026-04-06 22:25:00+00:00,ETH,73.03250780396763
2026-04-06 22:25:00+00:00,FARTCOIN,42.22637542306432
2026-04-06 22:25:00+00:00,SOL,71.23357194859256
2026-04-06 22:25:00+00:00,XPL,192.74016279144365
2026-04-06 22:26:00+00:00,AVAX,11.280235306183377
2026-04-06 22:26:00+00:00,BCH,135.68351396314753
2026-04-06 22:26:00+00:00,BTC,63043.49004275738
2026-04-06 22:26:00+00:00,CC,25.318401033866294
2026-04-06 22:26:00+00:00,ETH,73.04742210762099
2026-04-06 22:26:00+00:00,FARTCOIN,42.26361024909227
2026-04-06 22:26:00+00:00,SOL,71.37258416811495
2026-04-06 22:26:00+00:00,XPL,192.87884964477746
2026-04-06 22:27:00+00:00,AVAX,11.280628789066707
2026-04-06 22:27:00+00:00,BCH,135.6863825717994
2026-04-06 22:27:00+00:00,BTC,63011.18224564383
2026-04-06 22:27:00+00:00,CC,25.306526728994584
2026-04-06 22:27:00+00:00,ETH,73.01189268419064
2026-04-06 22:27:00+00:00,FARTCOIN,42.2274888247249
2026-04-06 22:27:00+00:00,SOL,71.29859154904351
2026-04-06 22:27:00+00:00,XPL,192.63195184548522
2026-04-06 22:28:00+00:00,AVAX,11.281139533128735
2026-04-06 22:28:00+00:00,BCH,135.74477025059468
2026-04-06 22:28:00+00:00,BTC,63051.594895409995
2026-04-06 22:28:00+00:00,CC,25.338415221625958
2026-04-06 22:28:00+00:00,ETH,73.01378735934466
2026-04-06 22:28:00+00:00,FARTCOIN,42.31509002168012
2026-04-06 22:28:00+00:00,SOL,71.39558113404799
2026-04-06 22:28:00+00:00,XPL,192.8857284674637
2026-04-06 22:29:00+00:00,AVAX,11.28432793037474
2026-04-06 22:29:00+00:00,BCH,135.83221274217502
2026-04-06 22:29:00+00:00,BTC,63046.777836311136
2026-04-06 22:29:00+00:00,CC,25.37934578327671
2026-04-06 22:29:00+00:00,ETH,72.97951715066762
2026-04-06 22:29:00+00:00,FARTCOIN,42.3112354569431
2026-04-06 22:29:00+00:00,SOL,71.46567424182554
2026-04-06 22:29:00+00:00,XPL,193.15303314280283
2026-04-06 22:30:00+00:00,AVAX,11.28291708685403
2026-04-06 22:30:00+00:00,BCH,135.90886929033823
2026-04-06 22:30:00+00:00,BTC,63035.61847178351
2026-04-06 22:30:00+00:00,CC,25.34694675046727
2026-04-06 22:30:00+00:00,ETH,73.0657690678584
2026-04-06 22:30:00+00:00,FARTCOIN,42.31406596692209
2026-04-06 22:30:00+00:00,SOL,71.50025187914041
2026-04-06 22:30:00+00:00,XPL,193.18932924846914
2026-04-06 22:31:00+00:00,AVAX,11.28360549159993
2026-04-06 22:31:00+00:00,BCH,136.01210018791798
2026-04-06 22:31:00+00:00,BTC,63060.4336077321
2026-04-06 22:31:00+00:00,CC,25.33822326358441
2026-04-06 22:31:00+00:00,ETH,73.08307816187786
2026-04-06 22:31:00+00:00,FARTCOIN,42.374551042888015
2026-04-06 22:31:00+00:00,SOL,71.46234217809474
2026-04-06 22:31:00+00:00,XPL,192.85843463345398
2026-04-06 22:32:00+00:00,AVAX,11.271606137078495
2026-04-06 22:32:00+00:00,BCH,135.62749393161172
2026-04-06 22:32:00+00:00,BTC,63003.432725863284
2026-04-06 22:32:00+00:00,CC,25.361474922079072
2026-04-06 22:32:00+00:00,ETH,72.97529538385677
2026-04-06 22:32:00+00:00,FARTCOIN,42.35759260807998
2026-04-06 22:32:00+00:00,SOL,71.4979616645244
2026-04-06 22:32:00+00:00,XPL,192.7970077504316
2026-04-06 22:33:00+00:00,AVAX,11.268816808138046
2026-04-06 22:33:00+00:00,BCH,135.53604521711492
2026-04-06 22:33:00+00:00,BTC,63018.98635242896
2026-04-06 22:33:00+00:00,CC,25.358784451802773
2026-04-06 22:33:00+00:00,ETH,72.95669966013543
2026-04-06 22:33:00+00:00,FARTCOIN,42.3686451563847
2026-04-06 22:33:00+00:00,SOL,71.59212964242495
2026-04-06 22:33:00+00:00,XPL,192.85151046420043
2026-04-06 22:34:00+00:00,AVAX,11.264952120962892
2026-04-06 22:34:00+00:00,BCH,135.8595354839669
2026-04-06 22:34:00+00:00,BTC,63103.42960850233
2026-04-06 22:34:00+00:00,CC,25.350563227047417
2026-04-06 22:34:00+00:00,ETH,73.11215642876627
2026-04-06 22:34:00+00:00,FARTCOIN,42.42574407217244
2026-04-06 22:34:00+00:00,SOL,71.71235019131421
2026-04-06 22:34:00+00:00,XPL,192.63839111934297
2026-04-06 22:35:00+00:00,AVAX,11.27196088990293
2026-04-06 22:35:00+00:00,BCH,135.74370002991486
2026-04-06 22:35:00+00:00,BTC,63124.02515523797
2026-04-06 22:35:00+00:00,CC,25.38294935250631
2026-04-06 22:35:00+00:00,ETH,73.17692018444173
2026-04-06 22:35:00+00:00,FARTCOIN,42.353619747058104
2026-04-06 22:35:00+00:00,SOL,71.74543791381677
2026-04-06 22:35:00+00:00,XPL,192.56772490337846
2026-04-06 22:36:00+00:00,AVAX,11.271786693700308
2026-04-06 22:36:00+00:00,BCH,135.82114609003975
2026-04-06 22:36:00+00:00,BTC,63107.403728335674
2026-04-06 22:36:00+00:00,CC,25.415243642814318
2026-04-06 22:36:00+00:00,ETH,73.19744553403306
2026-04-06 22:36:00+00:00,FARTCOIN,42.33689220711922
2026-04-06 22:36:00+00:00,SOL,71.74397798127772
2026-04-06 22:36:00+00:00,XPL,192.23219620377762
2026-04-06 22:37:00+00:00,AVAX,11.27700646396261
2026-04-06 22:37:00+00:00,BCH,135.86652876476214
2026-04-06 22:37:00+00:00,BTC,63085.006235465946
2026-04-06 22:37:00+00:00,CC,25.39973071458423
2026-04-06 22:37:00+00:00,ETH,73.15840535169494
2026-04-06 22:37:00+00:00,FARTCOIN,42.37602911718043
2026-04-06 22:37:00+00:00,SOL,71.71725188217975
2026-04-06 22:37:00+00:00,XPL,192.35867966396958
2026-04-06 22:38:00+00:00,AVAX,11.268862180773699
2026-04-06 22:38:00+00:00,BCH,135.74466641623772
2026-04-06 22:38:00+00:00,BTC,63066.88842780777
2026-04-06 22:38:00+00:00,CC,25.404744919123484
2026-04-06 22:38:00+00:00,ETH,73.17829791954283
2026-04-06 22:38:00+00:00,FARTCOIN,42.376930574311885
2026-04-06 22:38:00+00:00,SOL,71.7411057314391
2026-04-06 22:38:00+00:00,XPL,192.38593858574325
2026-04-06 22:39:00+00:00,AVAX,11.286395929700998
2026-04-06 22:39:00+00:00,BCH,135.4806535683814
2026-04-06 22:39:00+00:00,BTC,63055.677779200625
2026-04-06 22:39:00+00:00,CC,25.36702849146719
2026-04-06 22:39:00+00:00,ETH,73.12487438178003
2026-04-06 22:39:00+00:00,FARTCOIN,42.45010429896431
2026-04-06 22:39:00+00:00,SOL,71.73227591857875
2026-04-06 22:39:00+00:00,XPL,191.99953626039712
2026-04-06 22:40:00+00:00,AVAX,11.280003351424636
2026-04-06 22:40:00+00:00,BCH,135.38086599170637
2026-04-06 22:40:00+00:00,BTC,63039.003991216174
2026-04-06 22:40:00+00:00,CC,25.33844404475346
2026-04-06 22:40:00+00:00,ETH,73.09135814812426
2026-04-06 22:40:00+00:00,FARTCOIN,42.36766141660098
2026-04-06 22:40:00+00:00,SOL,71.6614059369322
2026-04-06 22:40:00+00:00,XPL,192.07037121730997
2026-04-06 22:41:00+00:00,AVAX,11.277269484741595
2026-04-06 22:41:00+00:00,BCH,135.70826272785382
2026-04-06 22:41:00+00:00,BTC,63079.45131406386
2026-04-06 22:41:00+00:00,CC,25.345470910328558
2026-04-06 22:41:00+00:00,ETH,73.19507735998717
2026-04-06 22:41:00+00:00,FARTCOIN,42.28725118815088
2026-04-06 22:41:00+00:00,SOL,71.63285260943407
2026-04-06 22:41:00+00:00,XPL,192.08198661412106
2026-04-06 22:42:00+00:00,AVAX,11.255575140788082
2026-04-06 22:42:00+00:00,BCH,135.4630955521554
2026-04-06 22:42:00+00:00,BTC,63002.966805252094
2026-04-06 22:42:00+00:00,CC,25.340276606320177
2026-04-06 22:42:00+00:00,ETH,73.1771899733459
2026-04-06 22:42:00+00:00,FARTCOIN,42.31605753689102
2026-04-06 22:42:00+00:00,SOL,71.51060154151436
2026-04-06 22:42:00+00:00,XPL,192.1544243724441
2026-04-06 22:43:00+00:00,AVAX,11.243789523172536
2026-04-06 22:43:00+00:00,BCH,135.4357426825222
2026-04-06 22:43:00+00:00,BTC,63040.994269378476
2026-04-06 22:43:00+00:00,CC,25.313947269932143
2026-04-06 22:43:00+00:00,ETH,73.15005879232884
2026-04-06 22:43:00+00:00,FARTCOIN,42.36515776052273
2026-04-06 22:43:00+00:00,SOL,71.56159311681087
2026-04-06 22:43:00+00:00,XPL,192.0873436540127
2026-04-06 22:44:00+00:00,AVAX,11.256766172950908
2026-04-06 22:44:00+00:00,BCH,135.28363392025707
2026-04-06 22:44:00+00:00,BTC,63024.24142452842
2026-04-06 22:44:00+00:00,CC,25.290863259124027
2026-04-06 22:44:00+00:00,ETH,73.07724584127331
2026-04-06 22:44:00+00:00,FARTCOIN,42.35308303402466
2026-04-06 22:44:00+00:00,SOL,71.5436925249826
2026-04-06 22:44:00+00:00,XPL,191.8924870782238
2026-04-06 22:45:00+00:00,AVAX,11.273193265706537
2026-04-06 22:45:00+00:00,BCH,135.46199975896488
2026-04-06 22:45:00+00:00,BTC,63040.873412493864
2026-04-06 22:45:00+00:00,CC,25.25989383317229
2026-04-06 22:45:00+00:00,ETH,73.1007889735009
2026-04-06 22:45:00+00:00,FARTCOIN,42.37567366751866
2026-04-06 22:45:00+00:00,SOL,71.57361072067114
2026-04-06 22:45:00+00:00,XPL,191.72518358500957
2026-04-06 22:46:00+00:00,AVAX,11.271729117738493
2026-04-06 22:46:00+00:00,BCH,135.34160292954653
2026-04-06 22:46:00+00:00,BTC,62991.160612546606
2026-04-06 22:46:00+00:00,CC,25.269703990772573
2026-04-06 22:46:00+00:00,ETH,73.16536264723645
2026-04-06 22:46:00+00:00,FARTCOIN,42.4068935775434
2026-04-06 22:46:00+00:00,SOL,71.55787871031153
2026-04-06 22:46:00+00:00,XPL,191.57117845597674
2026-04-06 22:47:00+00:00,AVAX,11.271549397737596
2026-04-06 22:47:00+00:00,BCH,135.372358726182
2026-04-06 22:47:00+00:00,BTC,63049.772273016046
2026-04-06 22:47:00+00:00,CC,25.214798110776428
2026-04-06 22:47:00+00:00,ETH,73.0970966119391
2026-04-06 22:47:00+00:00,FARTCOIN,42.373378771999754
2026-04-06 22:47:00+00:00,SOL,71.57404880011103
2026-04-06 22:47:00+00:00,XPL,191.61114407802876
2026-04-06 22:48:00+00:00,AVAX,11.298309267195265
2026-04-06 22:48:00+00:00,BCH,135.64517564579992
2026-04-06 22:48:00+00:00,BTC,63104.77214835194
2026-04-06 22:48:00+00:00,CC,25.188600851236075
2026-04-06 22:48:00+00:00,ETH,73.16961947945317
2026-04-06 22:48:00+00:00,FARTCOIN,42.34483597152597
2026-04-06 22:48:00+00:00,SOL,71.72166102265469
2026-04-06 22:48:00+00:00,XPL,191.67859139058262
2026-04-06 22:49:00+00:00,AVAX,11.30118402575152
2026-04-06 22:49:00+00:00,BCH,135.7934491212457
2026-04-06 22:49:00+00:00,BTC,63147.17470697856
2026-04-06 22:49:00+00:00,CC,25.135730450705605
2026-04-06 22:49:00+00:00,ETH,73.12079632511414
2026-04-06 22:49:00+00:00,FARTCOIN,42.360168173798115
2026-04-06 22:49:00+00:00,SOL,71.74533426876451
2026-04-06 22:49:00+00:00,XPL,191.66047456021434
2026-04-06 22:50:00+00:00,AVAX,11.288269610088616
2026-04-06 22:50:00+00:00,BCH,135.55891386333155
2026-04-06 22:50:00+00:00,BTC,63080.2534533738
2026-04-06 22:50:00+00:00,CC,25.14303995456451
2026-04-06 22:50:00+00:00,ETH,73.01322877025011
2026-04-06 22:50:00+00:00,FARTCOIN,42.39715800964987
2026-04-06 22:50:00+00:00,SOL,71.65274476776698
2026-04-06 22:50:00+00:00,XPL,191.52251927600037
2026-04-06 22:51:00+00:00,AVAX,11.308458201614803
2026-04-06 22:51:00+00:00,BCH,135.47653284746565
2026-04-06 22:51:00+00:00,BTC,63116.8748967239
2026-04-06 22:51:00+00:00,CC,25.091619691767942
2026-04-06 22:51:00+00:00,ETH,73.02530188223473
2026-04-06 22:51:00+00:00,FARTCOIN,42.34279431409961
2026-04-06 22:51:00+00:00,SOL,71.71923169991135
2026-04-06 22:51:00+00:00,XPL,191.46399760165153
2026-04-06 22:52:00+00:00,AVAX,11.31789235186665
2026-04-06 22:52:00+00:00,BCH,135.6504935829229
2026-04-06 22:52:00+00:00,BTC,63134.764663113514
2026-04-06 22:52:00+00:00,CC,25.093997354577414
2026-04-06 22:52:00+00:00,ETH,73.01525657503046
2026-04-06 22:52:00+00:00,FARTCOIN,42.3351369969235
2026-04-06 22:52:00+00:00,SOL,71.61803772554283
2026-04-06 22:52:00+00:00,XPL,192.05191734629796
2026-04-06 22:53:00+00:00,AVAX,11.32950884194874
2026-04-06 22:53:00+00:00,BCH,135.5230383653925
2026-04-06 22:53:00+00:00,BTC,63063.86061197066
2026-04-06 22:53:00+00:00,CC,25.13776656103461
2026-04-06 22:53:00+00:00,ETH,72.91051452291522
2026-04-06 22:53:00+00:00,FARTCOIN,42.313220609347816
2026-04-06 22:53:00+00:00,SOL,71.49877726632815
2026-04-06 22:53:00+00:00,XPL,191.83125975485024
2026-04-06 22:54:00+00:00,AVAX,11.331881411215166
2026-04-06 22:54:00+00:00,BCH,135.33227302912923
2026-04-06 22:54:00+00:00,BTC,63062.78802031575
2026-04-06 22:54:00+00:00,CC,25.18821126973409
2026-04-06 22:54:00+00:00,ETH,72.90993338548584
2026-04-06 22:54:00+00:00,FARTCOIN,42.334304161192506
2026-04-06 22:54:00+00:00,SOL,71.56090154134796
2026-04-06 22:54:00+00:00,XPL,191.70220687630032
2026-04-06 22:55:00+00:00,AVAX,11.33029019025345
2026-04-06 22:55:00+00:00,BCH,135.1445748261104
2026-04-06 22:55:00+00:00,BTC,63078.88206646623
2026-04-06 22:55:00+00:00,CC,25.134968000802356
2026-04-06 22:55:00+00:00,ETH,72.89062705938925
2026-04-06 22:55:00+00:00,FARTCOIN,42.336022832699584
2026-04-06 22:55:00+00:00,SOL,71.4645894978375
2026-04-06 22:55:00+00:00,XPL,192.47125576535709
2026-04-06 22:56:00+00:00,AVAX,11.327800523705994
2026-04-06 22:56:00+00:00,BCH,135.05357613774603
2026-04-06 22:56:00+00:00,BTC,63103.44047050087
2026-04-06 22:56:00+00:00,CC,25.145927779278644
2026-04-06 22:56:00+00:00,ETH,72.81883988244913
2026-04-06 22:56:00+00:00,FARTCOIN,42.31159311823974
2026-04-06 22:56:00+00:00,SOL,71.56017876915713
2026-04-06 22:56:00+00:00,XPL,192.58351203030824
2026-04-06 22:57:00+00:00,AVAX,11.310178829320794
2026-04-06 22:57:00+00:00,BCH,134.91723203401457
2026-04-06 22:57:00+00:00,BTC,63111.27101779144
2026-04-06 22:57:00+00:00,CC,25.11672646304459
2026-04-06 22:57:00+00:00,ETH,72.8776541420157
2026-04-06 22:57:00+00:00,FARTCOIN,42.37608681907847
2026-04-06 22:57:00+00:00,SOL,71.66512662190736
2026-04-06 22:57:00+00:00,XPL,192.26963353147602
2026-04-06 22:58:00+00:00,AVAX,11.309302850280806
2026-04-06 22:58:00+00:00,BCH,134.69235254064546
2026-04-06 22:58:00+00:00,BTC,63124.13831873796
2026-04-06 22:58:00+00:00,CC,25.08181361384691
2026-04-06 22:58:00+00:00,ETH,72.9396897681671
2026-04-06 22:58:00+00:00,FARTCOIN,42.35040043562424
2026-04-06 22:58:00+00:00,SOL,71.65371649925922
2026-04-06 22:58:00+00:00,XPL,192.47200704694117
2026-04-06 22:59:00+00:00,AVAX,11.330889506252188
2026-04-06 22:59:00+00:00,BCH,134.67716582263608
2026-04-06 22:59:00+00:00,BTC,63189.28622845378
2026-04-06 22:59:00+00:00,CC,25.08357295533077
2026-04-06 22:59:00+00:00,ETH,73.05909160791322
2026-04-06 22:59:00+00:00,FARTCOIN,42.34429352300296
2026-04-06 22:59:00+00:00,SOL,71.73540744445968
2026-04-06 22:59:00+00:00,XPL,192.30160216350797
2026-04-06 23:00:00+00:00,AVAX,11.345271189525068
2026-04-06 23:00:00+00:00,BCH,134.66401088591718
2026-04-06 23:00:00+00:00,BTC,63243.540051444485
2026-04-06 23:00:00+00:00,CC,25.124884317433725
2026-04-06 23:00:00+00:00,ETH,73.01109507379165
2026-04-06 23:00:00+00:00,FARTCOIN,42.27075661461562
2026-04-06 23:00:00+00:00,SOL,71.86009631096613
2026-04-06 23:00:00+00:00,XPL,192.5445398291191
2026-04-06 23:01:00+00:00,AVAX,11.326140824321445
2026-04-06 23:01:00+00:00,BCH,134.37851505617104
2026-04-06 23:01:00+00:00,BTC,63116.74143915131
2026-04-06 23:01:00+00:00,CC,25.132880402002407
2026-04-06 23:01:00+00:00,ETH,72.9062628555475
2026-04-06 23:01:00+00:00,FARTCOIN,42.21762446639438
2026-04-06 23:01:00+00:00,SOL,71.7074834592706
2026-04-06 23:01:00+00:00,XPL,192.41855249489797
2026-04-06 23:02:00+00:00,AVAX,11.313866353876506
2026-04-06 23:02:00+00:00,BCH,134.55799560556238
2026-04-06 23:02:00+00:00,BTC,63102.71801622834
2026-04-06 23:02:00+00:00,CC,25.110205434829638
2026-04-06 23:02:00+00:00,ETH,72.93685381562322
2026-04-06 23:02:00+00:00,FARTCOIN,42.24190024013533
2026-04-06 23:02:00+00:00,SOL,71.749955612932
2026-04-06 23:02:00+00:00,XPL,192.30848278233435
2026-04-06 23:03:00+00:00,AVAX,11.315068157972997
2026-04-06 23:03:00+00:00,BCH,134.51250569862873
2026-04-06 23:03:00+00:00,BTC,63095.4454861832
2026-04-06 23:03:00+00:00,CC,25.13087938014275
2026-04-06 23:03:00+00:00,ETH,72.86205539343243
2026-04-06 23:03:00+00:00,FARTCOIN,42.25718068212606
2026-04-06 23:03:00+00:00,SOL,71.6996047277272
2026-04-06 23:03:00+00:00,XPL,192.67574738953294
2026-04-06 23:04:00+00:00,AVAX,11.313586362214748
2026-04-06 23:04:00+00:00,BCH,134.35208550776775
2026-04-06 23:04:00+00:00,BTC,63018.108313712575
2026-04-06 23:04:00+00:00,CC,25.057159632978287
2026-04-06 23:04:00+00:00,ETH,72.78673729784775
2026-04-06 23:04:00+00:00,FARTCOIN,42.2772206853908
2026-04-06 23:04:00+00:00,SOL,71.59411615706864
2026-04-06 23:04:00+00:00,XPL,192.75946156888185
2026-04-06 23:05:00+00:00,AVAX,11.318607158673993
2026-04-06 23:05:00+00:00,BCH,134.42120979781944
2026-04-06 23:05:00+00:00,BTC,63022.2631173858
2026-04-06 23:05:00+00:00,CC,25.034859936421245
2026-04-06 23:05:00+00:00,ETH,72.78319987114085
2026-04-06 23:05:00+00:00,FARTCOIN,42.305740552048235
2026-04-06 23:05:00+00:00,SOL,71.54663895415557
2026-04-06 23:05:00+00:00,XPL,192.98720115546695
2026-04-06 23:06:00+00:00,AVAX,11.328720010857268
2026-04-06 23:06:00+00:00,BCH,134.49239453628982
2026-04-06 23:06:00+00:00,BTC,63077.376880817494
2026-04-06 23:06:00+00:00,CC,25.01449376030856
2026-04-06 23:06:00+00:00,ETH,72.95815838671857
2026-04-06 23:06:00+00:00,FARTCOIN,42.41927551881899
2026-04-06 23:06:00+00:00,SOL,71.62190217353411
2026-04-06 23:06:00+00:00,XPL,193.1217079229081
2026-04-06 23:07:00+00:00,AVAX,11.313280775211291
2026-04-06 23:07:00+00:00,BCH,134.45388543535597
2026-04-06 23:07:00+00:00,BTC,63029.418626323604
2026-04-06 23:07:00+00:00,CC,25.01303959323136
2026-04-06 23:07:00+00:00,ETH,73.03740028296981
2026-04-06 23:07:00+00:00,FARTCOIN,42.37477771966075
2026-04-06 23:07:00+00:00,SOL,71.65024600818624
2026-04-06 23:07:00+00:00,XPL,192.98937744091873
2026-04-06 23:08:00+00:00,AVAX,11.324380270711323
2026-04-06 23:08:00+00:00,BCH,134.5147680958317
2026-04-06 23:08:00+00:00,BTC,63044.26258290102
2026-04-06 23:08:00+00:00,CC,25.00813007984658
2026-04-06 23:08:00+00:00,ETH,72.94267658373897
2026-04-06 23:08:00+00:00,FARTCOIN,42.29450227606413
2026-04-06 23:08:00+00:00,SOL,71.65271489748825
2026-04-06 23:08:00+00:00,XPL,193.14010721608145
2026-04-06 23:09:00+00:00,AVAX,11.28635324362655
2026-04-06 23:09:00+00:00,BCH,134.45632266105346
2026-04-06 23:09:00+00:00,BTC,63003.85934401933
2026-04-06 23:09:00+00:00,CC,25.000679252417523
2026-04-06 23:09:00+00:00,ETH,73.06675678197506
2026-04-06 23:09:00+00:00,FARTCOIN,42.235801108865545
2026-04-06 23:09:00+00:00,SOL,71.53179280214287
2026-04-06 23:09:00+00:00,XPL,193.39577035438413
2026-04-06 23:10:00+00:00,AVAX,11.2857299548685
2026-04-06 23:10:00+00:00,BCH,134.737634527042
2026-04-06 23:10:00+00:00,BTC,62974.23317628587
2026-04-06 23:10:00+00:00,CC,24.993086921193363
2026-04-06 23:10:00+00:00,ETH,72.97741494264221
2026-04-06 23:10:00+00:00,FARTCOIN,42.1961835185857
2026-04-06 23:10:00+00:00,SOL,71.43355962308154
2026-04-06 23:10:00+00:00,XPL,193.40884782570154
2026-04-06 23:11:00+00:00,AVAX,11.321815398531353
2026-04-06 23:11:00+00:00,BCH,134.96675677681765
2026-04-06 23:11:00+00:00,BTC,63039.39327581703
2026-04-06 23:11:00+00:00,CC,24.998929083091134
2026-04-06 23:11:00+00:00,ETH,73.10608929013405
2026-04-06 23:11:00+00:00,FARTCOIN,42.15559525026346
2026-04-06 23:11:00+00:00,SOL,71.5217765415303
2026-04-06 23:11:00+00:00,XPL,193.8675389708782
2026-04-06 23:12:00+00:00,AVAX,11.302806671206088
2026-04-06 23:12:00+00:00,BCH,134.79190305654302
2026-04-06 23:12:00+00:00,BTC,63015.45606061007
2026-04-06 23:12:00+00:00,CC,25.013237540204333
2026-04-06 23:12:00+00:00,ETH,73.1463545086378
2026-04-06 23:12:00+00:00,FARTCOIN,42.15713121408456
2026-04-06 23:12:00+00:00,SOL,71.61745672170191
2026-04-06 23:12:00+00:00,XPL,194.05075791830143
2026-04-06 23:13:00+00:00,AVAX,11.303459810572404
2026-04-06 23:13:00+00:00,BCH,134.87391063902143
2026-04-06 23:13:00+00:00,BTC,63035.84793086851
2026-04-06 23:13:00+00:00,CC,25.01933918751433
2026-04-06 23:13:00+00:00,ETH,73.10093706466625
2026-04-06 23:13:00+00:00,FARTCOIN,42.223281040565496
2026-04-06 23:13:00+00:00,SOL,71.66254471083428
2026-04-06 23:13:00+00:00,XPL,194.11268722332204
2026-04-06 23:14:00+00:00,AVAX,11.290801437244507
2026-04-06 23:14:00+00:00,BCH,134.62786395452812
2026-04-06 23:14:00+00:00,BTC,62953.33430858403
2026-04-06 23:14:00+00:00,CC,25.00425225497428
2026-04-06 23:14:00+00:00,ETH,73.05201720530091
2026-04-06 23:14:00+00:00,FARTCOIN,42.29028424106364
2026-04-06 23:14:00+00:00,SOL,71.55788055496492
2026-04-06 23:14:00+00:00,XPL,194.12041564400704
2026-04-06 23:15:00+00:00,AVAX,11.29861460108691
2026-04-06 23:15:00+00:00,BCH,134.83126576466213
2026-04-06 23:15:00+00:00,BTC,63035.45519428466
2026-04-06 23:15:00+00:00,CC,25.022832873698995
2026-04-06 23:15:00+00:00,ETH,73.12593197515896
2026-04-06 23:15:00+00:00,FARTCOIN,42.326919031037704
2026-04-06 23:15:00+00:00,SOL,71.68663187663172
2026-04-06 23:15:00+00:00,XPL,194.20301378624995
2026-04-06 23:16:00+00:00,AVAX,11.313214096114967
2026-04-06 23:16:00+00:00,BCH,134.71278896743283
2026-04-06 23:16:00+00:00,BTC,63062.052733959354
2026-04-06 23:16:00+00:00,CC,25.049764908401944
2026-04-06 23:16:00+00:00,ETH,73.188662540124
2026-04-06 23:16:00+00:00,FARTCOIN,42.4393995467334
2026-04-06 23:16:00+00:00,SOL,71.69688590827698
2026-04-06 23:16:00+00:00,XPL,193.92800065215286
2026-04-06 23:17:00+00:00,AVAX,11.316796636185595
2026-04-06 23:17:00+00:00,BCH,134.56393430315748
2026-04-06 23:17:00+00:00,BTC,63053.99707823407
2026-04-06 23:17:00+00:00,CC,25.032416915919683
2026-04-06 23:17:00+00:00,ETH,73.19590986945013
2026-04-06 23:17:00+00:00,FARTCOIN,42.420170468383134
2026-04-06 23:17:00+00:00,SOL,71.66469807194767
2026-04-06 23:17:00+00:00,XPL,193.9020865025694
2026-04-06 23:18:00+00:00,AVAX,11.322224573565553
2026-04-06 23:18:00+00:00,BCH,134.65169415013307
2026-04-06 23:18:00+00:00,BTC,63079.40555177773
2026-04-06 23:18:00+00:00,CC,25.032649549123462
2026-04-06 23:18:00+00:00,ETH,73.29986000617947
2026-04-06 23:18:00+00:00,FARTCOIN,42.34056124869938
2026-04-06 23:18:00+00:00,SOL,71.62743043951352
2026-04-06 23:18:00+00:00,XPL,193.96918828941907
2026-04-06 23:19:00+00:00,AVAX,11.320851302091057
2026-04-06 23:19:00+00:00,BCH,134.65964686582612
2026-04-06 23:19:00+00:00,BTC,63017.18485874787
2026-04-06 23:19:00+00:00,CC,25.062629394745134
2026-04-06 23:19:00+00:00,ETH,73.24336884197034
2026-04-06 23:19:00+00:00,FARTCOIN,42.385738958216216
2026-04-06 23:19:00+00:00,SOL,71.65814810164169
2026-04-06 23:19:00+00:00,XPL,193.83410150468663
2026-04-06 23:20:00+00:00,AVAX,11.32899031201541
2026-04-06 23:20:00+00:00,BCH,134.815401500394
2026-04-06 23:20:00+00:00,BTC,63069.37028542094
2026-04-06 23:20:00+00:00,CC,25.033629712862076
2026-04-06 23:20:00+00:00,ETH,73.28384838614906
2026-04-06 23:20:00+00:00,FARTCOIN,42.29932808326946
2026-04-06 23:20:00+00:00,SOL,71.54489733325474
2026-04-06 23:20:00+00:00,XPL,193.9447671393727
2026-04-06 23:21:00+00:00,AVAX,11.35926899101904
2026-04-06 23:21:00+00:00,BCH,134.89306872625102
2026-04-06 23:21:00+00:00,BTC,63055.068446193756
2026-04-06 23:21:00+00:00,CC,25.086764447081123
2026-04-06 23:21:00+00:00,ETH,73.3420359025532
2026-04-06 23:21:00+00:00,FARTCOIN,42.259105267485296
2026-04-06 23:21:00+00:00,SOL,71.5824899080246
2026-04-06 23:21:00+00:00,XPL,193.94092922759543
2026-04-06 23:22:00+00:00,AVAX,11.359437005832905
2026-04-06 23:22:00+00:00,BCH,134.92207592386472
2026-04-06 23:22:00+00:00,BTC,63046.06175743838
2026-04-06 23:22:00+00:00,CC,25.04576718224438
2026-04-06 23:22:00+00:00,ETH,73.37144718783819
2026-04-06 23:22:00+00:00,FARTCOIN,42.28428080535556
2026-04-06 23:22:00+00:00,SOL,71.54393223725819
2026-04-06 23:22:00+00:00,XPL,194.11552756165116
2026-04-06 23:23:00+00:00,AVAX,11.358110514578454
2026-04-06 23:23:00+00:00,BCH,134.90355393217078
2026-04-06 23:23:00+00:00,BTC,63024.36762558197
2026-04-06 23:23:00+00:00,CC,25.033666255619636
2026-04-06 23:23:00+00:00,ETH,73.39831316937386
2026-04-06 23:23:00+00:00,FARTCOIN,42.27617612689795
2026-04-06 23:23:00+00:00,SOL,71.49659714189987
2026-04-06 23:23:00+00:00,XPL,194.2566820313936
2026-04-06 23:24:00+00:00,AVAX,11.336721676123824
2026-04-06 23:24:00+00:00,BCH,134.79583444716536
2026-04-06 23:24:00+00:00,BTC,62998.75619966493
2026-04-06 23:24:00+00:00,CC,25.003105820705215
2026-04-06 23:24:00+00:00,ETH,73.32908604384619
2026-04-06 23:24:00+00:00,FARTCOIN,42.26305417965797
2026-04-06 23:24:00+00:00,SOL,71.58084084549373
2026-04-06 23:24:00+00:00,XPL,194.2798568272149
2026-04-06 23:25:00+00:00,AVAX,11.335862654067556
2026-04-06 23:25:00+00:00,BCH,134.95026820680985
2026-04-06 23:25:00+00:00,BTC,63029.39801830168
2026-04-06 23:25:00+00:00,CC,25.071276198063497
2026-04-06 23:25:00+00:00,ETH,73.29042193144768
2026-04-06 23:25:00+00:00,FARTCOIN,42.20731666046565
2026-04-06 23:25:00+00:00,SOL,71.5644228733305
2026-04-06 23:25:00+00:00,XPL,193.980236265363
2026-04-06 23:26:00+00:00,AVAX,11.349302529529865
2026-04-06 23:26:00+00:00,BCH,135.09537126072934
2026-04-06 23:26:00+00:00,BTC,63040.68978794349
2026-04-06 23:26:00+00:00,CC,25.057034918812526
2026-04-06 23:26:00+00:00,ETH,73.26413844460988
2026-04-06 23:26:00+00:00,FARTCOIN,42.20828170345633
2026-04-06 23:26:00+00:00,SOL,71.53152528264998
2026-04-06 23:26:00+00:00,XPL,194.40448703162147
2026-04-06 23:27:00+00:00,AVAX,11.340066583863626
2026-04-06 23:27:00+00:00,BCH,135.1400933410286
2026-04-06 23:27:00+00:00,BTC,63069.45700626934
2026-04-06 23:27:00+00:00,CC,25.04426498333363
2026-04-06 23:27:00+00:00,ETH,73.25161507632212
2026-04-06 23:27:00+00:00,FARTCOIN,42.26300387246236
2026-04-06 23:27:00+00:00,SOL,71.55087255020575
2026-04-06 23:27:00+00:00,XPL,194.3891249293049
2026-04-06 23:28:00+00:00,AVAX,11.318008566120195
2026-04-06 23:28:00+00:00,BCH,135.12516574244293
2026-04-06 23:28:00+00:00,BTC,63069.06873406123
2026-04-06 23:28:00+00:00,CC,25.033094483727872
2026-04-06 23:28:00+00:00,ETH,73.30308116330083
2026-04-06 23:28:00+00:00,FARTCOIN,42.263964531741586
2026-04-06 23:28:00+00:00,SOL,71.57715298850692
2026-04-06 23:28:00+00:00,XPL,194.37001838913702
2026-04-06 23:29:00+00:00,AVAX,11.32179436915995
2026-04-06 23:29:00+00:00,BCH,135.3601659250556
2026-04-06 23:29:00+00:00,BTC,63091.72972809517
2026-04-06 23:29:00+00:00,CC,25.03776537749965
2026-04-06 23:29:00+00:00,ETH,73.38990429620301
2026-04-06 23:29:00+00:00,FARTCOIN,42.22491280033279
2026-04-06 23:29:00+00:00,SOL,71.5705455543911
2026-04-06 23:29:00+00:00,XPL,194.3041037196882
2026-04-06 23:30:00+00:00,AVAX,11.332945654917264
2026-04-06 23:30:00+00:00,BCH,135.3239491209207
2026-04-06 23:30:00+00:00,BTC,63073.23431537672
2026-04-06 23:30:00+00:00,CC,25.02643162051842
2026-04-06 23:30:00+00:00,ETH,73.36137348082865
2026-04-06 23:30:00+00:00,FARTCOIN,42.15927520678669
2026-04-06 23:30:00+00:00,SOL,71.45143058436747
2026-04-06 23:30:00+00:00,XPL,194.17886986415095
2026-04-06 23:31:00+00:00,AVAX,11.348423799526879
2026-04-06 23:31:00+00:00,BCH,135.51283170789273
2026-04-06 23:31:00+00:00,BTC,63171.75666204586
2026-04-06 23:31:00+00:00,CC,25.030253405670603
2026-04-06 23:31:00+00:00,ETH,73.5534290371189
2026-04-06 23:31:00+00:00,FARTCOIN,42.13148660698755
2026-04-06 23:31:00+00:00,SOL,71.49056539191108
2026-04-06 23:31:00+00:00,XPL,194.59972877567503
2026-04-06 23:32:00+00:00,AVAX,11.334412264835285
2026-04-06 23:32:00+00:00,BCH,135.44548294994178
2026-04-06 23:32:00+00:00,BTC,63102.46045396266
2026-04-06 23:32:00+00:00,CC,24.919002555823976
2026-04-06 23:32:00+00:00,ETH,73.57540301173145
2026-04-06 23:32:00+00:00,FARTCOIN,42.14207516890769
2026-04-06 23:32:00+00:00,SOL,71.50631520219561
2026-04-06 23:32:00+00:00,XPL,194.880883666384
2026-04-06 23:33:00+00:00,AVAX,11.323962433475277
2026-04-06 23:33:00+00:00,BCH,135.5352089999129
2026-04-06 23:33:00+00:00,BTC,63158.18281550341
2026-04-06 23:33:00+00:00,CC,24.925111525891715
2026-04-06 23:33:00+00:00,ETH,73.64675545692776
2026-04-06 23:33:00+00:00,FARTCOIN,42.16689800371094
2026-04-06 23:33:00+00:00,SOL,71.56479958159474
2026-04-06 23:33:00+00:00,XPL,195.01925986671938
2026-04-06 23:34:00+00:00,AVAX,11.3377966838216
2026-04-06 23:34:00+00:00,BCH,135.54545566506485
2026-04-06 23:34:00+00:00,BTC,63218.687962978285
2026-04-06 23:34:00+00:00,CC,24.93041802352102
2026-04-06 23:34:00+00:00,ETH,73.65222042118104
2026-04-06 23:34:00+00:00,FARTCOIN,42.13447984817355
2026-04-06 23:34:00+00:00,SOL,71.65215356897372
2026-04-06 23:34:00+00:00,XPL,195.03145028884956
2026-04-06 23:35:00+00:00,AVAX,11.338795736344496
2026-04-06 23:35:00+00:00,BCH,135.52283969564968
2026-04-06 23:35:00+00:00,BTC,63180.98855500056
2026-04-06 23:35:00+00:00,CC,24.958529951923826
2026-04-06 23:35:00+00:00,ETH,73.71933375352596
2026-04-06 23:35:00+00:00,FARTCOIN,42.0178358284385
2026-04-06 23:35:00+00:00,SOL,71.59898493896885
2026-04-06 23:35:00+00:00,XPL,195.15311750986754
2026-04-06 23:36:00+00:00,AVAX,11.335653721453944
2026-04-06 23:36:00+00:00,BCH,135.69798571173263
2026-04-06 23:36:00+00:00,BTC,63279.6589194436
2026-04-06 23:36:00+00:00,CC,25.00557042512791
2026-04-06 23:36:00+00:00,ETH,73.81312766421989
2026-04-06 23:36:00+00:00,FARTCOIN,42.052141153237564
2026-04-06 23:36:00+00:00,SOL,71.65147691041945
2026-04-06 23:36:00+00:00,XPL,195.23132218590595
2026-04-06 23:37:00+00:00,AVAX,11.353957380497373
2026-04-06 23:37:00+00:00,BCH,136.00369636801224
2026-04-06 23:37:00+00:00,BTC,63323.77028690546
2026-04-06 23:37:00+00:00,CC,25.003423013094903
2026-04-06 23:37:00+00:00,ETH,73.8652481896187
2026-04-06 23:37:00+00:00,FARTCOIN,42.01271977019339
2026-04-06 23:37:00+00:00,SOL,71.80225599695947
2026-04-06 23:37:00+00:00,XPL,195.21396711489805
2026-04-06 23:38:00+00:00,AVAX,11.36835143498474
2026-04-06 23:38:00+00:00,BCH,136.17890455788304
2026-04-06 23:38:00+00:00,BTC,63366.832250319756
2026-04-06 23:38:00+00:00,CC,25.03132825055245
2026-04-06 23:38:00+00:00,ETH,73.88535580455985
2026-04-06 23:38:00+00:00,FARTCOIN,42.05319054372931
2026-04-06 23:38:00+00:00,SOL,71.8315899805395
2026-04-06 23:38:00+00:00,XPL,195.3197405439651
2026-04-06 23:39:00+00:00,AVAX,11.38013239086351
2026-04-06 23:39:00+00:00,BCH,136.1082105391694
2026-04-06 23:39:00+00:00,BTC,63368.07523656783
2026-04-06 23:39:00+00:00,CC,24.998359705804916
2026-04-06 23:39:00+00:00,ETH,73.82744219170633
2026-04-06 23:39:00+00:00,FARTCOIN,42.01521649106135
2026-04-06 23:39:00+00:00,SOL,71.80412972622293
2026-04-06 23:39:00+00:00,XPL,195.21713358464515
2026-04-06 23:40:00+00:00,AVAX,11.384638939295003
2026-04-06 23:40:00+00:00,BCH,136.17994548298716
2026-04-06 23:40:00+00:00,BTC,63358.44032664431
2026-04-06 23:40:00+00:00,CC,25.020628136440102
2026-04-06 23:40:00+00:00,ETH,73.72039440689454
2026-04-06 23:40:00+00:00,FARTCOIN,41.964161561708465
2026-04-06 23:40:00+00:00,SOL,71.86571226047909
2026-04-06 23:40:00+00:00,XPL,195.27029951331974
2026-04-06 23:41:00+00:00,AVAX,11.389919404865172
2026-04-06 23:41:00+00:00,BCH,136.20071192034456
2026-04-06 23:41:00+00:00,BTC,63349.153535648235
2026-04-06 23:41:00+00:00,CC,25.002712573000103
2026-04-06 23:41:00+00:00,ETH,73.75320604655984
2026-04-06 23:41:00+00:00,FARTCOIN,41.9706450660873
2026-04-06 23:41:00+00:00,SOL,71.81005783197217
2026-04-06 23:41:00+00:00,XPL,195.312433210447
2026-04-06 23:42:00+00:00,AVAX,11.397906702956039
2026-04-06 23:42:00+00:00,BCH,136.3930062270992
2026-04-06 23:42:00+00:00,BTC,63366.473750860896
2026-04-06 23:42:00+00:00,CC,24.96855814728827
2026-04-06 23:42:00+00:00,ETH,73.71835149529352
2026-04-06 23:42:00+00:00,FARTCOIN,42.09185947201198
2026-04-06 23:42:00+00:00,SOL,71.78831065587259
2026-04-06 23:42:00+00:00,XPL,195.46448401455208
2026-04-06 23:43:00+00:00,AVAX,11.416332972365508
2026-04-06 23:43:00+00:00,BCH,136.44234809688078
2026-04-06 23:43:00+00:00,BTC,63428.65600431974
2026-04-06 23:43:00+00:00,CC,24.967895482175795
2026-04-06 23:43:00+00:00,ETH,73.98327504757938
2026-04-06 23:43:00+00:00,FARTCOIN,42.137975389077674
2026-04-06 23:43:00+00:00,SOL,71.84884853312263
2026-04-06 23:43:00+00:00,XPL,195.35763358823178
2026-04-06 23:44:00+00:00,AVAX,11.398890736866193
2026-04-06 23:44:00+00:00,BCH,136.48024210096932
2026-04-06 23:44:00+00:00,BTC,63436.70687722453
2026-04-06 23:44:00+00:00,CC,25.010525838931798
2026-04-06 23:44:00+00:00,ETH,73.91896831985683
2026-04-06 23:44:00+00:00,FARTCOIN,42.1459337770534
2026-04-06 23:44:00+00:00,SOL,71.85661761370888
2026-04-06 23:44:00+00:00,XPL,195.5291444569248
2026-04-06 23:45:00+00:00,AVAX,11.377330061556417
2026-04-06 23:45:00+00:00,BCH,136.39408295801724
2026-04-06 23:45:00+00:00,BTC,63396.24649830178
2026-04-06 23:45:00+00:00,CC,25.012766995923084
2026-04-06 23:45:00+00:00,ETH,73.79533493465424
2026-04-06 23:45:00+00:00,FARTCOIN,42.158706761933125
2026-04-06 23:45:00+00:00,SOL,71.8344418630106
2026-04-06 23:45:00+00:00,XPL,195.29168645891002
2026-04-06 23:46:00+00:00,AVAX,11.37537477365056
2026-04-06 23:46:00+00:00,BCH,136.46818765332546
2026-04-06 23:46:00+00:00,BTC,63432.84296406375
2026-04-06 23:46:00+00:00,CC,25.06061724669301
2026-04-06 23:46:00+00:00,ETH,73.86544862143623
2026-04-06 23:46:00+00:00,FARTCOIN,42.07506605416289
2026-04-06 23:46:00+00:00,SOL,72.00511002066493
2026-04-06 23:46:00+00:00,XPL,195.18007787982665
2026-04-06 23:47:00+00:00,AVAX,11.380281422569988
2026-04-06 23:47:00+00:00,BCH,136.4342666480156
2026-04-06 23:47:00+00:00,BTC,63473.75800121668
2026-04-06 23:47:00+00:00,CC,25.041340064841197
2026-04-06 23:47:00+00:00,ETH,74.00773709764628
2026-04-06 23:47:00+00:00,FARTCOIN,42.02385623607106
2026-04-06 23:47:00+00:00,SOL,72.06639141473401
2026-04-06 23:47:00+00:00,XPL,195.08139071473093
2026-04-06 23:48:00+00:00,AVAX,11.388692800971954
2026-04-06 23:48:00+00:00,BCH,136.5581837712429
2026-04-06 23:48:00+00:00,BTC,63502.85225743606
2026-04-06 23:48:00+00:00,CC,25.07514547498679
2026-04-06 23:48:00+00:00,ETH,74.04087430780632
2026-04-06 23:48:00+00:00,FARTCOIN,41.901264285279986
2026-04-06 23:48:00+00:00,SOL,71.94033327779673
2026-04-06 23:48:00+00:00,XPL,194.8484447494716
2026-04-06 23:49:00+00:00,AVAX,11.397075517707634
2026-04-06 23:49:00+00:00,BCH,136.6701718297763
2026-04-06 23:49:00+00:00,BTC,63535.99982054243
2026-04-06 23:49:00+00:00,CC,25.05814472050953
2026-04-06 23:49:00+00:00,ETH,74.11188318030999
2026-04-06 23:49:00+00:00,FARTCOIN,41.99271785586141
2026-04-06 23:49:00+00:00,SOL,71.99339018919811
2026-04-06 23:49:00+00:00,XPL,195.10643195351807
2026-04-06 23:50:00+00:00,AVAX,11.406700911272116
2026-04-06 23:50:00+00:00,BCH,136.80629459539148
2026-04-06 23:50:00+00:00,BTC,63523.951380329665
2026-04-06 23:50:00+00:00,CC,25.063970525900288
2026-04-06 23:50:00+00:00,ETH,73.97709300805876
2026-04-06 23:50:00+00:00,FARTCOIN,42.068159669619504
2026-04-06 23:50:00+00:00,SOL,71.98423967349419
2026-04-06 23:50:00+00:00,XPL,194.87229013945046
2026-04-06 23:51:00+00:00,AVAX,11.412187681144902
2026-04-06 23:51:00+00:00,BCH,136.72946225726267
2026-04-06 23:51:00+00:00,BTC,63482.65566505022
2026-04-06 23:51:00+00:00,CC,25.06722807401531
2026-04-06 23:51:00+00:00,ETH,73.8911439436276
2026-04-06 23:51:00+00:00,FARTCOIN,42.08252098234103
2026-04-06 23:51:00+00:00,SOL,71.94727492850586
2026-04-06 23:51:00+00:00,XPL,194.68359744573883
2026-04-06 23:52:00+00:00,AVAX,11.397341853589078
2026-04-06 23:52:00+00:00,BCH,136.60820548708963
2026-04-06 23:52:00+00:00,BTC,63444.08672886565
2026-04-06 23:52:00+00:00,CC,25.084085007971094
2026-04-06 23:52:00+00:00,ETH,73.78165718940222
2026-04-06 23:52:00+00:00,FARTCOIN,42.08422919044582
2026-04-06 23:52:00+00:00,SOL,71.92603760823596
2026-04-06 23:52:00+00:00,XPL,194.95340976419817
2026-04-06 23:53:00+00:00,AVAX,11.388701589879583
2026-04-06 23:53:00+00:00,BCH,136.57231835021716
2026-04-06 23:53:00+00:00,BTC,63371.4959581082
2026-04-06 23:53:00+00:00,CC,25.085889217801736
2026-04-06 23:53:00+00:00,ETH,73.58428701119392
2026-04-06 23:53:00+00:00,FARTCOIN,41.996328344660554
2026-04-06 23:53:00+00:00,SOL,71.85422576427922
2026-04-06 23:53:00+00:00,XPL,194.7753691801374
2026-04-06 23:54:00+00:00,AVAX,11.38161929201546
2026-04-06 23:54:00+00:00,BCH,136.4939756981988
2026-04-06 23:54:00+00:00,BTC,63382.007881444275
2026-04-06 23:54:00+00:00,CC,25.06447880734141
2026-04-06 23:54:00+00:00,ETH,73.60241059743332
2026-04-06 23:54:00+00:00,FARTCOIN,41.986670839526944
2026-04-06 23:54:00+00:00,SOL,71.86095404480155
2026-04-06 23:54:00+00:00,XPL,194.73785936473197
2026-04-06 23:55:00+00:00,AVAX,11.37912614414953
2026-04-06 23:55:00+00:00,BCH,136.6205416069911
2026-04-06 23:55:00+00:00,BTC,63378.30558357331
2026-04-06 23:55:00+00:00,CC,25.090676987285683
2026-04-06 23:55:00+00:00,ETH,73.45034362749423
2026-04-06 23:55:00+00:00,FARTCOIN,42.07658433440149
2026-04-06 23:55:00+00:00,SOL,71.89704360975502
2026-04-06 23:55:00+00:00,XPL,194.4992341631685
2026-04-06 23:56:00+00:00,AVAX,11.37944271069826
2026-04-06 23:56:00+00:00,BCH,136.71795467502707
2026-04-06 23:56:00+00:00,BTC,63358.78861662301
2026-04-06 23:56:00+00:00,CC,25.141320609765543
2026-04-06 23:56:00+00:00,ETH,73.34378805738872
2026-04-06 23:56:00+00:00,FARTCOIN,42.08062812713584
2026-04-06 23:56:00+00:00,SOL,71.84316508163592
2026-04-06 23:56:00+00:00,XPL,194.68174897240087
2026-04-06 23:57:00+00:00,AVAX,11.324652906756011
2026-04-06 23:57:00+00:00,BCH,136.63225362128475
2026-04-06 23:57:00+00:00,BTC,63227.839026483336
2026-04-06 23:57:00+00:00,CC,25.113319964653662
2026-04-06 23:57:00+00:00,ETH,73.17953053246364
2026-04-06 23:57:00+00:00,FARTCOIN,42.03472796345783
2026-04-06 23:57:00+00:00,SOL,71.65579064443453
2026-04-06 23:57:00+00:00,XPL,194.79904049665558
2026-04-06 23:58:00+00:00,AVAX,11.340835674607133
2026-04-06 23:58:00+00:00,BCH,136.5771755288984
2026-04-06 23:58:00+00:00,BTC,63172.6574883706
2026-04-06 23:58:00+00:00,CC,25.053698925441058
2026-04-06 23:58:00+00:00,ETH,73.07055148890392
2026-04-06 23:58:00+00:00,FARTCOIN,41.93881723265403
2026-04-06 23:58:00+00:00,SOL,71.79775577185053
2026-04-06 23:58:00+00:00,XPL,194.93780836907248
2026-04-06 23:59:00+00:00,AVAX,11.354187927050933
2026-04-06 23:59:00+00:00,BCH,136.60846258428933
2026-04-06 23:59:00+00:00,BTC,63222.241475137926
2026-04-06 23:59:00+00:00,CC,25.072649219859223
2026-04-06 23:59:00+00:00,ETH,73.14538976071364
2026-04-06 23:59:00+00:00,FARTCOIN,42.01493323172159
2026-04-06 23:59:00+00:00,SOL,71.79938046490061
2026-04-06 23:59:00+00:00,XPL,195.09420212573534
